"record_type","run_id","run_number","run_attempt","event","workflow_name","workflow_id","workflow_path","run_status","run_conclusion","run_terminal","head_branch","ref_name","head_sha","source_sha","source_sha_basis","observed_pull_request_head_sha","merge_sha","merge_ref","merge_sha_basis","referenced_workflows_json","referenced_workflow_evidence_issues_json","run_created_at","run_started_at","run_updated_at","run_api_completed_at","jobs_expected","jobs_observed","jobs_complete","malformed_job_entries","attempt_match","executed_timing_complete","attempt_freshness_state","completion_state","all_jobs_completed_at","run_lifetime_ms","run_lifetime_state","attempt_wall_ms","fresh_attempt_wall_ms","execution_sum_ms","execution_partial_sum_ms","fresh_execution_partial_sum_ms","stale_execution_partial_sum_ms","fresh_execution_unknown_jobs","stale_execution_unknown_jobs","fresh_executed_jobs","stale_executed_jobs","freshness_unknown_jobs","execution_unknown_jobs","execution_unobserved_jobs","skipped_jobs","pre_start_ms","pre_start_state","max_job_duration_ms","max_job_name","critical_path_ms","critical_path_state","required_gate_completed_at","required_gate_state","job_id","job_attempt","job_name","job_status","job_conclusion","runner_name","runner_group_name","runner_id","job_started_at","job_completed_at","job_duration_ms","job_duration_state","job_freshness_state","step_count","timed_step_count","steps_json"
"job","35524310993","1211","1","pull_request","CI / PR · pull_request · 978/merge","347892207",".github/workflows/ci-pr.yml","completed","success","true","codex/ci-performance-next","unknown","ce75f7c322cbb427d4aea2138abdb9fc5e0f5ed9","unknown","unknown.pull_request_source_not_proven","ce75f7c322cbb427d4aea2138abdb9fc5e0f5ed9","unknown","unknown","unknown","[{""path"":""tailrocks/velnor/.github/workflows/ci-unit-bun.yml@8955c765dd607b54a9f0f8fdfe440ca4b95b5a88"",""sha"":""8955c765dd607b54a9f0f8fdfe440ca4b95b5a88"",""ref"":""refs/pull/978/merge""},{""path"":""tailrocks/velnor/.github/workflows/ci-unit-docker.yml@8955c765dd607b54a9f0f8fdfe440ca4b95b5a88"",""sha"":""8955c765dd607b54a9f0f8fdfe440ca4b95b5a88"",""ref"":""refs/pull/978/merge""},{""path"":""tailrocks/velnor/.github/workflows/ci-unit-docs.yml@8955c765dd607b54a9f0f8fdfe440ca4b95b5a88"",""sha"":""8955c765dd607b54a9f0f8fdfe440ca4b95b5a88"",""ref"":""refs/pull/978/merge""},{""path"":""tailrocks/velnor/.github/workflows/ci-unit-opentofu.yml@8955c765dd607b54a9f0f8fdfe440ca4b95b5a88"",""sha"":""8955c765dd607b54a9f0f8fdfe440ca4b95b5a88"",""ref"":""refs/pull/978/merge""},{""path"":""tailrocks/velnor/.github/workflows/ci-unit-rust.yml@8955c765dd607b54a9f0f8fdfe440ca4b95b5a88"",""sha"":""8955c765dd607b54a9f0f8fdfe440ca4b95b5a88"",""ref"":""refs/pull/978/merge""}]","[]","2026-09-20T16:57:13Z","2026-09-20T16:57:13Z","2026-09-20T17:06:21Z","unknown","68","68","true","0","true","true","complete_fresh","verified","2026-09-20T17:06:20Z","547000","observed_initial_attempt","547000","547000","1558000","1558000","1558000","unknown","0","0","20","0","0","0","0","48","0","unclassified","517000","Rust · velnor-runner · github-hosted — rust-velnor-runner / GitHub · hosted","unknown","not_computed_without_dependency_graph","2026-09-20T17:06:15Z","observed","106113703621","1","Control / Planning","completed","success","GitHub Actions 1000087406","GitHub Actions","1000087406","2026-09-20T16:57:17Z","2026-09-20T16:57:29Z","12000","observed","fresh","9","9","[{""number"":1,""name"":""Set up job"",""status"":""completed"",""conclusion"":""success"",""started_at"":""2026-09-20T16:57:18Z"",""completed_at"":""2026-09-20T16:57:19Z"",""duration_ms"":1000,""duration_state"":""observed""},{""number"":2,""name"":""Checkout"",""status"":""completed"",""conclusion"":""success"",""started_at"":""2026-09-20T16:57:19Z"",""completed_at"":""2026-09-20T16:57:23Z"",""duration_ms"":4000,""duration_state"":""observed""},{""number"":3,""name"":""Set up Velnor workflow runtime"",""status"":""completed"",""conclusion"":""success"",""started_at"":""2026-09-20T16:57:23Z"",""completed_at"":""2026-09-20T16:57:25Z"",""duration_ms"":2000,""duration_state"":""observed""},{""number"":4,""name"":""Set trusted workflow policy revision"",""status"":""completed"",""conclusion"":""success"",""started_at"":""2026-09-20T16:57:25Z"",""completed_at"":""2026-09-20T16:57:25Z"",""duration_ms"":0,""duration_state"":""observed""},{""number"":5,""name"":""Select affected units"",""status"":""completed"",""conclusion"":""success"",""started_at"":""2026-09-20T16:57:25Z"",""completed_at"":""2026-09-20T16:57:25Z"",""duration_ms"":0,""duration_state"":""observed""},{""number"":6,""name"":""Prepare Velnor workflow runtime"",""status"":""completed"",""conclusion"":""success"",""started_at"":""2026-09-20T16:57:25Z"",""completed_at"":""2026-09-20T16:57:25Z"",""duration_ms"":0,""duration_state"":""observed""},{""number"":7,""name"":""Publish Velnor workflow runtime"",""status"":""completed"",""conclusion"":""success"",""started_at"":""2026-09-20T16:57:25Z"",""completed_at"":""2026-09-20T16:57:27Z"",""duration_ms"":2000,""duration_state"":""observed""},{""number"":14,""name"":""Post Checkout"",""status"":""completed"",""conclusion"":""success"",""started_at"":""2026-09-20T16:57:27Z"",""completed_at"":""2026-09-20T16:57:27Z"",""duration_ms"":0,""duration_state"":""observed""},{""number"":15,""name"":""Complete job"",""status"":""completed"",""conclusion"":""success"",""started_at"":""2026-09-20T16:57:27Z"",""completed_at"":""2026-09-20T16:57:28Z"",""duration_ms"":1000,""duration_state"":""observed""}]"
"job","35524310993","1211","1","pull_request","CI / PR · pull_request · 978/merge","347892207",".github/workflows/ci-pr.yml","completed","success","true","codex/ci-performance-next","unknown","ce75f7c322cbb427d4aea2138abdb9fc5e0f5ed9","unknown","unknown.pull_request_source_not_proven","ce75f7c322cbb427d4aea2138abdb9fc5e0f5ed9","unknown","unknown","unknown","[{""path"":""tailrocks/velnor/.github/workflows/ci-unit-bun.yml@8955c765dd607b54a9f0f8fdfe440ca4b95b5a88"",""sha"":""8955c765dd607b54a9f0f8fdfe440ca4b95b5a88"",""ref"":""refs/pull/978/merge""},{""path"":""tailrocks/velnor/.github/workflows/ci-unit-docker.yml@8955c765dd607b54a9f0f8fdfe440ca4b95b5a88"",""sha"":""8955c765dd607b54a9f0f8fdfe440ca4b95b5a88"",""ref"":""refs/pull/978/merge""},{""path"":""tailrocks/velnor/.github/workflows/ci-unit-docs.yml@8955c765dd607b54a9f0f8fdfe440ca4b95b5a88"",""sha"":""8955c765dd607b54a9f0f8fdfe440ca4b95b5a88"",""ref"":""refs/pull/978/merge""},{""path"":""tailrocks/velnor/.github/workflows/ci-unit-opentofu.yml@8955c765dd607b54a9f0f8fdfe440ca4b95b5a88"",""sha"":""8955c765dd607b54a9f0f8fdfe440ca4b95b5a88"",""ref"":""refs/pull/978/merge""},{""path"":""tailrocks/velnor/.github/workflows/ci-unit-rust.yml@8955c765dd607b54a9f0f8fdfe440ca4b95b5a88"",""sha"":""8955c765dd607b54a9f0f8fdfe440ca4b95b5a88"",""ref"":""refs/pull/978/merge""}]","[]","2026-09-20T16:57:13Z","2026-09-20T16:57:13Z","2026-09-20T17:06:21Z","unknown","68","68","true","0","true","true","complete_fresh","verified","2026-09-20T17:06:20Z","547000","observed_initial_attempt","547000","547000","1558000","1558000","1558000","unknown","0","0","20","0","0","0","0","48","0","unclassified","517000","Rust · velnor-runner · github-hosted — rust-velnor-runner / GitHub · hosted","unknown","not_computed_without_dependency_graph","2026-09-20T17:06:15Z","observed","106113737272","1","Control / Prepare Cargo","completed","skipped","unknown","unknown","unknown","2026-09-20T16:57:29Z","2026-09-20T16:57:29Z","0","skipped","not_applicable_skipped","0","0","[]"
"job","35524310993","1211","1","pull_request","CI / PR · pull_request · 978/merge","347892207",".github/workflows/ci-pr.yml","completed","success","true","codex/ci-performance-next","unknown","ce75f7c322cbb427d4aea2138abdb9fc5e0f5ed9","unknown","unknown.pull_request_source_not_proven","ce75f7c322cbb427d4aea2138abdb9fc5e0f5ed9","unknown","unknown","unknown","[{""path"":""tailrocks/velnor/.github/workflows/ci-unit-bun.yml@8955c765dd607b54a9f0f8fdfe440ca4b95b5a88"",""sha"":""8955c765dd607b54a9f0f8fdfe440ca4b95b5a88"",""ref"":""refs/pull/978/merge""},{""path"":""tailrocks/velnor/.github/workflows/ci-unit-docker.yml@8955c765dd607b54a9f0f8fdfe440ca4b95b5a88"",""sha"":""8955c765dd607b54a9f0f8fdfe440ca4b95b5a88"",""ref"":""refs/pull/978/merge""},{""path"":""tailrocks/velnor/.github/workflows/ci-unit-docs.yml@8955c765dd607b54a9f0f8fdfe440ca4b95b5a88"",""sha"":""8955c765dd607b54a9f0f8fdfe440ca4b95b5a88"",""ref"":""refs/pull/978/merge""},{""path"":""tailrocks/velnor/.github/workflows/ci-unit-opentofu.yml@8955c765dd607b54a9f0f8fdfe440ca4b95b5a88"",""sha"":""8955c765dd607b54a9f0f8fdfe440ca4b95b5a88"",""ref"":""refs/pull/978/merge""},{""path"":""tailrocks/velnor/.github/workflows/ci-unit-rust.yml@8955c765dd607b54a9f0f8fdfe440ca4b95b5a88"",""sha"":""8955c765dd607b54a9f0f8fdfe440ca4b95b5a88"",""ref"":""refs/pull/978/merge""}]","[]","2026-09-20T16:57:13Z","2026-09-20T16:57:13Z","2026-09-20T17:06:21Z","unknown","68","68","true","0","true","true","complete_fresh","verified","2026-09-20T17:06:20Z","547000","observed_initial_attempt","547000","547000","1558000","1558000","1558000","unknown","0","0","20","0","0","0","0","48","0","unclassified","517000","Rust · velnor-runner · github-hosted — rust-velnor-runner / GitHub · hosted","unknown","not_computed_without_dependency_graph","2026-09-20T17:06:15Z","observed","106113737353","1","OpenTofu · OpenTofu · velnor — opentofu","completed","skipped","unknown","unknown","unknown","2026-09-20T16:57:30Z","2026-09-20T16:57:29Z","unknown","skipped","not_applicable_skipped","0","0","[]"
"job","35524310993","1211","1","pull_request","CI / PR · pull_request · 978/merge","347892207",".github/workflows/ci-pr.yml","completed","success","true","codex/ci-performance-next","unknown","ce75f7c322cbb427d4aea2138abdb9fc5e0f5ed9","unknown","unknown.pull_request_source_not_proven","ce75f7c322cbb427d4aea2138abdb9fc5e0f5ed9","unknown","unknown","unknown","[{""path"":""tailrocks/velnor/.github/workflows/ci-unit-bun.yml@8955c765dd607b54a9f0f8fdfe440ca4b95b5a88"",""sha"":""8955c765dd607b54a9f0f8fdfe440ca4b95b5a88"",""ref"":""refs/pull/978/merge""},{""path"":""tailrocks/velnor/.github/workflows/ci-unit-docker.yml@8955c765dd607b54a9f0f8fdfe440ca4b95b5a88"",""sha"":""8955c765dd607b54a9f0f8fdfe440ca4b95b5a88"",""ref"":""refs/pull/978/merge""},{""path"":""tailrocks/velnor/.github/workflows/ci-unit-docs.yml@8955c765dd607b54a9f0f8fdfe440ca4b95b5a88"",""sha"":""8955c765dd607b54a9f0f8fdfe440ca4b95b5a88"",""ref"":""refs/pull/978/merge""},{""path"":""tailrocks/velnor/.github/workflows/ci-unit-opentofu.yml@8955c765dd607b54a9f0f8fdfe440ca4b95b5a88"",""sha"":""8955c765dd607b54a9f0f8fdfe440ca4b95b5a88"",""ref"":""refs/pull/978/merge""},{""path"":""tailrocks/velnor/.github/workflows/ci-unit-rust.yml@8955c765dd607b54a9f0f8fdfe440ca4b95b5a88"",""sha"":""8955c765dd607b54a9f0f8fdfe440ca4b95b5a88"",""ref"":""refs/pull/978/merge""}]","[]","2026-09-20T16:57:13Z","2026-09-20T16:57:13Z","2026-09-20T17:06:21Z","unknown","68","68","true","0","true","true","complete_fresh","verified","2026-09-20T17:06:20Z","547000","observed_initial_attempt","547000","547000","1558000","1558000","1558000","unknown","0","0","20","0","0","0","0","48","0","unclassified","517000","Rust · velnor-runner · github-hosted — rust-velnor-runner / GitHub · hosted","unknown","not_computed_without_dependency_graph","2026-09-20T17:06:15Z","observed","106113737361","1","Documentation · Documentation · github-hosted — docs / GitHub · hosted","completed","success","GitHub Actions 1000087408","GitHub Actions","1000087408","2026-09-20T16:57:32Z","2026-09-20T16:57:47Z","15000","observed","fresh","21","21","[{""number"":1,""name"":""Set up job"",""status"":""completed"",""conclusion"":""success"",""started_at"":""2026-09-20T16:57:32Z"",""completed_at"":""2026-09-20T16:57:34Z"",""duration_ms"":2000,""duration_state"":""observed""},{""number"":2,""name"":""Mark CI job start"",""status"":""completed"",""conclusion"":""success"",""started_at"":""2026-09-20T16:57:34Z"",""completed_at"":""2026-09-20T16:57:34Z"",""duration_ms"":0,""duration_state"":""observed""},{""number"":3,""name"":""Checkout"",""status"":""completed"",""conclusion"":""success"",""started_at"":""2026-09-20T16:57:34Z"",""completed_at"":""2026-09-20T16:57:37Z"",""duration_ms"":3000,""duration_state"":""observed""},{""number"":4,""name"":""Record unit dependencies"",""status"":""completed"",""conclusion"":""success"",""started_at"":""2026-09-20T16:57:37Z"",""completed_at"":""2026-09-20T16:57:37Z"",""duration_ms"":0,""duration_state"":""observed""},{""number"":5,""name"":""Download Velnor workflow runtime"",""status"":""completed"",""conclusion"":""success"",""started_at"":""2026-09-20T16:57:37Z"",""completed_at"":""2026-09-20T16:57:38Z"",""duration_ms"":1000,""duration_state"":""observed""},{""number"":6,""name"":""Verify Velnor workflow runtime"",""status"":""completed"",""conclusion"":""success"",""started_at"":""2026-09-20T16:57:38Z"",""completed_at"":""2026-09-20T16:57:38Z"",""duration_ms"":0,""duration_state"":""observed""},{""number"":7,""name"":""Add Velnor workflow runtime to PATH"",""status"":""completed"",""conclusion"":""success"",""started_at"":""2026-09-20T16:57:38Z"",""completed_at"":""2026-09-20T16:57:38Z"",""duration_ms"":0,""duration_state"":""observed""},{""number"":8,""name"":""Mark runner setup end"",""status"":""completed"",""conclusion"":""success"",""started_at"":""2026-09-20T16:57:38Z"",""completed_at"":""2026-09-20T16:57:38Z"",""duration_ms"":0,""duration_state"":""observed""},{""number"":9,""name"":""Materialize Velnor CI selection"",""status"":""completed"",""conclusion"":""success"",""started_at"":""2026-09-20T16:57:38Z"",""completed_at"":""2026-09-20T16:57:38Z"",""duration_ms"":0,""duration_state"":""observed""},{""number"":10,""name"":""Mark selection transport end"",""status"":""completed"",""conclusion"":""success"",""started_at"":""2026-09-20T16:57:38Z"",""completed_at"":""2026-09-20T16:57:38Z"",""duration_ms"":0,""duration_state"":""observed""},{""number"":11,""name"":""Mark tool bootstrap end"",""status"":""completed"",""conclusion"":""success"",""started_at"":""2026-09-20T16:57:38Z"",""completed_at"":""2026-09-20T16:57:38Z"",""duration_ms"":0,""duration_state"":""observed""},{""number"":12,""name"":""Restore unit cache"",""status"":""completed"",""conclusion"":""success"",""started_at"":""2026-09-20T16:57:38Z"",""completed_at"":""2026-09-20T16:57:40Z"",""duration_ms"":2000,""duration_state"":""observed""},{""number"":13,""name"":""Mark cache prep end"",""status"":""completed"",""conclusion"":""success"",""started_at"":""2026-09-20T16:57:40Z"",""completed_at"":""2026-09-20T16:57:40Z"",""duration_ms"":0,""duration_state"":""observed""},{""number"":14,""name"":""Mark cargo fetch end"",""status"":""completed"",""conclusion"":""success"",""started_at"":""2026-09-20T16:57:40Z"",""completed_at"":""2026-09-20T16:57:40Z"",""duration_ms"":0,""duration_state"":""observed""},{""number"":15,""name"":""Run unit checks"",""status"":""completed"",""conclusion"":""success"",""started_at"":""2026-09-20T16:57:40Z"",""completed_at"":""2026-09-20T16:57:45Z"",""duration_ms"":5000,""duration_state"":""observed""},{""number"":16,""name"":""Mark BUNDLE cache-save start"",""status"":""completed"",""conclusion"":""skipped"",""started_at"":""2026-09-20T16:57:45Z"",""completed_at"":""2026-09-20T16:57:45Z"",""duration_ms"":0,""duration_state"":""observed""},{""number"":17,""name"":""Save unit cache"",""status"":""completed"",""conclusion"":""skipped"",""started_at"":""2026-09-20T16:57:45Z"",""completed_at"":""2026-09-20T16:57:45Z"",""duration_ms"":0,""duration_state"":""observed""},{""number"":18,""name"":""Mark BUNDLE cache-save end"",""status"":""completed"",""conclusion"":""skipped"",""started_at"":""2026-09-20T16:57:45Z"",""completed_at"":""2026-09-20T16:57:45Z"",""duration_ms"":0,""duration_state"":""observed""},{""number"":19,""name"":""Report phase timings and cache outcomes"",""status"":""completed"",""conclusion"":""success"",""started_at"":""2026-09-20T16:57:45Z"",""completed_at"":""2026-09-20T16:57:45Z"",""duration_ms"":0,""duration_state"":""observed""},{""number"":38,""name"":""Post Checkout"",""status"":""completed"",""conclusion"":""success"",""started_at"":""2026-09-20T16:57:45Z"",""completed_at"":""2026-09-20T16:57:45Z"",""duration_ms"":0,""duration_state"":""observed""},{""number"":39,""name"":""Complete job"",""status"":""completed"",""conclusion"":""success"",""started_at"":""2026-09-20T16:57:45Z"",""completed_at"":""2026-09-20T16:57:45Z"",""duration_ms"":0,""duration_state"":""observed""}]"
"job","35524310993","1211","1","pull_request","CI / PR · pull_request · 978/merge","347892207",".github/workflows/ci-pr.yml","completed","success","true","codex/ci-performance-next","unknown","ce75f7c322cbb427d4aea2138abdb9fc5e0f5ed9","unknown","unknown.pull_request_source_not_proven","ce75f7c322cbb427d4aea2138abdb9fc5e0f5ed9","unknown","unknown","unknown","[{""path"":""tailrocks/velnor/.github/workflows/ci-unit-bun.yml@8955c765dd607b54a9f0f8fdfe440ca4b95b5a88"",""sha"":""8955c765dd607b54a9f0f8fdfe440ca4b95b5a88"",""ref"":""refs/pull/978/merge""},{""path"":""tailrocks/velnor/.github/workflows/ci-unit-docker.yml@8955c765dd607b54a9f0f8fdfe440ca4b95b5a88"",""sha"":""8955c765dd607b54a9f0f8fdfe440ca4b95b5a88"",""ref"":""refs/pull/978/merge""},{""path"":""tailrocks/velnor/.github/workflows/ci-unit-docs.yml@8955c765dd607b54a9f0f8fdfe440ca4b95b5a88"",""sha"":""8955c765dd607b54a9f0f8fdfe440ca4b95b5a88"",""ref"":""refs/pull/978/merge""},{""path"":""tailrocks/velnor/.github/workflows/ci-unit-opentofu.yml@8955c765dd607b54a9f0f8fdfe440ca4b95b5a88"",""sha"":""8955c765dd607b54a9f0f8fdfe440ca4b95b5a88"",""ref"":""refs/pull/978/merge""},{""path"":""tailrocks/velnor/.github/workflows/ci-unit-rust.yml@8955c765dd607b54a9f0f8fdfe440ca4b95b5a88"",""sha"":""8955c765dd607b54a9f0f8fdfe440ca4b95b5a88"",""ref"":""refs/pull/978/merge""}]","[]","2026-09-20T16:57:13Z","2026-09-20T16:57:13Z","2026-09-20T17:06:21Z","unknown","68","68","true","0","true","true","complete_fresh","verified","2026-09-20T17:06:20Z","547000","observed_initial_attempt","547000","547000","1558000","1558000","1558000","unknown","0","0","20","0","0","0","0","48","0","unclassified","517000","Rust · velnor-runner · github-hosted — rust-velnor-runner / GitHub · hosted","unknown","not_computed_without_dependency_graph","2026-09-20T17:06:15Z","observed","106113737390","1","Docker · Docker · velnor — docker","completed","skipped","unknown","unknown","unknown","2026-09-20T16:57:30Z","2026-09-20T16:57:29Z","unknown","skipped","not_applicable_skipped","0","0","[]"
"job","35524310993","1211","1","pull_request","CI / PR · pull_request · 978/merge","347892207",".github/workflows/ci-pr.yml","completed","success","true","codex/ci-performance-next","unknown","ce75f7c322cbb427d4aea2138abdb9fc5e0f5ed9","unknown","unknown.pull_request_source_not_proven","ce75f7c322cbb427d4aea2138abdb9fc5e0f5ed9","unknown","unknown","unknown","[{""path"":""tailrocks/velnor/.github/workflows/ci-unit-bun.yml@8955c765dd607b54a9f0f8fdfe440ca4b95b5a88"",""sha"":""8955c765dd607b54a9f0f8fdfe440ca4b95b5a88"",""ref"":""refs/pull/978/merge""},{""path"":""tailrocks/velnor/.github/workflows/ci-unit-docker.yml@8955c765dd607b54a9f0f8fdfe440ca4b95b5a88"",""sha"":""8955c765dd607b54a9f0f8fdfe440ca4b95b5a88"",""ref"":""refs/pull/978/merge""},{""path"":""tailrocks/velnor/.github/workflows/ci-unit-docs.yml@8955c765dd607b54a9f0f8fdfe440ca4b95b5a88"",""sha"":""8955c765dd607b54a9f0f8fdfe440ca4b95b5a88"",""ref"":""refs/pull/978/merge""},{""path"":""tailrocks/velnor/.github/workflows/ci-unit-opentofu.yml@8955c765dd607b54a9f0f8fdfe440ca4b95b5a88"",""sha"":""8955c765dd607b54a9f0f8fdfe440ca4b95b5a88"",""ref"":""refs/pull/978/merge""},{""path"":""tailrocks/velnor/.github/workflows/ci-unit-rust.yml@8955c765dd607b54a9f0f8fdfe440ca4b95b5a88"",""sha"":""8955c765dd607b54a9f0f8fdfe440ca4b95b5a88"",""ref"":""refs/pull/978/merge""}]","[]","2026-09-20T16:57:13Z","2026-09-20T16:57:13Z","2026-09-20T17:06:21Z","unknown","68","68","true","0","true","true","complete_fresh","verified","2026-09-20T17:06:20Z","547000","observed_initial_attempt","547000","547000","1558000","1558000","1558000","unknown","0","0","20","0","0","0","0","48","0","unclassified","517000","Rust · velnor-runner · github-hosted — rust-velnor-runner / GitHub · hosted","unknown","not_computed_without_dependency_graph","2026-09-20T17:06:15Z","observed","106113737443","1","Documentation · Documentation · velnor — docs","completed","skipped","unknown","unknown","unknown","2026-09-20T16:57:30Z","2026-09-20T16:57:29Z","unknown","skipped","not_applicable_skipped","0","0","[]"
"job","35524310993","1211","1","pull_request","CI / PR · pull_request · 978/merge","347892207",".github/workflows/ci-pr.yml","completed","success","true","codex/ci-performance-next","unknown","ce75f7c322cbb427d4aea2138abdb9fc5e0f5ed9","unknown","unknown.pull_request_source_not_proven","ce75f7c322cbb427d4aea2138abdb9fc5e0f5ed9","unknown","unknown","unknown","[{""path"":""tailrocks/velnor/.github/workflows/ci-unit-bun.yml@8955c765dd607b54a9f0f8fdfe440ca4b95b5a88"",""sha"":""8955c765dd607b54a9f0f8fdfe440ca4b95b5a88"",""ref"":""refs/pull/978/merge""},{""path"":""tailrocks/velnor/.github/workflows/ci-unit-docker.yml@8955c765dd607b54a9f0f8fdfe440ca4b95b5a88"",""sha"":""8955c765dd607b54a9f0f8fdfe440ca4b95b5a88"",""ref"":""refs/pull/978/merge""},{""path"":""tailrocks/velnor/.github/workflows/ci-unit-docs.yml@8955c765dd607b54a9f0f8fdfe440ca4b95b5a88"",""sha"":""8955c765dd607b54a9f0f8fdfe440ca4b95b5a88"",""ref"":""refs/pull/978/merge""},{""path"":""tailrocks/velnor/.github/workflows/ci-unit-opentofu.yml@8955c765dd607b54a9f0f8fdfe440ca4b95b5a88"",""sha"":""8955c765dd607b54a9f0f8fdfe440ca4b95b5a88"",""ref"":""refs/pull/978/merge""},{""path"":""tailrocks/velnor/.github/workflows/ci-unit-rust.yml@8955c765dd607b54a9f0f8fdfe440ca4b95b5a88"",""sha"":""8955c765dd607b54a9f0f8fdfe440ca4b95b5a88"",""ref"":""refs/pull/978/merge""}]","[]","2026-09-20T16:57:13Z","2026-09-20T16:57:13Z","2026-09-20T17:06:21Z","unknown","68","68","true","0","true","true","complete_fresh","verified","2026-09-20T17:06:20Z","547000","observed_initial_attempt","547000","547000","1558000","1558000","1558000","unknown","0","0","20","0","0","0","0","48","0","unclassified","517000","Rust · velnor-runner · github-hosted — rust-velnor-runner / GitHub · hosted","unknown","not_computed_without_dependency_graph","2026-09-20T17:06:15Z","observed","106113737479","1","Bun · Bun package (velnor) · velnor — bun-velnor","completed","skipped","unknown","unknown","unknown","2026-09-20T16:57:30Z","2026-09-20T16:57:29Z","unknown","skipped","not_applicable_skipped","0","0","[]"
"job","35524310993","1211","1","pull_request","CI / PR · pull_request · 978/merge","347892207",".github/workflows/ci-pr.yml","completed","success","true","codex/ci-performance-next","unknown","ce75f7c322cbb427d4aea2138abdb9fc5e0f5ed9","unknown","unknown.pull_request_source_not_proven","ce75f7c322cbb427d4aea2138abdb9fc5e0f5ed9","unknown","unknown","unknown","[{""path"":""tailrocks/velnor/.github/workflows/ci-unit-bun.yml@8955c765dd607b54a9f0f8fdfe440ca4b95b5a88"",""sha"":""8955c765dd607b54a9f0f8fdfe440ca4b95b5a88"",""ref"":""refs/pull/978/merge""},{""path"":""tailrocks/velnor/.github/workflows/ci-unit-docker.yml@8955c765dd607b54a9f0f8fdfe440ca4b95b5a88"",""sha"":""8955c765dd607b54a9f0f8fdfe440ca4b95b5a88"",""ref"":""refs/pull/978/merge""},{""path"":""tailrocks/velnor/.github/workflows/ci-unit-docs.yml@8955c765dd607b54a9f0f8fdfe440ca4b95b5a88"",""sha"":""8955c765dd607b54a9f0f8fdfe440ca4b95b5a88"",""ref"":""refs/pull/978/merge""},{""path"":""tailrocks/velnor/.github/workflows/ci-unit-opentofu.yml@8955c765dd607b54a9f0f8fdfe440ca4b95b5a88"",""sha"":""8955c765dd607b54a9f0f8fdfe440ca4b95b5a88"",""ref"":""refs/pull/978/merge""},{""path"":""tailrocks/velnor/.github/workflows/ci-unit-rust.yml@8955c765dd607b54a9f0f8fdfe440ca4b95b5a88"",""sha"":""8955c765dd607b54a9f0f8fdfe440ca4b95b5a88"",""ref"":""refs/pull/978/merge""}]","[]","2026-09-20T16:57:13Z","2026-09-20T16:57:13Z","2026-09-20T17:06:21Z","unknown","68","68","true","0","true","true","complete_fresh","verified","2026-09-20T17:06:20Z","547000","observed_initial_attempt","547000","547000","1558000","1558000","1558000","unknown","0","0","20","0","0","0","0","48","0","unclassified","517000","Rust · velnor-runner · github-hosted — rust-velnor-runner / GitHub · hosted","unknown","not_computed_without_dependency_graph","2026-09-20T17:06:15Z","observed","106113737491","1","Docker · Docker · github-hosted — docker / GitHub · hosted","completed","success","GitHub Actions 1000087407","GitHub Actions","1000087407","2026-09-20T16:57:31Z","2026-09-20T16:58:53Z","82000","observed","fresh","26","26","[{""number"":1,""name"":""Set up job"",""status"":""completed"",""conclusion"":""success"",""started_at"":""2026-09-20T16:57:32Z"",""completed_at"":""2026-09-20T16:57:35Z"",""duration_ms"":3000,""duration_state"":""observed""},{""number"":2,""name"":""Mark CI job start"",""status"":""completed"",""conclusion"":""success"",""started_at"":""2026-09-20T16:57:35Z"",""completed_at"":""2026-09-20T16:57:35Z"",""duration_ms"":0,""duration_state"":""observed""},{""number"":3,""name"":""Checkout"",""status"":""completed"",""conclusion"":""success"",""started_at"":""2026-09-20T16:57:35Z"",""completed_at"":""2026-09-20T16:57:37Z"",""duration_ms"":2000,""duration_state"":""observed""},{""number"":4,""name"":""Record unit dependencies"",""status"":""completed"",""conclusion"":""success"",""started_at"":""2026-09-20T16:57:37Z"",""completed_at"":""2026-09-20T16:57:37Z"",""duration_ms"":0,""duration_state"":""observed""},{""number"":5,""name"":""Download Velnor workflow runtime"",""status"":""completed"",""conclusion"":""success"",""started_at"":""2026-09-20T16:57:37Z"",""completed_at"":""2026-09-20T16:57:38Z"",""duration_ms"":1000,""duration_state"":""observed""},{""number"":6,""name"":""Verify Velnor workflow runtime"",""status"":""completed"",""conclusion"":""success"",""started_at"":""2026-09-20T16:57:38Z"",""completed_at"":""2026-09-20T16:57:38Z"",""duration_ms"":0,""duration_state"":""observed""},{""number"":7,""name"":""Add Velnor workflow runtime to PATH"",""status"":""completed"",""conclusion"":""success"",""started_at"":""2026-09-20T16:57:38Z"",""completed_at"":""2026-09-20T16:57:38Z"",""duration_ms"":0,""duration_state"":""observed""},{""number"":8,""name"":""Mark runner setup end"",""status"":""completed"",""conclusion"":""success"",""started_at"":""2026-09-20T16:57:38Z"",""completed_at"":""2026-09-20T16:57:38Z"",""duration_ms"":0,""duration_state"":""observed""},{""number"":9,""name"":""Materialize Velnor CI selection"",""status"":""completed"",""conclusion"":""success"",""started_at"":""2026-09-20T16:57:38Z"",""completed_at"":""2026-09-20T16:57:38Z"",""duration_ms"":0,""duration_state"":""observed""},{""number"":10,""name"":""Mark selection transport end"",""status"":""completed"",""conclusion"":""success"",""started_at"":""2026-09-20T16:57:38Z"",""completed_at"":""2026-09-20T16:57:38Z"",""duration_ms"":0,""duration_state"":""observed""},{""number"":11,""name"":""Expose GitHub Actions runtime"",""status"":""completed"",""conclusion"":""success"",""started_at"":""2026-09-20T16:57:38Z"",""completed_at"":""2026-09-20T16:57:38Z"",""duration_ms"":0,""duration_state"":""observed""},{""number"":12,""name"":""Set up Docker Buildx"",""status"":""completed"",""conclusion"":""success"",""started_at"":""2026-09-20T16:57:38Z"",""completed_at"":""2026-09-20T16:57:48Z"",""duration_ms"":10000,""duration_state"":""observed""},{""number"":13,""name"":""Mark tool bootstrap end"",""status"":""completed"",""conclusion"":""success"",""started_at"":""2026-09-20T16:57:48Z"",""completed_at"":""2026-09-20T16:57:48Z"",""duration_ms"":0,""duration_state"":""observed""},{""number"":14,""name"":""Restore Docker build seed"",""status"":""completed"",""conclusion"":""success"",""started_at"":""2026-09-20T16:57:48Z"",""completed_at"":""2026-09-20T16:57:54Z"",""duration_ms"":6000,""duration_state"":""observed""},{""number"":15,""name"":""Prepare Docker build seed context"",""status"":""completed"",""conclusion"":""success"",""started_at"":""2026-09-20T16:57:54Z"",""completed_at"":""2026-09-20T16:57:54Z"",""duration_ms"":0,""duration_state"":""observed""},{""number"":16,""name"":""Mark cache prep end"",""status"":""completed"",""conclusion"":""success"",""started_at"":""2026-09-20T16:57:54Z"",""completed_at"":""2026-09-20T16:57:54Z"",""duration_ms"":0,""duration_state"":""observed""},{""number"":17,""name"":""Mark cargo fetch end"",""status"":""completed"",""conclusion"":""success"",""started_at"":""2026-09-20T16:57:54Z"",""completed_at"":""2026-09-20T16:57:54Z"",""duration_ms"":0,""duration_state"":""observed""},{""number"":18,""name"":""Run unit checks"",""status"":""completed"",""conclusion"":""success"",""started_at"":""2026-09-20T16:57:54Z"",""completed_at"":""2026-09-20T16:58:49Z"",""duration_ms"":55000,""duration_state"":""observed""},{""number"":19,""name"":""Collect Docker mutable-cache export"",""status"":""completed"",""conclusion"":""skipped"",""started_at"":""2026-09-20T16:58:49Z"",""completed_at"":""2026-09-20T16:58:49Z"",""duration_ms"":0,""duration_state"":""observed""},{""number"":20,""name"":""Mark SEED cache-save start"",""status"":""completed"",""conclusion"":""skipped"",""started_at"":""2026-09-20T16:58:49Z"",""completed_at"":""2026-09-20T16:58:49Z"",""duration_ms"":0,""duration_state"":""observed""},{""number"":21,""name"":""Save Docker build seed"",""status"":""completed"",""conclusion"":""skipped"",""started_at"":""2026-09-20T16:58:49Z"",""completed_at"":""2026-09-20T16:58:49Z"",""duration_ms"":0,""duration_state"":""observed""},{""number"":22,""name"":""Mark SEED cache-save end"",""status"":""completed"",""conclusion"":""skipped"",""started_at"":""2026-09-20T16:58:49Z"",""completed_at"":""2026-09-20T16:58:49Z"",""duration_ms"":0,""duration_state"":""observed""},{""number"":23,""name"":""Report phase timings and cache outcomes"",""status"":""completed"",""conclusion"":""success"",""started_at"":""2026-09-20T16:58:49Z"",""completed_at"":""2026-09-20T16:58:49Z"",""duration_ms"":0,""duration_state"":""observed""},{""number"":45,""name"":""Post Set up Docker Buildx"",""status"":""completed"",""conclusion"":""success"",""started_at"":""2026-09-20T16:58:49Z"",""completed_at"":""2026-09-20T16:58:52Z"",""duration_ms"":3000,""duration_state"":""observed""},{""number"":46,""name"":""Post Checkout"",""status"":""completed"",""conclusion"":""success"",""started_at"":""2026-09-20T16:58:52Z"",""completed_at"":""2026-09-20T16:58:52Z"",""duration_ms"":0,""duration_state"":""observed""},{""number"":47,""name"":""Complete job"",""status"":""completed"",""conclusion"":""success"",""started_at"":""2026-09-20T16:58:52Z"",""completed_at"":""2026-09-20T16:58:52Z"",""duration_ms"":0,""duration_state"":""observed""}]"
"job","35524310993","1211","1","pull_request","CI / PR · pull_request · 978/merge","347892207",".github/workflows/ci-pr.yml","completed","success","true","codex/ci-performance-next","unknown","ce75f7c322cbb427d4aea2138abdb9fc5e0f5ed9","unknown","unknown.pull_request_source_not_proven","ce75f7c322cbb427d4aea2138abdb9fc5e0f5ed9","unknown","unknown","unknown","[{""path"":""tailrocks/velnor/.github/workflows/ci-unit-bun.yml@8955c765dd607b54a9f0f8fdfe440ca4b95b5a88"",""sha"":""8955c765dd607b54a9f0f8fdfe440ca4b95b5a88"",""ref"":""refs/pull/978/merge""},{""path"":""tailrocks/velnor/.github/workflows/ci-unit-docker.yml@8955c765dd607b54a9f0f8fdfe440ca4b95b5a88"",""sha"":""8955c765dd607b54a9f0f8fdfe440ca4b95b5a88"",""ref"":""refs/pull/978/merge""},{""path"":""tailrocks/velnor/.github/workflows/ci-unit-docs.yml@8955c765dd607b54a9f0f8fdfe440ca4b95b5a88"",""sha"":""8955c765dd607b54a9f0f8fdfe440ca4b95b5a88"",""ref"":""refs/pull/978/merge""},{""path"":""tailrocks/velnor/.github/workflows/ci-unit-opentofu.yml@8955c765dd607b54a9f0f8fdfe440ca4b95b5a88"",""sha"":""8955c765dd607b54a9f0f8fdfe440ca4b95b5a88"",""ref"":""refs/pull/978/merge""},{""path"":""tailrocks/velnor/.github/workflows/ci-unit-rust.yml@8955c765dd607b54a9f0f8fdfe440ca4b95b5a88"",""sha"":""8955c765dd607b54a9f0f8fdfe440ca4b95b5a88"",""ref"":""refs/pull/978/merge""}]","[]","2026-09-20T16:57:13Z","2026-09-20T16:57:13Z","2026-09-20T17:06:21Z","unknown","68","68","true","0","true","true","complete_fresh","verified","2026-09-20T17:06:20Z","547000","observed_initial_attempt","547000","547000","1558000","1558000","1558000","unknown","0","0","20","0","0","0","0","48","0","unclassified","517000","Rust · velnor-runner · github-hosted — rust-velnor-runner / GitHub · hosted","unknown","not_computed_without_dependency_graph","2026-09-20T17:06:15Z","observed","106113737535","1","OpenTofu · OpenTofu · github-hosted — opentofu / GitHub · hosted","completed","success","GitHub Actions 1000087409","GitHub Actions","1000087409","2026-09-20T16:57:32Z","2026-09-20T16:57:50Z","18000","observed","fresh","22","22","[{""number"":1,""name"":""Set up job"",""status"":""completed"",""conclusion"":""success"",""started_at"":""2026-09-20T16:57:34Z"",""completed_at"":""2026-09-20T16:57:36Z"",""duration_ms"":2000,""duration_state"":""observed""},{""number"":2,""name"":""Mark CI job start"",""status"":""completed"",""conclusion"":""success"",""started_at"":""2026-09-20T16:57:36Z"",""completed_at"":""2026-09-20T16:57:36Z"",""duration_ms"":0,""duration_state"":""observed""},{""number"":3,""name"":""Checkout"",""status"":""completed"",""conclusion"":""success"",""started_at"":""2026-09-20T16:57:36Z"",""completed_at"":""2026-09-20T16:57:39Z"",""duration_ms"":3000,""duration_state"":""observed""},{""number"":4,""name"":""Record unit dependencies"",""status"":""completed"",""conclusion"":""success"",""started_at"":""2026-09-20T16:57:39Z"",""completed_at"":""2026-09-20T16:57:39Z"",""duration_ms"":0,""duration_state"":""observed""},{""number"":5,""name"":""Download Velnor workflow runtime"",""status"":""completed"",""conclusion"":""success"",""started_at"":""2026-09-20T16:57:39Z"",""completed_at"":""2026-09-20T16:57:41Z"",""duration_ms"":2000,""duration_state"":""observed""},{""number"":6,""name"":""Verify Velnor workflow runtime"",""status"":""completed"",""conclusion"":""success"",""started_at"":""2026-09-20T16:57:41Z"",""completed_at"":""2026-09-20T16:57:41Z"",""duration_ms"":0,""duration_state"":""observed""},{""number"":7,""name"":""Add Velnor workflow runtime to PATH"",""status"":""completed"",""conclusion"":""success"",""started_at"":""2026-09-20T16:57:41Z"",""completed_at"":""2026-09-20T16:57:41Z"",""duration_ms"":0,""duration_state"":""observed""},{""number"":8,""name"":""Mark runner setup end"",""status"":""completed"",""conclusion"":""success"",""started_at"":""2026-09-20T16:57:41Z"",""completed_at"":""2026-09-20T16:57:41Z"",""duration_ms"":0,""duration_state"":""observed""},{""number"":9,""name"":""Materialize Velnor CI selection"",""status"":""completed"",""conclusion"":""success"",""started_at"":""2026-09-20T16:57:41Z"",""completed_at"":""2026-09-20T16:57:41Z"",""duration_ms"":0,""duration_state"":""observed""},{""number"":10,""name"":""Mark selection transport end"",""status"":""completed"",""conclusion"":""success"",""started_at"":""2026-09-20T16:57:41Z"",""completed_at"":""2026-09-20T16:57:41Z"",""duration_ms"":0,""duration_state"":""observed""},{""number"":11,""name"":""Set up OpenTofu"",""status"":""completed"",""conclusion"":""success"",""started_at"":""2026-09-20T16:57:41Z"",""completed_at"":""2026-09-20T16:57:43Z"",""duration_ms"":2000,""duration_state"":""observed""},{""number"":12,""name"":""Mark tool bootstrap end"",""status"":""completed"",""conclusion"":""success"",""started_at"":""2026-09-20T16:57:43Z"",""completed_at"":""2026-09-20T16:57:43Z"",""duration_ms"":0,""duration_state"":""observed""},{""number"":13,""name"":""Restore unit cache"",""status"":""completed"",""conclusion"":""success"",""started_at"":""2026-09-20T16:57:43Z"",""completed_at"":""2026-09-20T16:57:44Z"",""duration_ms"":1000,""duration_state"":""observed""},{""number"":14,""name"":""Mark cache prep end"",""status"":""completed"",""conclusion"":""success"",""started_at"":""2026-09-20T16:57:44Z"",""completed_at"":""2026-09-20T16:57:44Z"",""duration_ms"":0,""duration_state"":""observed""},{""number"":15,""name"":""Mark cargo fetch end"",""status"":""completed"",""conclusion"":""success"",""started_at"":""2026-09-20T16:57:44Z"",""completed_at"":""2026-09-20T16:57:44Z"",""duration_ms"":0,""duration_state"":""observed""},{""number"":16,""name"":""Run unit checks"",""status"":""completed"",""conclusion"":""success"",""started_at"":""2026-09-20T16:57:44Z"",""completed_at"":""2026-09-20T16:57:44Z"",""duration_ms"":0,""duration_state"":""observed""},{""number"":17,""name"":""Mark BUNDLE cache-save start"",""status"":""completed"",""conclusion"":""skipped"",""started_at"":""2026-09-20T16:57:44Z"",""completed_at"":""2026-09-20T16:57:44Z"",""duration_ms"":0,""duration_state"":""observed""},{""number"":18,""name"":""Save unit cache"",""status"":""completed"",""conclusion"":""skipped"",""started_at"":""2026-09-20T16:57:44Z"",""completed_at"":""2026-09-20T16:57:44Z"",""duration_ms"":0,""duration_state"":""observed""},{""number"":19,""name"":""Mark BUNDLE cache-save end"",""status"":""completed"",""conclusion"":""skipped"",""started_at"":""2026-09-20T16:57:44Z"",""completed_at"":""2026-09-20T16:57:44Z"",""duration_ms"":0,""duration_state"":""observed""},{""number"":20,""name"":""Report phase timings and cache outcomes"",""status"":""completed"",""conclusion"":""success"",""started_at"":""2026-09-20T16:57:44Z"",""completed_at"":""2026-09-20T16:57:44Z"",""duration_ms"":0,""duration_state"":""observed""},{""number"":40,""name"":""Post Checkout"",""status"":""completed"",""conclusion"":""success"",""started_at"":""2026-09-20T16:57:44Z"",""completed_at"":""2026-09-20T16:57:44Z"",""duration_ms"":0,""duration_state"":""observed""},{""number"":41,""name"":""Complete job"",""status"":""completed"",""conclusion"":""success"",""started_at"":""2026-09-20T16:57:44Z"",""completed_at"":""2026-09-20T16:57:44Z"",""duration_ms"":0,""duration_state"":""observed""}]"
"job","35524310993","1211","1","pull_request","CI / PR · pull_request · 978/merge","347892207",".github/workflows/ci-pr.yml","completed","success","true","codex/ci-performance-next","unknown","ce75f7c322cbb427d4aea2138abdb9fc5e0f5ed9","unknown","unknown.pull_request_source_not_proven","ce75f7c322cbb427d4aea2138abdb9fc5e0f5ed9","unknown","unknown","unknown","[{""path"":""tailrocks/velnor/.github/workflows/ci-unit-bun.yml@8955c765dd607b54a9f0f8fdfe440ca4b95b5a88"",""sha"":""8955c765dd607b54a9f0f8fdfe440ca4b95b5a88"",""ref"":""refs/pull/978/merge""},{""path"":""tailrocks/velnor/.github/workflows/ci-unit-docker.yml@8955c765dd607b54a9f0f8fdfe440ca4b95b5a88"",""sha"":""8955c765dd607b54a9f0f8fdfe440ca4b95b5a88"",""ref"":""refs/pull/978/merge""},{""path"":""tailrocks/velnor/.github/workflows/ci-unit-docs.yml@8955c765dd607b54a9f0f8fdfe440ca4b95b5a88"",""sha"":""8955c765dd607b54a9f0f8fdfe440ca4b95b5a88"",""ref"":""refs/pull/978/merge""},{""path"":""tailrocks/velnor/.github/workflows/ci-unit-opentofu.yml@8955c765dd607b54a9f0f8fdfe440ca4b95b5a88"",""sha"":""8955c765dd607b54a9f0f8fdfe440ca4b95b5a88"",""ref"":""refs/pull/978/merge""},{""path"":""tailrocks/velnor/.github/workflows/ci-unit-rust.yml@8955c765dd607b54a9f0f8fdfe440ca4b95b5a88"",""sha"":""8955c765dd607b54a9f0f8fdfe440ca4b95b5a88"",""ref"":""refs/pull/978/merge""}]","[]","2026-09-20T16:57:13Z","2026-09-20T16:57:13Z","2026-09-20T17:06:21Z","unknown","68","68","true","0","true","true","complete_fresh","verified","2026-09-20T17:06:20Z","547000","observed_initial_attempt","547000","547000","1558000","1558000","1558000","unknown","0","0","20","0","0","0","0","48","0","unclassified","517000","Rust · velnor-runner · github-hosted — rust-velnor-runner / GitHub · hosted","unknown","not_computed_without_dependency_graph","2026-09-20T17:06:15Z","observed","106113737659","1","Bun · Bun package (velnor) · github-hosted — bun-velnor / GitHub · hosted","completed","success","GitHub Actions 1000087418","GitHub Actions","1000087418","2026-09-20T16:57:32Z","2026-09-20T16:58:01Z","29000","observed","fresh","23","23","[{""number"":1,""name"":""Set up job"",""status"":""completed"",""conclusion"":""success"",""started_at"":""2026-09-20T16:57:33Z"",""completed_at"":""2026-09-20T16:57:35Z"",""duration_ms"":2000,""duration_state"":""observed""},{""number"":2,""name"":""Mark CI job start"",""status"":""completed"",""conclusion"":""success"",""started_at"":""2026-09-20T16:57:35Z"",""completed_at"":""2026-09-20T16:57:35Z"",""duration_ms"":0,""duration_state"":""observed""},{""number"":3,""name"":""Checkout"",""status"":""completed"",""conclusion"":""success"",""started_at"":""2026-09-20T16:57:35Z"",""completed_at"":""2026-09-20T16:57:37Z"",""duration_ms"":2000,""duration_state"":""observed""},{""number"":4,""name"":""Record unit dependencies"",""status"":""completed"",""conclusion"":""success"",""started_at"":""2026-09-20T16:57:37Z"",""completed_at"":""2026-09-20T16:57:37Z"",""duration_ms"":0,""duration_state"":""observed""},{""number"":5,""name"":""Download Velnor workflow runtime"",""status"":""completed"",""conclusion"":""success"",""started_at"":""2026-09-20T16:57:37Z"",""completed_at"":""2026-09-20T16:57:39Z"",""duration_ms"":2000,""duration_state"":""observed""},{""number"":6,""name"":""Verify Velnor workflow runtime"",""status"":""completed"",""conclusion"":""success"",""started_at"":""2026-09-20T16:57:39Z"",""completed_at"":""2026-09-20T16:57:39Z"",""duration_ms"":0,""duration_state"":""observed""},{""number"":7,""name"":""Add Velnor workflow runtime to PATH"",""status"":""completed"",""conclusion"":""success"",""started_at"":""2026-09-20T16:57:39Z"",""completed_at"":""2026-09-20T16:57:39Z"",""duration_ms"":0,""duration_state"":""observed""},{""number"":8,""name"":""Mark runner setup end"",""status"":""completed"",""conclusion"":""success"",""started_at"":""2026-09-20T16:57:39Z"",""completed_at"":""2026-09-20T16:57:39Z"",""duration_ms"":0,""duration_state"":""observed""},{""number"":9,""name"":""Materialize Velnor CI selection"",""status"":""completed"",""conclusion"":""success"",""started_at"":""2026-09-20T16:57:39Z"",""completed_at"":""2026-09-20T16:57:39Z"",""duration_ms"":0,""duration_state"":""observed""},{""number"":10,""name"":""Mark selection transport end"",""status"":""completed"",""conclusion"":""success"",""started_at"":""2026-09-20T16:57:39Z"",""completed_at"":""2026-09-20T16:57:39Z"",""duration_ms"":0,""duration_state"":""observed""},{""number"":11,""name"":""Set up Bun"",""status"":""completed"",""conclusion"":""success"",""started_at"":""2026-09-20T16:57:39Z"",""completed_at"":""2026-09-20T16:57:41Z"",""duration_ms"":2000,""duration_state"":""observed""},{""number"":12,""name"":""Mark tool bootstrap end"",""status"":""completed"",""conclusion"":""success"",""started_at"":""2026-09-20T16:57:41Z"",""completed_at"":""2026-09-20T16:57:41Z"",""duration_ms"":0,""duration_state"":""observed""},{""number"":13,""name"":""Restore unit cache"",""status"":""completed"",""conclusion"":""success"",""started_at"":""2026-09-20T16:57:41Z"",""completed_at"":""2026-09-20T16:57:41Z"",""duration_ms"":0,""duration_state"":""observed""},{""number"":14,""name"":""Mark cache prep end"",""status"":""completed"",""conclusion"":""success"",""started_at"":""2026-09-20T16:57:41Z"",""completed_at"":""2026-09-20T16:57:41Z"",""duration_ms"":0,""duration_state"":""observed""},{""number"":15,""name"":""Mark cargo fetch end"",""status"":""completed"",""conclusion"":""success"",""started_at"":""2026-09-20T16:57:41Z"",""completed_at"":""2026-09-20T16:57:41Z"",""duration_ms"":0,""duration_state"":""observed""},{""number"":16,""name"":""Run unit checks"",""status"":""completed"",""conclusion"":""success"",""started_at"":""2026-09-20T16:57:41Z"",""completed_at"":""2026-09-20T16:57:58Z"",""duration_ms"":17000,""duration_state"":""observed""},{""number"":17,""name"":""Mark BUNDLE cache-save start"",""status"":""completed"",""conclusion"":""skipped"",""started_at"":""2026-09-20T16:57:58Z"",""completed_at"":""2026-09-20T16:57:58Z"",""duration_ms"":0,""duration_state"":""observed""},{""number"":18,""name"":""Save unit cache"",""status"":""completed"",""conclusion"":""skipped"",""started_at"":""2026-09-20T16:57:58Z"",""completed_at"":""2026-09-20T16:57:58Z"",""duration_ms"":0,""duration_state"":""observed""},{""number"":19,""name"":""Mark BUNDLE cache-save end"",""status"":""completed"",""conclusion"":""skipped"",""started_at"":""2026-09-20T16:57:58Z"",""completed_at"":""2026-09-20T16:57:58Z"",""duration_ms"":0,""duration_state"":""observed""},{""number"":20,""name"":""Report phase timings and cache outcomes"",""status"":""completed"",""conclusion"":""success"",""started_at"":""2026-09-20T16:57:58Z"",""completed_at"":""2026-09-20T16:57:58Z"",""duration_ms"":0,""duration_state"":""observed""},{""number"":39,""name"":""Post Set up Bun"",""status"":""completed"",""conclusion"":""success"",""started_at"":""2026-09-20T16:57:58Z"",""completed_at"":""2026-09-20T16:57:58Z"",""duration_ms"":0,""duration_state"":""observed""},{""number"":40,""name"":""Post Checkout"",""status"":""completed"",""conclusion"":""success"",""started_at"":""2026-09-20T16:57:58Z"",""completed_at"":""2026-09-20T16:57:58Z"",""duration_ms"":0,""duration_state"":""observed""},{""number"":41,""name"":""Complete job"",""status"":""completed"",""conclusion"":""success"",""started_at"":""2026-09-20T16:57:58Z"",""completed_at"":""2026-09-20T16:57:58Z"",""duration_ms"":0,""duration_state"":""observed""}]"
"job","35524310993","1211","1","pull_request","CI / PR · pull_request · 978/merge","347892207",".github/workflows/ci-pr.yml","completed","success","true","codex/ci-performance-next","unknown","ce75f7c322cbb427d4aea2138abdb9fc5e0f5ed9","unknown","unknown.pull_request_source_not_proven","ce75f7c322cbb427d4aea2138abdb9fc5e0f5ed9","unknown","unknown","unknown","[{""path"":""tailrocks/velnor/.github/workflows/ci-unit-bun.yml@8955c765dd607b54a9f0f8fdfe440ca4b95b5a88"",""sha"":""8955c765dd607b54a9f0f8fdfe440ca4b95b5a88"",""ref"":""refs/pull/978/merge""},{""path"":""tailrocks/velnor/.github/workflows/ci-unit-docker.yml@8955c765dd607b54a9f0f8fdfe440ca4b95b5a88"",""sha"":""8955c765dd607b54a9f0f8fdfe440ca4b95b5a88"",""ref"":""refs/pull/978/merge""},{""path"":""tailrocks/velnor/.github/workflows/ci-unit-docs.yml@8955c765dd607b54a9f0f8fdfe440ca4b95b5a88"",""sha"":""8955c765dd607b54a9f0f8fdfe440ca4b95b5a88"",""ref"":""refs/pull/978/merge""},{""path"":""tailrocks/velnor/.github/workflows/ci-unit-opentofu.yml@8955c765dd607b54a9f0f8fdfe440ca4b95b5a88"",""sha"":""8955c765dd607b54a9f0f8fdfe440ca4b95b5a88"",""ref"":""refs/pull/978/merge""},{""path"":""tailrocks/velnor/.github/workflows/ci-unit-rust.yml@8955c765dd607b54a9f0f8fdfe440ca4b95b5a88"",""sha"":""8955c765dd607b54a9f0f8fdfe440ca4b95b5a88"",""ref"":""refs/pull/978/merge""}]","[]","2026-09-20T16:57:13Z","2026-09-20T16:57:13Z","2026-09-20T17:06:21Z","unknown","68","68","true","0","true","true","complete_fresh","verified","2026-09-20T17:06:20Z","547000","observed_initial_attempt","547000","547000","1558000","1558000","1558000","unknown","0","0","20","0","0","0","0","48","0","unclassified","517000","Rust · velnor-runner · github-hosted — rust-velnor-runner / GitHub · hosted","unknown","not_computed_without_dependency_graph","2026-09-20T17:06:15Z","observed","106113737674","1","Rust · Rust dependency policy · github-hosted — rust-policy / GitHub · hosted","completed","success","GitHub Actions 1000087410","GitHub Actions","1000087410","2026-09-20T16:57:32Z","2026-09-20T16:58:06Z","34000","observed","fresh","46","46","[{""number"":1,""name"":""Set up job"",""status"":""completed"",""conclusion"":""success"",""started_at"":""2026-09-20T16:57:33Z"",""completed_at"":""2026-09-20T16:57:36Z"",""duration_ms"":3000,""duration_state"":""observed""},{""number"":2,""name"":""Mark CI job start"",""status"":""completed"",""conclusion"":""success"",""started_at"":""2026-09-20T16:57:36Z"",""completed_at"":""2026-09-20T16:57:36Z"",""duration_ms"":0,""duration_state"":""observed""},{""number"":3,""name"":""Checkout"",""status"":""completed"",""conclusion"":""success"",""started_at"":""2026-09-20T16:57:36Z"",""completed_at"":""2026-09-20T16:57:37Z"",""duration_ms"":1000,""duration_state"":""observed""},{""number"":4,""name"":""Record unit dependencies"",""status"":""completed"",""conclusion"":""success"",""started_at"":""2026-09-20T16:57:37Z"",""completed_at"":""2026-09-20T16:57:38Z"",""duration_ms"":1000,""duration_state"":""observed""},{""number"":5,""name"":""Download Velnor workflow runtime"",""status"":""completed"",""conclusion"":""success"",""started_at"":""2026-09-20T16:57:38Z"",""completed_at"":""2026-09-20T16:57:40Z"",""duration_ms"":2000,""duration_state"":""observed""},{""number"":6,""name"":""Verify Velnor workflow runtime"",""status"":""completed"",""conclusion"":""success"",""started_at"":""2026-09-20T16:57:40Z"",""completed_at"":""2026-09-20T16:57:40Z"",""duration_ms"":0,""duration_state"":""observed""},{""number"":7,""name"":""Add Velnor workflow runtime to PATH"",""status"":""completed"",""conclusion"":""success"",""started_at"":""2026-09-20T16:57:40Z"",""completed_at"":""2026-09-20T16:57:40Z"",""duration_ms"":0,""duration_state"":""observed""},{""number"":8,""name"":""Mark runner setup end"",""status"":""completed"",""conclusion"":""success"",""started_at"":""2026-09-20T16:57:40Z"",""completed_at"":""2026-09-20T16:57:40Z"",""duration_ms"":0,""duration_state"":""observed""},{""number"":9,""name"":""Materialize Velnor CI selection"",""status"":""completed"",""conclusion"":""success"",""started_at"":""2026-09-20T16:57:40Z"",""completed_at"":""2026-09-20T16:57:40Z"",""duration_ms"":0,""duration_state"":""observed""},{""number"":10,""name"":""Mark selection transport end"",""status"":""completed"",""conclusion"":""success"",""started_at"":""2026-09-20T16:57:40Z"",""completed_at"":""2026-09-20T16:57:40Z"",""duration_ms"":0,""duration_state"":""observed""},{""number"":11,""name"":""Restore Rust toolchain"",""status"":""completed"",""conclusion"":""success"",""started_at"":""2026-09-20T16:57:40Z"",""completed_at"":""2026-09-20T16:57:50Z"",""duration_ms"":10000,""duration_state"":""observed""},{""number"":12,""name"":""Provision Rust toolchain"",""status"":""completed"",""conclusion"":""success"",""started_at"":""2026-09-20T16:57:50Z"",""completed_at"":""2026-09-20T16:57:50Z"",""duration_ms"":0,""duration_state"":""observed""},{""number"":13,""name"":""Save Rust toolchain"",""status"":""completed"",""conclusion"":""skipped"",""started_at"":""2026-09-20T16:57:50Z"",""completed_at"":""2026-09-20T16:57:50Z"",""duration_ms"":0,""duration_state"":""observed""},{""number"":14,""name"":""Set up Mise tools"",""status"":""completed"",""conclusion"":""skipped"",""started_at"":""2026-09-20T16:57:50Z"",""completed_at"":""2026-09-20T16:57:50Z"",""duration_ms"":0,""duration_state"":""observed""},{""number"":15,""name"":""Set up Mise"",""status"":""completed"",""conclusion"":""skipped"",""started_at"":""2026-09-20T16:57:50Z"",""completed_at"":""2026-09-20T16:57:50Z"",""duration_ms"":0,""duration_state"":""observed""},{""number"":16,""name"":""Bound the Mr. Boxington store"",""status"":""completed"",""conclusion"":""success"",""started_at"":""2026-09-20T16:57:50Z"",""completed_at"":""2026-09-20T16:57:50Z"",""duration_ms"":0,""duration_state"":""observed""},{""number"":17,""name"":""Set up Mr. Boxington"",""status"":""completed"",""conclusion"":""success"",""started_at"":""2026-09-20T16:57:50Z"",""completed_at"":""2026-09-20T16:57:52Z"",""duration_ms"":2000,""duration_state"":""observed""},{""number"":18,""name"":""Restore cargo bin toolchain"",""status"":""completed"",""conclusion"":""success"",""started_at"":""2026-09-20T16:57:52Z"",""completed_at"":""2026-09-20T16:57:52Z"",""duration_ms"":0,""duration_state"":""observed""},{""number"":19,""name"":""Verify cargo bin tools"",""status"":""completed"",""conclusion"":""skipped"",""started_at"":""2026-09-20T16:57:52Z"",""completed_at"":""2026-09-20T16:57:52Z"",""duration_ms"":0,""duration_state"":""observed""},{""number"":20,""name"":""Set up cargo bin tools"",""status"":""completed"",""conclusion"":""success"",""started_at"":""2026-09-20T16:57:52Z"",""completed_at"":""2026-09-20T16:57:53Z"",""duration_ms"":1000,""duration_state"":""observed""},{""number"":21,""name"":""Save cargo bin toolchain"",""status"":""completed"",""conclusion"":""skipped"",""started_at"":""2026-09-20T16:57:53Z"",""completed_at"":""2026-09-20T16:57:53Z"",""duration_ms"":0,""duration_state"":""observed""},{""number"":22,""name"":""Restore mold 2.42.0 cache"",""status"":""completed"",""conclusion"":""success"",""started_at"":""2026-09-20T16:57:53Z"",""completed_at"":""2026-09-20T16:57:54Z"",""duration_ms"":1000,""duration_state"":""observed""},{""number"":23,""name"":""Set up mold 2.42.0"",""status"":""completed"",""conclusion"":""success"",""started_at"":""2026-09-20T16:57:54Z"",""completed_at"":""2026-09-20T16:57:55Z"",""duration_ms"":1000,""duration_state"":""observed""},{""number"":24,""name"":""Save mold 2.42.0 cache"",""status"":""completed"",""conclusion"":""skipped"",""started_at"":""2026-09-20T16:57:55Z"",""completed_at"":""2026-09-20T16:57:55Z"",""duration_ms"":0,""duration_state"":""observed""},{""number"":25,""name"":""Mark tool bootstrap end"",""status"":""completed"",""conclusion"":""success"",""started_at"":""2026-09-20T16:57:55Z"",""completed_at"":""2026-09-20T16:57:55Z"",""duration_ms"":0,""duration_state"":""observed""},{""number"":26,""name"":""Restore unit cache"",""status"":""completed"",""conclusion"":""success"",""started_at"":""2026-09-20T16:57:55Z"",""completed_at"":""2026-09-20T16:57:59Z"",""duration_ms"":4000,""duration_state"":""observed""},{""number"":27,""name"":""Mark cache prep end"",""status"":""completed"",""conclusion"":""success"",""started_at"":""2026-09-20T16:57:59Z"",""completed_at"":""2026-09-20T16:57:59Z"",""duration_ms"":0,""duration_state"":""observed""},{""number"":28,""name"":""Prepare Cargo sources"",""status"":""completed"",""conclusion"":""skipped"",""started_at"":""2026-09-20T16:57:59Z"",""completed_at"":""2026-09-20T16:57:59Z"",""duration_ms"":0,""duration_state"":""observed""},{""number"":29,""name"":""Mark cargo fetch end"",""status"":""completed"",""conclusion"":""success"",""started_at"":""2026-09-20T16:57:59Z"",""completed_at"":""2026-09-20T16:57:59Z"",""duration_ms"":0,""duration_state"":""observed""},{""number"":30,""name"":""Fetch D19 pin history"",""status"":""completed"",""conclusion"":""success"",""started_at"":""2026-09-20T16:57:59Z"",""completed_at"":""2026-09-20T16:58:00Z"",""duration_ms"":1000,""duration_state"":""observed""},{""number"":31,""name"":""Run unit checks"",""status"":""completed"",""conclusion"":""success"",""started_at"":""2026-09-20T16:58:00Z"",""completed_at"":""2026-09-20T16:58:02Z"",""duration_ms"":2000,""duration_state"":""observed""},{""number"":32,""name"":""Mark candidate phase start"",""status"":""completed"",""conclusion"":""skipped"",""started_at"":""2026-09-20T16:58:02Z"",""completed_at"":""2026-09-20T16:58:02Z"",""duration_ms"":0,""duration_state"":""observed""},{""number"":33,""name"":""Mark candidate preparation start"",""status"":""completed"",""conclusion"":""skipped"",""started_at"":""2026-09-20T16:58:02Z"",""completed_at"":""2026-09-20T16:58:02Z"",""duration_ms"":0,""duration_state"":""observed""},{""number"":34,""name"":""Prepare candidate generator product"",""status"":""completed"",""conclusion"":""skipped"",""started_at"":""2026-09-20T16:58:02Z"",""completed_at"":""2026-09-20T16:58:02Z"",""duration_ms"":0,""duration_state"":""observed""},{""number"":35,""name"":""Mark candidate preparation end"",""status"":""completed"",""conclusion"":""skipped"",""started_at"":""2026-09-20T16:58:02Z"",""completed_at"":""2026-09-20T16:58:02Z"",""duration_ms"":0,""duration_state"":""observed""},{""number"":36,""name"":""Mark candidate publication start"",""status"":""completed"",""conclusion"":""skipped"",""started_at"":""2026-09-20T16:58:02Z"",""completed_at"":""2026-09-20T16:58:02Z"",""duration_ms"":0,""duration_state"":""observed""},{""number"":37,""name"":""Publish candidate generator product"",""status"":""completed"",""conclusion"":""skipped"",""started_at"":""2026-09-20T16:58:02Z"",""completed_at"":""2026-09-20T16:58:02Z"",""duration_ms"":0,""duration_state"":""observed""},{""number"":38,""name"":""Mark candidate publication end"",""status"":""completed"",""conclusion"":""skipped"",""started_at"":""2026-09-20T16:58:02Z"",""completed_at"":""2026-09-20T16:58:02Z"",""duration_ms"":0,""duration_state"":""observed""},{""number"":39,""name"":""Mark candidate phase end"",""status"":""completed"",""conclusion"":""skipped"",""started_at"":""2026-09-20T16:58:02Z"",""completed_at"":""2026-09-20T16:58:02Z"",""duration_ms"":0,""duration_state"":""observed""},{""number"":40,""name"":""Mark BUNDLE cache-save start"",""status"":""completed"",""conclusion"":""skipped"",""started_at"":""2026-09-20T16:58:02Z"",""completed_at"":""2026-09-20T16:58:02Z"",""duration_ms"":0,""duration_state"":""observed""},{""number"":41,""name"":""Save unit cache"",""status"":""completed"",""conclusion"":""skipped"",""started_at"":""2026-09-20T16:58:02Z"",""completed_at"":""2026-09-20T16:58:02Z"",""duration_ms"":0,""duration_state"":""observed""},{""number"":42,""name"":""Mark BUNDLE cache-save end"",""status"":""completed"",""conclusion"":""skipped"",""started_at"":""2026-09-20T16:58:02Z"",""completed_at"":""2026-09-20T16:58:02Z"",""duration_ms"":0,""duration_state"":""observed""},{""number"":43,""name"":""Report phase timings and cache outcomes"",""status"":""completed"",""conclusion"":""success"",""started_at"":""2026-09-20T16:58:02Z"",""completed_at"":""2026-09-20T16:58:02Z"",""duration_ms"":0,""duration_state"":""observed""},{""number"":85,""name"":""Post Set up Mr. Boxington"",""status"":""completed"",""conclusion"":""success"",""started_at"":""2026-09-20T16:58:02Z"",""completed_at"":""2026-09-20T16:58:02Z"",""duration_ms"":0,""duration_state"":""observed""},{""number"":86,""name"":""Post Checkout"",""status"":""completed"",""conclusion"":""success"",""started_at"":""2026-09-20T16:58:02Z"",""completed_at"":""2026-09-20T16:58:03Z"",""duration_ms"":1000,""duration_state"":""observed""},{""number"":87,""name"":""Complete job"",""status"":""completed"",""conclusion"":""success"",""started_at"":""2026-09-20T16:58:03Z"",""completed_at"":""2026-09-20T16:58:03Z"",""duration_ms"":0,""duration_state"":""observed""}]"
"job","35524310993","1211","1","pull_request","CI / PR · pull_request · 978/merge","347892207",".github/workflows/ci-pr.yml","completed","success","true","codex/ci-performance-next","unknown","ce75f7c322cbb427d4aea2138abdb9fc5e0f5ed9","unknown","unknown.pull_request_source_not_proven","ce75f7c322cbb427d4aea2138abdb9fc5e0f5ed9","unknown","unknown","unknown","[{""path"":""tailrocks/velnor/.github/workflows/ci-unit-bun.yml@8955c765dd607b54a9f0f8fdfe440ca4b95b5a88"",""sha"":""8955c765dd607b54a9f0f8fdfe440ca4b95b5a88"",""ref"":""refs/pull/978/merge""},{""path"":""tailrocks/velnor/.github/workflows/ci-unit-docker.yml@8955c765dd607b54a9f0f8fdfe440ca4b95b5a88"",""sha"":""8955c765dd607b54a9f0f8fdfe440ca4b95b5a88"",""ref"":""refs/pull/978/merge""},{""path"":""tailrocks/velnor/.github/workflows/ci-unit-docs.yml@8955c765dd607b54a9f0f8fdfe440ca4b95b5a88"",""sha"":""8955c765dd607b54a9f0f8fdfe440ca4b95b5a88"",""ref"":""refs/pull/978/merge""},{""path"":""tailrocks/velnor/.github/workflows/ci-unit-opentofu.yml@8955c765dd607b54a9f0f8fdfe440ca4b95b5a88"",""sha"":""8955c765dd607b54a9f0f8fdfe440ca4b95b5a88"",""ref"":""refs/pull/978/merge""},{""path"":""tailrocks/velnor/.github/workflows/ci-unit-rust.yml@8955c765dd607b54a9f0f8fdfe440ca4b95b5a88"",""sha"":""8955c765dd607b54a9f0f8fdfe440ca4b95b5a88"",""ref"":""refs/pull/978/merge""}]","[]","2026-09-20T16:57:13Z","2026-09-20T16:57:13Z","2026-09-20T17:06:21Z","unknown","68","68","true","0","true","true","complete_fresh","verified","2026-09-20T17:06:20Z","547000","observed_initial_attempt","547000","547000","1558000","1558000","1558000","unknown","0","0","20","0","0","0","0","48","0","unclassified","517000","Rust · velnor-runner · github-hosted — rust-velnor-runner / GitHub · hosted","unknown","not_computed_without_dependency_graph","2026-09-20T17:06:15Z","observed","106113737701","1","Rust · velnor-tools · github-hosted — rust-velnor-tools / GitHub · hosted","completed","success","GitHub Actions 1000087412","GitHub Actions","1000087412","2026-09-20T16:57:32Z","2026-09-20T16:58:23Z","51000","observed","fresh","46","46","[{""number"":1,""name"":""Set up job"",""status"":""completed"",""conclusion"":""success"",""started_at"":""2026-09-20T16:57:32Z"",""completed_at"":""2026-09-20T16:57:36Z"",""duration_ms"":4000,""duration_state"":""observed""},{""number"":2,""name"":""Mark CI job start"",""status"":""completed"",""conclusion"":""success"",""started_at"":""2026-09-20T16:57:36Z"",""completed_at"":""2026-09-20T16:57:36Z"",""duration_ms"":0,""duration_state"":""observed""},{""number"":3,""name"":""Checkout"",""status"":""completed"",""conclusion"":""success"",""started_at"":""2026-09-20T16:57:36Z"",""completed_at"":""2026-09-20T16:57:38Z"",""duration_ms"":2000,""duration_state"":""observed""},{""number"":4,""name"":""Record unit dependencies"",""status"":""completed"",""conclusion"":""success"",""started_at"":""2026-09-20T16:57:38Z"",""completed_at"":""2026-09-20T16:57:38Z"",""duration_ms"":0,""duration_state"":""observed""},{""number"":5,""name"":""Download Velnor workflow runtime"",""status"":""completed"",""conclusion"":""success"",""started_at"":""2026-09-20T16:57:38Z"",""completed_at"":""2026-09-20T16:57:39Z"",""duration_ms"":1000,""duration_state"":""observed""},{""number"":6,""name"":""Verify Velnor workflow runtime"",""status"":""completed"",""conclusion"":""success"",""started_at"":""2026-09-20T16:57:39Z"",""completed_at"":""2026-09-20T16:57:39Z"",""duration_ms"":0,""duration_state"":""observed""},{""number"":7,""name"":""Add Velnor workflow runtime to PATH"",""status"":""completed"",""conclusion"":""success"",""started_at"":""2026-09-20T16:57:39Z"",""completed_at"":""2026-09-20T16:57:39Z"",""duration_ms"":0,""duration_state"":""observed""},{""number"":8,""name"":""Mark runner setup end"",""status"":""completed"",""conclusion"":""success"",""started_at"":""2026-09-20T16:57:39Z"",""completed_at"":""2026-09-20T16:57:39Z"",""duration_ms"":0,""duration_state"":""observed""},{""number"":9,""name"":""Materialize Velnor CI selection"",""status"":""completed"",""conclusion"":""success"",""started_at"":""2026-09-20T16:57:39Z"",""completed_at"":""2026-09-20T16:57:39Z"",""duration_ms"":0,""duration_state"":""observed""},{""number"":10,""name"":""Mark selection transport end"",""status"":""completed"",""conclusion"":""success"",""started_at"":""2026-09-20T16:57:39Z"",""completed_at"":""2026-09-20T16:57:39Z"",""duration_ms"":0,""duration_state"":""observed""},{""number"":11,""name"":""Restore Rust toolchain"",""status"":""completed"",""conclusion"":""success"",""started_at"":""2026-09-20T16:57:39Z"",""completed_at"":""2026-09-20T16:57:46Z"",""duration_ms"":7000,""duration_state"":""observed""},{""number"":12,""name"":""Provision Rust toolchain"",""status"":""completed"",""conclusion"":""success"",""started_at"":""2026-09-20T16:57:46Z"",""completed_at"":""2026-09-20T16:57:47Z"",""duration_ms"":1000,""duration_state"":""observed""},{""number"":13,""name"":""Save Rust toolchain"",""status"":""completed"",""conclusion"":""skipped"",""started_at"":""2026-09-20T16:57:47Z"",""completed_at"":""2026-09-20T16:57:47Z"",""duration_ms"":0,""duration_state"":""observed""},{""number"":14,""name"":""Set up Mise tools"",""status"":""completed"",""conclusion"":""success"",""started_at"":""2026-09-20T16:57:47Z"",""completed_at"":""2026-09-20T16:57:50Z"",""duration_ms"":3000,""duration_state"":""observed""},{""number"":15,""name"":""Set up Mise"",""status"":""completed"",""conclusion"":""skipped"",""started_at"":""2026-09-20T16:57:50Z"",""completed_at"":""2026-09-20T16:57:50Z"",""duration_ms"":0,""duration_state"":""observed""},{""number"":16,""name"":""Bound the Mr. Boxington store"",""status"":""completed"",""conclusion"":""success"",""started_at"":""2026-09-20T16:57:50Z"",""completed_at"":""2026-09-20T16:57:50Z"",""duration_ms"":0,""duration_state"":""observed""},{""number"":17,""name"":""Set up Mr. Boxington"",""status"":""completed"",""conclusion"":""success"",""started_at"":""2026-09-20T16:57:50Z"",""completed_at"":""2026-09-20T16:57:57Z"",""duration_ms"":7000,""duration_state"":""observed""},{""number"":18,""name"":""Restore cargo bin toolchain"",""status"":""completed"",""conclusion"":""skipped"",""started_at"":""2026-09-20T16:57:57Z"",""completed_at"":""2026-09-20T16:57:57Z"",""duration_ms"":0,""duration_state"":""observed""},{""number"":19,""name"":""Verify cargo bin tools"",""status"":""completed"",""conclusion"":""skipped"",""started_at"":""2026-09-20T16:57:57Z"",""completed_at"":""2026-09-20T16:57:57Z"",""duration_ms"":0,""duration_state"":""observed""},{""number"":20,""name"":""Set up cargo bin tools"",""status"":""completed"",""conclusion"":""skipped"",""started_at"":""2026-09-20T16:57:57Z"",""completed_at"":""2026-09-20T16:57:57Z"",""duration_ms"":0,""duration_state"":""observed""},{""number"":21,""name"":""Save cargo bin toolchain"",""status"":""completed"",""conclusion"":""skipped"",""started_at"":""2026-09-20T16:57:57Z"",""completed_at"":""2026-09-20T16:57:57Z"",""duration_ms"":0,""duration_state"":""observed""},{""number"":22,""name"":""Restore mold 2.42.0 cache"",""status"":""completed"",""conclusion"":""success"",""started_at"":""2026-09-20T16:57:57Z"",""completed_at"":""2026-09-20T16:57:58Z"",""duration_ms"":1000,""duration_state"":""observed""},{""number"":23,""name"":""Set up mold 2.42.0"",""status"":""completed"",""conclusion"":""success"",""started_at"":""2026-09-20T16:57:59Z"",""completed_at"":""2026-09-20T16:57:59Z"",""duration_ms"":0,""duration_state"":""observed""},{""number"":24,""name"":""Save mold 2.42.0 cache"",""status"":""completed"",""conclusion"":""skipped"",""started_at"":""2026-09-20T16:57:59Z"",""completed_at"":""2026-09-20T16:57:59Z"",""duration_ms"":0,""duration_state"":""observed""},{""number"":25,""name"":""Mark tool bootstrap end"",""status"":""completed"",""conclusion"":""success"",""started_at"":""2026-09-20T16:57:59Z"",""completed_at"":""2026-09-20T16:57:59Z"",""duration_ms"":0,""duration_state"":""observed""},{""number"":26,""name"":""Restore unit cache"",""status"":""completed"",""conclusion"":""success"",""started_at"":""2026-09-20T16:57:59Z"",""completed_at"":""2026-09-20T16:58:03Z"",""duration_ms"":4000,""duration_state"":""observed""},{""number"":27,""name"":""Mark cache prep end"",""status"":""completed"",""conclusion"":""success"",""started_at"":""2026-09-20T16:58:03Z"",""completed_at"":""2026-09-20T16:58:03Z"",""duration_ms"":0,""duration_state"":""observed""},{""number"":28,""name"":""Prepare Cargo sources"",""status"":""completed"",""conclusion"":""success"",""started_at"":""2026-09-20T16:58:03Z"",""completed_at"":""2026-09-20T16:58:05Z"",""duration_ms"":2000,""duration_state"":""observed""},{""number"":29,""name"":""Mark cargo fetch end"",""status"":""completed"",""conclusion"":""success"",""started_at"":""2026-09-20T16:58:05Z"",""completed_at"":""2026-09-20T16:58:05Z"",""duration_ms"":0,""duration_state"":""observed""},{""number"":30,""name"":""Fetch D19 pin history"",""status"":""completed"",""conclusion"":""success"",""started_at"":""2026-09-20T16:58:05Z"",""completed_at"":""2026-09-20T16:58:05Z"",""duration_ms"":0,""duration_state"":""observed""},{""number"":31,""name"":""Run unit checks"",""status"":""completed"",""conclusion"":""success"",""started_at"":""2026-09-20T16:58:05Z"",""completed_at"":""2026-09-20T16:58:20Z"",""duration_ms"":15000,""duration_state"":""observed""},{""number"":32,""name"":""Mark candidate phase start"",""status"":""completed"",""conclusion"":""skipped"",""started_at"":""2026-09-20T16:58:20Z"",""completed_at"":""2026-09-20T16:58:20Z"",""duration_ms"":0,""duration_state"":""observed""},{""number"":33,""name"":""Mark candidate preparation start"",""status"":""completed"",""conclusion"":""skipped"",""started_at"":""2026-09-20T16:58:20Z"",""completed_at"":""2026-09-20T16:58:20Z"",""duration_ms"":0,""duration_state"":""observed""},{""number"":34,""name"":""Prepare candidate generator product"",""status"":""completed"",""conclusion"":""skipped"",""started_at"":""2026-09-20T16:58:20Z"",""completed_at"":""2026-09-20T16:58:20Z"",""duration_ms"":0,""duration_state"":""observed""},{""number"":35,""name"":""Mark candidate preparation end"",""status"":""completed"",""conclusion"":""skipped"",""started_at"":""2026-09-20T16:58:20Z"",""completed_at"":""2026-09-20T16:58:20Z"",""duration_ms"":0,""duration_state"":""observed""},{""number"":36,""name"":""Mark candidate publication start"",""status"":""completed"",""conclusion"":""skipped"",""started_at"":""2026-09-20T16:58:20Z"",""completed_at"":""2026-09-20T16:58:20Z"",""duration_ms"":0,""duration_state"":""observed""},{""number"":37,""name"":""Publish candidate generator product"",""status"":""completed"",""conclusion"":""skipped"",""started_at"":""2026-09-20T16:58:20Z"",""completed_at"":""2026-09-20T16:58:20Z"",""duration_ms"":0,""duration_state"":""observed""},{""number"":38,""name"":""Mark candidate publication end"",""status"":""completed"",""conclusion"":""skipped"",""started_at"":""2026-09-20T16:58:20Z"",""completed_at"":""2026-09-20T16:58:20Z"",""duration_ms"":0,""duration_state"":""observed""},{""number"":39,""name"":""Mark candidate phase end"",""status"":""completed"",""conclusion"":""skipped"",""started_at"":""2026-09-20T16:58:20Z"",""completed_at"":""2026-09-20T16:58:20Z"",""duration_ms"":0,""duration_state"":""observed""},{""number"":40,""name"":""Mark BUNDLE cache-save start"",""status"":""completed"",""conclusion"":""skipped"",""started_at"":""2026-09-20T16:58:20Z"",""completed_at"":""2026-09-20T16:58:20Z"",""duration_ms"":0,""duration_state"":""observed""},{""number"":41,""name"":""Save unit cache"",""status"":""completed"",""conclusion"":""skipped"",""started_at"":""2026-09-20T16:58:20Z"",""completed_at"":""2026-09-20T16:58:20Z"",""duration_ms"":0,""duration_state"":""observed""},{""number"":42,""name"":""Mark BUNDLE cache-save end"",""status"":""completed"",""conclusion"":""skipped"",""started_at"":""2026-09-20T16:58:20Z"",""completed_at"":""2026-09-20T16:58:20Z"",""duration_ms"":0,""duration_state"":""observed""},{""number"":43,""name"":""Report phase timings and cache outcomes"",""status"":""completed"",""conclusion"":""success"",""started_at"":""2026-09-20T16:58:20Z"",""completed_at"":""2026-09-20T16:58:21Z"",""duration_ms"":1000,""duration_state"":""observed""},{""number"":85,""name"":""Post Set up Mr. Boxington"",""status"":""completed"",""conclusion"":""success"",""started_at"":""2026-09-20T16:58:21Z"",""completed_at"":""2026-09-20T16:58:21Z"",""duration_ms"":0,""duration_state"":""observed""},{""number"":86,""name"":""Post Checkout"",""status"":""completed"",""conclusion"":""success"",""started_at"":""2026-09-20T16:58:21Z"",""completed_at"":""2026-09-20T16:58:21Z"",""duration_ms"":0,""duration_state"":""observed""},{""number"":87,""name"":""Complete job"",""status"":""completed"",""conclusion"":""success"",""started_at"":""2026-09-20T16:58:21Z"",""completed_at"":""2026-09-20T16:58:21Z"",""duration_ms"":0,""duration_state"":""observed""}]"
"job","35524310993","1211","1","pull_request","CI / PR · pull_request · 978/merge","347892207",".github/workflows/ci-pr.yml","completed","success","true","codex/ci-performance-next","unknown","ce75f7c322cbb427d4aea2138abdb9fc5e0f5ed9","unknown","unknown.pull_request_source_not_proven","ce75f7c322cbb427d4aea2138abdb9fc5e0f5ed9","unknown","unknown","unknown","[{""path"":""tailrocks/velnor/.github/workflows/ci-unit-bun.yml@8955c765dd607b54a9f0f8fdfe440ca4b95b5a88"",""sha"":""8955c765dd607b54a9f0f8fdfe440ca4b95b5a88"",""ref"":""refs/pull/978/merge""},{""path"":""tailrocks/velnor/.github/workflows/ci-unit-docker.yml@8955c765dd607b54a9f0f8fdfe440ca4b95b5a88"",""sha"":""8955c765dd607b54a9f0f8fdfe440ca4b95b5a88"",""ref"":""refs/pull/978/merge""},{""path"":""tailrocks/velnor/.github/workflows/ci-unit-docs.yml@8955c765dd607b54a9f0f8fdfe440ca4b95b5a88"",""sha"":""8955c765dd607b54a9f0f8fdfe440ca4b95b5a88"",""ref"":""refs/pull/978/merge""},{""path"":""tailrocks/velnor/.github/workflows/ci-unit-opentofu.yml@8955c765dd607b54a9f0f8fdfe440ca4b95b5a88"",""sha"":""8955c765dd607b54a9f0f8fdfe440ca4b95b5a88"",""ref"":""refs/pull/978/merge""},{""path"":""tailrocks/velnor/.github/workflows/ci-unit-rust.yml@8955c765dd607b54a9f0f8fdfe440ca4b95b5a88"",""sha"":""8955c765dd607b54a9f0f8fdfe440ca4b95b5a88"",""ref"":""refs/pull/978/merge""}]","[]","2026-09-20T16:57:13Z","2026-09-20T16:57:13Z","2026-09-20T17:06:21Z","unknown","68","68","true","0","true","true","complete_fresh","verified","2026-09-20T17:06:20Z","547000","observed_initial_attempt","547000","547000","1558000","1558000","1558000","unknown","0","0","20","0","0","0","0","48","0","unclassified","517000","Rust · velnor-runner · github-hosted — rust-velnor-runner / GitHub · hosted","unknown","not_computed_without_dependency_graph","2026-09-20T17:06:15Z","observed","106113737718","1","Rust · velnor-control · github-hosted — rust-velnor-control / GitHub · hosted","completed","success","GitHub Actions 1000087416","GitHub Actions","1000087416","2026-09-20T16:57:32Z","2026-09-20T16:58:23Z","51000","observed","fresh","46","46","[{""number"":1,""name"":""Set up job"",""status"":""completed"",""conclusion"":""success"",""started_at"":""2026-09-20T16:57:32Z"",""completed_at"":""2026-09-20T16:57:35Z"",""duration_ms"":3000,""duration_state"":""observed""},{""number"":2,""name"":""Mark CI job start"",""status"":""completed"",""conclusion"":""success"",""started_at"":""2026-09-20T16:57:35Z"",""completed_at"":""2026-09-20T16:57:35Z"",""duration_ms"":0,""duration_state"":""observed""},{""number"":3,""name"":""Checkout"",""status"":""completed"",""conclusion"":""success"",""started_at"":""2026-09-20T16:57:35Z"",""completed_at"":""2026-09-20T16:57:37Z"",""duration_ms"":2000,""duration_state"":""observed""},{""number"":4,""name"":""Record unit dependencies"",""status"":""completed"",""conclusion"":""success"",""started_at"":""2026-09-20T16:57:37Z"",""completed_at"":""2026-09-20T16:57:37Z"",""duration_ms"":0,""duration_state"":""observed""},{""number"":5,""name"":""Download Velnor workflow runtime"",""status"":""completed"",""conclusion"":""success"",""started_at"":""2026-09-20T16:57:37Z"",""completed_at"":""2026-09-20T16:57:38Z"",""duration_ms"":1000,""duration_state"":""observed""},{""number"":6,""name"":""Verify Velnor workflow runtime"",""status"":""completed"",""conclusion"":""success"",""started_at"":""2026-09-20T16:57:38Z"",""completed_at"":""2026-09-20T16:57:38Z"",""duration_ms"":0,""duration_state"":""observed""},{""number"":7,""name"":""Add Velnor workflow runtime to PATH"",""status"":""completed"",""conclusion"":""success"",""started_at"":""2026-09-20T16:57:38Z"",""completed_at"":""2026-09-20T16:57:38Z"",""duration_ms"":0,""duration_state"":""observed""},{""number"":8,""name"":""Mark runner setup end"",""status"":""completed"",""conclusion"":""success"",""started_at"":""2026-09-20T16:57:38Z"",""completed_at"":""2026-09-20T16:57:38Z"",""duration_ms"":0,""duration_state"":""observed""},{""number"":9,""name"":""Materialize Velnor CI selection"",""status"":""completed"",""conclusion"":""success"",""started_at"":""2026-09-20T16:57:38Z"",""completed_at"":""2026-09-20T16:57:38Z"",""duration_ms"":0,""duration_state"":""observed""},{""number"":10,""name"":""Mark selection transport end"",""status"":""completed"",""conclusion"":""success"",""started_at"":""2026-09-20T16:57:38Z"",""completed_at"":""2026-09-20T16:57:38Z"",""duration_ms"":0,""duration_state"":""observed""},{""number"":11,""name"":""Restore Rust toolchain"",""status"":""completed"",""conclusion"":""success"",""started_at"":""2026-09-20T16:57:38Z"",""completed_at"":""2026-09-20T16:57:45Z"",""duration_ms"":7000,""duration_state"":""observed""},{""number"":12,""name"":""Provision Rust toolchain"",""status"":""completed"",""conclusion"":""success"",""started_at"":""2026-09-20T16:57:45Z"",""completed_at"":""2026-09-20T16:57:45Z"",""duration_ms"":0,""duration_state"":""observed""},{""number"":13,""name"":""Save Rust toolchain"",""status"":""completed"",""conclusion"":""skipped"",""started_at"":""2026-09-20T16:57:45Z"",""completed_at"":""2026-09-20T16:57:45Z"",""duration_ms"":0,""duration_state"":""observed""},{""number"":14,""name"":""Set up Mise tools"",""status"":""completed"",""conclusion"":""success"",""started_at"":""2026-09-20T16:57:45Z"",""completed_at"":""2026-09-20T16:57:47Z"",""duration_ms"":2000,""duration_state"":""observed""},{""number"":15,""name"":""Set up Mise"",""status"":""completed"",""conclusion"":""skipped"",""started_at"":""2026-09-20T16:57:47Z"",""completed_at"":""2026-09-20T16:57:47Z"",""duration_ms"":0,""duration_state"":""observed""},{""number"":16,""name"":""Bound the Mr. Boxington store"",""status"":""completed"",""conclusion"":""success"",""started_at"":""2026-09-20T16:57:47Z"",""completed_at"":""2026-09-20T16:57:47Z"",""duration_ms"":0,""duration_state"":""observed""},{""number"":17,""name"":""Set up Mr. Boxington"",""status"":""completed"",""conclusion"":""success"",""started_at"":""2026-09-20T16:57:47Z"",""completed_at"":""2026-09-20T16:57:52Z"",""duration_ms"":5000,""duration_state"":""observed""},{""number"":18,""name"":""Restore cargo bin toolchain"",""status"":""completed"",""conclusion"":""skipped"",""started_at"":""2026-09-20T16:57:52Z"",""completed_at"":""2026-09-20T16:57:52Z"",""duration_ms"":0,""duration_state"":""observed""},{""number"":19,""name"":""Verify cargo bin tools"",""status"":""completed"",""conclusion"":""skipped"",""started_at"":""2026-09-20T16:57:52Z"",""completed_at"":""2026-09-20T16:57:52Z"",""duration_ms"":0,""duration_state"":""observed""},{""number"":20,""name"":""Set up cargo bin tools"",""status"":""completed"",""conclusion"":""skipped"",""started_at"":""2026-09-20T16:57:52Z"",""completed_at"":""2026-09-20T16:57:52Z"",""duration_ms"":0,""duration_state"":""observed""},{""number"":21,""name"":""Save cargo bin toolchain"",""status"":""completed"",""conclusion"":""skipped"",""started_at"":""2026-09-20T16:57:52Z"",""completed_at"":""2026-09-20T16:57:52Z"",""duration_ms"":0,""duration_state"":""observed""},{""number"":22,""name"":""Restore mold 2.42.0 cache"",""status"":""completed"",""conclusion"":""success"",""started_at"":""2026-09-20T16:57:52Z"",""completed_at"":""2026-09-20T16:57:53Z"",""duration_ms"":1000,""duration_state"":""observed""},{""number"":23,""name"":""Set up mold 2.42.0"",""status"":""completed"",""conclusion"":""success"",""started_at"":""2026-09-20T16:57:53Z"",""completed_at"":""2026-09-20T16:57:53Z"",""duration_ms"":0,""duration_state"":""observed""},{""number"":24,""name"":""Save mold 2.42.0 cache"",""status"":""completed"",""conclusion"":""skipped"",""started_at"":""2026-09-20T16:57:53Z"",""completed_at"":""2026-09-20T16:57:53Z"",""duration_ms"":0,""duration_state"":""observed""},{""number"":25,""name"":""Mark tool bootstrap end"",""status"":""completed"",""conclusion"":""success"",""started_at"":""2026-09-20T16:57:53Z"",""completed_at"":""2026-09-20T16:57:53Z"",""duration_ms"":0,""duration_state"":""observed""},{""number"":26,""name"":""Restore unit cache"",""status"":""completed"",""conclusion"":""success"",""started_at"":""2026-09-20T16:57:53Z"",""completed_at"":""2026-09-20T16:57:57Z"",""duration_ms"":4000,""duration_state"":""observed""},{""number"":27,""name"":""Mark cache prep end"",""status"":""completed"",""conclusion"":""success"",""started_at"":""2026-09-20T16:57:57Z"",""completed_at"":""2026-09-20T16:57:57Z"",""duration_ms"":0,""duration_state"":""observed""},{""number"":28,""name"":""Prepare Cargo sources"",""status"":""completed"",""conclusion"":""success"",""started_at"":""2026-09-20T16:57:57Z"",""completed_at"":""2026-09-20T16:57:58Z"",""duration_ms"":1000,""duration_state"":""observed""},{""number"":29,""name"":""Mark cargo fetch end"",""status"":""completed"",""conclusion"":""success"",""started_at"":""2026-09-20T16:57:58Z"",""completed_at"":""2026-09-20T16:57:58Z"",""duration_ms"":0,""duration_state"":""observed""},{""number"":30,""name"":""Fetch D19 pin history"",""status"":""completed"",""conclusion"":""success"",""started_at"":""2026-09-20T16:57:58Z"",""completed_at"":""2026-09-20T16:57:58Z"",""duration_ms"":0,""duration_state"":""observed""},{""number"":31,""name"":""Run unit checks"",""status"":""completed"",""conclusion"":""success"",""started_at"":""2026-09-20T16:57:58Z"",""completed_at"":""2026-09-20T16:58:20Z"",""duration_ms"":22000,""duration_state"":""observed""},{""number"":32,""name"":""Mark candidate phase start"",""status"":""completed"",""conclusion"":""skipped"",""started_at"":""2026-09-20T16:58:20Z"",""completed_at"":""2026-09-20T16:58:20Z"",""duration_ms"":0,""duration_state"":""observed""},{""number"":33,""name"":""Mark candidate preparation start"",""status"":""completed"",""conclusion"":""skipped"",""started_at"":""2026-09-20T16:58:20Z"",""completed_at"":""2026-09-20T16:58:20Z"",""duration_ms"":0,""duration_state"":""observed""},{""number"":34,""name"":""Prepare candidate generator product"",""status"":""completed"",""conclusion"":""skipped"",""started_at"":""2026-09-20T16:58:20Z"",""completed_at"":""2026-09-20T16:58:20Z"",""duration_ms"":0,""duration_state"":""observed""},{""number"":35,""name"":""Mark candidate preparation end"",""status"":""completed"",""conclusion"":""skipped"",""started_at"":""2026-09-20T16:58:20Z"",""completed_at"":""2026-09-20T16:58:20Z"",""duration_ms"":0,""duration_state"":""observed""},{""number"":36,""name"":""Mark candidate publication start"",""status"":""completed"",""conclusion"":""skipped"",""started_at"":""2026-09-20T16:58:20Z"",""completed_at"":""2026-09-20T16:58:20Z"",""duration_ms"":0,""duration_state"":""observed""},{""number"":37,""name"":""Publish candidate generator product"",""status"":""completed"",""conclusion"":""skipped"",""started_at"":""2026-09-20T16:58:20Z"",""completed_at"":""2026-09-20T16:58:20Z"",""duration_ms"":0,""duration_state"":""observed""},{""number"":38,""name"":""Mark candidate publication end"",""status"":""completed"",""conclusion"":""skipped"",""started_at"":""2026-09-20T16:58:20Z"",""completed_at"":""2026-09-20T16:58:20Z"",""duration_ms"":0,""duration_state"":""observed""},{""number"":39,""name"":""Mark candidate phase end"",""status"":""completed"",""conclusion"":""skipped"",""started_at"":""2026-09-20T16:58:20Z"",""completed_at"":""2026-09-20T16:58:20Z"",""duration_ms"":0,""duration_state"":""observed""},{""number"":40,""name"":""Mark BUNDLE cache-save start"",""status"":""completed"",""conclusion"":""skipped"",""started_at"":""2026-09-20T16:58:20Z"",""completed_at"":""2026-09-20T16:58:20Z"",""duration_ms"":0,""duration_state"":""observed""},{""number"":41,""name"":""Save unit cache"",""status"":""completed"",""conclusion"":""skipped"",""started_at"":""2026-09-20T16:58:20Z"",""completed_at"":""2026-09-20T16:58:20Z"",""duration_ms"":0,""duration_state"":""observed""},{""number"":42,""name"":""Mark BUNDLE cache-save end"",""status"":""completed"",""conclusion"":""skipped"",""started_at"":""2026-09-20T16:58:20Z"",""completed_at"":""2026-09-20T16:58:20Z"",""duration_ms"":0,""duration_state"":""observed""},{""number"":43,""name"":""Report phase timings and cache outcomes"",""status"":""completed"",""conclusion"":""success"",""started_at"":""2026-09-20T16:58:20Z"",""completed_at"":""2026-09-20T16:58:20Z"",""duration_ms"":0,""duration_state"":""observed""},{""number"":85,""name"":""Post Set up Mr. Boxington"",""status"":""completed"",""conclusion"":""success"",""started_at"":""2026-09-20T16:58:20Z"",""completed_at"":""2026-09-20T16:58:21Z"",""duration_ms"":1000,""duration_state"":""observed""},{""number"":86,""name"":""Post Checkout"",""status"":""completed"",""conclusion"":""success"",""started_at"":""2026-09-20T16:58:21Z"",""completed_at"":""2026-09-20T16:58:21Z"",""duration_ms"":0,""duration_state"":""observed""},{""number"":87,""name"":""Complete job"",""status"":""completed"",""conclusion"":""success"",""started_at"":""2026-09-20T16:58:21Z"",""completed_at"":""2026-09-20T16:58:21Z"",""duration_ms"":0,""duration_state"":""observed""}]"
"job","35524310993","1211","1","pull_request","CI / PR · pull_request · 978/merge","347892207",".github/workflows/ci-pr.yml","completed","success","true","codex/ci-performance-next","unknown","ce75f7c322cbb427d4aea2138abdb9fc5e0f5ed9","unknown","unknown.pull_request_source_not_proven","ce75f7c322cbb427d4aea2138abdb9fc5e0f5ed9","unknown","unknown","unknown","[{""path"":""tailrocks/velnor/.github/workflows/ci-unit-bun.yml@8955c765dd607b54a9f0f8fdfe440ca4b95b5a88"",""sha"":""8955c765dd607b54a9f0f8fdfe440ca4b95b5a88"",""ref"":""refs/pull/978/merge""},{""path"":""tailrocks/velnor/.github/workflows/ci-unit-docker.yml@8955c765dd607b54a9f0f8fdfe440ca4b95b5a88"",""sha"":""8955c765dd607b54a9f0f8fdfe440ca4b95b5a88"",""ref"":""refs/pull/978/merge""},{""path"":""tailrocks/velnor/.github/workflows/ci-unit-docs.yml@8955c765dd607b54a9f0f8fdfe440ca4b95b5a88"",""sha"":""8955c765dd607b54a9f0f8fdfe440ca4b95b5a88"",""ref"":""refs/pull/978/merge""},{""path"":""tailrocks/velnor/.github/workflows/ci-unit-opentofu.yml@8955c765dd607b54a9f0f8fdfe440ca4b95b5a88"",""sha"":""8955c765dd607b54a9f0f8fdfe440ca4b95b5a88"",""ref"":""refs/pull/978/merge""},{""path"":""tailrocks/velnor/.github/workflows/ci-unit-rust.yml@8955c765dd607b54a9f0f8fdfe440ca4b95b5a88"",""sha"":""8955c765dd607b54a9f0f8fdfe440ca4b95b5a88"",""ref"":""refs/pull/978/merge""}]","[]","2026-09-20T16:57:13Z","2026-09-20T16:57:13Z","2026-09-20T17:06:21Z","unknown","68","68","true","0","true","true","complete_fresh","verified","2026-09-20T17:06:20Z","547000","observed_initial_attempt","547000","547000","1558000","1558000","1558000","unknown","0","0","20","0","0","0","0","48","0","unclassified","517000","Rust · velnor-runner · github-hosted — rust-velnor-runner / GitHub · hosted","unknown","not_computed_without_dependency_graph","2026-09-20T17:06:15Z","observed","106113737721","1","Rust · velnor-workflow · github-hosted — rust-velnor-workflow / GitHub · hosted","completed","success","GitHub Actions 1000087413","GitHub Actions","1000087413","2026-09-20T16:57:31Z","2026-09-20T17:01:17Z","226000","observed","fresh","46","46","[{""number"":1,""name"":""Set up job"",""status"":""completed"",""conclusion"":""success"",""started_at"":""2026-09-20T16:57:32Z"",""completed_at"":""2026-09-20T16:57:34Z"",""duration_ms"":2000,""duration_state"":""observed""},{""number"":2,""name"":""Mark CI job start"",""status"":""completed"",""conclusion"":""success"",""started_at"":""2026-09-20T16:57:34Z"",""completed_at"":""2026-09-20T16:57:34Z"",""duration_ms"":0,""duration_state"":""observed""},{""number"":3,""name"":""Checkout"",""status"":""completed"",""conclusion"":""success"",""started_at"":""2026-09-20T16:57:34Z"",""completed_at"":""2026-09-20T16:57:36Z"",""duration_ms"":2000,""duration_state"":""observed""},{""number"":4,""name"":""Record unit dependencies"",""status"":""completed"",""conclusion"":""success"",""started_at"":""2026-09-20T16:57:36Z"",""completed_at"":""2026-09-20T16:57:36Z"",""duration_ms"":0,""duration_state"":""observed""},{""number"":5,""name"":""Download Velnor workflow runtime"",""status"":""completed"",""conclusion"":""success"",""started_at"":""2026-09-20T16:57:36Z"",""completed_at"":""2026-09-20T16:57:37Z"",""duration_ms"":1000,""duration_state"":""observed""},{""number"":6,""name"":""Verify Velnor workflow runtime"",""status"":""completed"",""conclusion"":""success"",""started_at"":""2026-09-20T16:57:37Z"",""completed_at"":""2026-09-20T16:57:37Z"",""duration_ms"":0,""duration_state"":""observed""},{""number"":7,""name"":""Add Velnor workflow runtime to PATH"",""status"":""completed"",""conclusion"":""success"",""started_at"":""2026-09-20T16:57:37Z"",""completed_at"":""2026-09-20T16:57:37Z"",""duration_ms"":0,""duration_state"":""observed""},{""number"":8,""name"":""Mark runner setup end"",""status"":""completed"",""conclusion"":""success"",""started_at"":""2026-09-20T16:57:37Z"",""completed_at"":""2026-09-20T16:57:37Z"",""duration_ms"":0,""duration_state"":""observed""},{""number"":9,""name"":""Materialize Velnor CI selection"",""status"":""completed"",""conclusion"":""success"",""started_at"":""2026-09-20T16:57:37Z"",""completed_at"":""2026-09-20T16:57:37Z"",""duration_ms"":0,""duration_state"":""observed""},{""number"":10,""name"":""Mark selection transport end"",""status"":""completed"",""conclusion"":""success"",""started_at"":""2026-09-20T16:57:37Z"",""completed_at"":""2026-09-20T16:57:37Z"",""duration_ms"":0,""duration_state"":""observed""},{""number"":11,""name"":""Restore Rust toolchain"",""status"":""completed"",""conclusion"":""success"",""started_at"":""2026-09-20T16:57:37Z"",""completed_at"":""2026-09-20T16:57:44Z"",""duration_ms"":7000,""duration_state"":""observed""},{""number"":12,""name"":""Provision Rust toolchain"",""status"":""completed"",""conclusion"":""success"",""started_at"":""2026-09-20T16:57:44Z"",""completed_at"":""2026-09-20T16:57:44Z"",""duration_ms"":0,""duration_state"":""observed""},{""number"":13,""name"":""Save Rust toolchain"",""status"":""completed"",""conclusion"":""skipped"",""started_at"":""2026-09-20T16:57:44Z"",""completed_at"":""2026-09-20T16:57:44Z"",""duration_ms"":0,""duration_state"":""observed""},{""number"":14,""name"":""Set up Mise tools"",""status"":""completed"",""conclusion"":""success"",""started_at"":""2026-09-20T16:57:44Z"",""completed_at"":""2026-09-20T16:57:46Z"",""duration_ms"":2000,""duration_state"":""observed""},{""number"":15,""name"":""Set up Mise"",""status"":""completed"",""conclusion"":""skipped"",""started_at"":""2026-09-20T16:57:46Z"",""completed_at"":""2026-09-20T16:57:46Z"",""duration_ms"":0,""duration_state"":""observed""},{""number"":16,""name"":""Bound the Mr. Boxington store"",""status"":""completed"",""conclusion"":""success"",""started_at"":""2026-09-20T16:57:46Z"",""completed_at"":""2026-09-20T16:57:46Z"",""duration_ms"":0,""duration_state"":""observed""},{""number"":17,""name"":""Set up Mr. Boxington"",""status"":""completed"",""conclusion"":""success"",""started_at"":""2026-09-20T16:57:46Z"",""completed_at"":""2026-09-20T16:58:14Z"",""duration_ms"":28000,""duration_state"":""observed""},{""number"":18,""name"":""Restore cargo bin toolchain"",""status"":""completed"",""conclusion"":""skipped"",""started_at"":""2026-09-20T16:58:14Z"",""completed_at"":""2026-09-20T16:58:14Z"",""duration_ms"":0,""duration_state"":""observed""},{""number"":19,""name"":""Verify cargo bin tools"",""status"":""completed"",""conclusion"":""skipped"",""started_at"":""2026-09-20T16:58:14Z"",""completed_at"":""2026-09-20T16:58:14Z"",""duration_ms"":0,""duration_state"":""observed""},{""number"":20,""name"":""Set up cargo bin tools"",""status"":""completed"",""conclusion"":""skipped"",""started_at"":""2026-09-20T16:58:14Z"",""completed_at"":""2026-09-20T16:58:14Z"",""duration_ms"":0,""duration_state"":""observed""},{""number"":21,""name"":""Save cargo bin toolchain"",""status"":""completed"",""conclusion"":""skipped"",""started_at"":""2026-09-20T16:58:14Z"",""completed_at"":""2026-09-20T16:58:14Z"",""duration_ms"":0,""duration_state"":""observed""},{""number"":22,""name"":""Restore mold 2.42.0 cache"",""status"":""completed"",""conclusion"":""success"",""started_at"":""2026-09-20T16:58:14Z"",""completed_at"":""2026-09-20T16:58:14Z"",""duration_ms"":0,""duration_state"":""observed""},{""number"":23,""name"":""Set up mold 2.42.0"",""status"":""completed"",""conclusion"":""success"",""started_at"":""2026-09-20T16:58:14Z"",""completed_at"":""2026-09-20T16:58:15Z"",""duration_ms"":1000,""duration_state"":""observed""},{""number"":24,""name"":""Save mold 2.42.0 cache"",""status"":""completed"",""conclusion"":""skipped"",""started_at"":""2026-09-20T16:58:15Z"",""completed_at"":""2026-09-20T16:58:15Z"",""duration_ms"":0,""duration_state"":""observed""},{""number"":25,""name"":""Mark tool bootstrap end"",""status"":""completed"",""conclusion"":""success"",""started_at"":""2026-09-20T16:58:15Z"",""completed_at"":""2026-09-20T16:58:15Z"",""duration_ms"":0,""duration_state"":""observed""},{""number"":26,""name"":""Restore unit cache"",""status"":""completed"",""conclusion"":""success"",""started_at"":""2026-09-20T16:58:15Z"",""completed_at"":""2026-09-20T16:58:20Z"",""duration_ms"":5000,""duration_state"":""observed""},{""number"":27,""name"":""Mark cache prep end"",""status"":""completed"",""conclusion"":""success"",""started_at"":""2026-09-20T16:58:20Z"",""completed_at"":""2026-09-20T16:58:20Z"",""duration_ms"":0,""duration_state"":""observed""},{""number"":28,""name"":""Prepare Cargo sources"",""status"":""completed"",""conclusion"":""success"",""started_at"":""2026-09-20T16:58:20Z"",""completed_at"":""2026-09-20T16:58:20Z"",""duration_ms"":0,""duration_state"":""observed""},{""number"":29,""name"":""Mark cargo fetch end"",""status"":""completed"",""conclusion"":""success"",""started_at"":""2026-09-20T16:58:20Z"",""completed_at"":""2026-09-20T16:58:20Z"",""duration_ms"":0,""duration_state"":""observed""},{""number"":30,""name"":""Fetch D19 pin history"",""status"":""completed"",""conclusion"":""success"",""started_at"":""2026-09-20T16:58:20Z"",""completed_at"":""2026-09-20T16:58:21Z"",""duration_ms"":1000,""duration_state"":""observed""},{""number"":31,""name"":""Run unit checks"",""status"":""completed"",""conclusion"":""success"",""started_at"":""2026-09-20T16:58:21Z"",""completed_at"":""2026-09-20T17:01:04Z"",""duration_ms"":163000,""duration_state"":""observed""},{""number"":32,""name"":""Mark candidate phase start"",""status"":""completed"",""conclusion"":""success"",""started_at"":""2026-09-20T17:01:04Z"",""completed_at"":""2026-09-20T17:01:04Z"",""duration_ms"":0,""duration_state"":""observed""},{""number"":33,""name"":""Mark candidate preparation start"",""status"":""completed"",""conclusion"":""success"",""started_at"":""2026-09-20T17:01:04Z"",""completed_at"":""2026-09-20T17:01:04Z"",""duration_ms"":0,""duration_state"":""observed""},{""number"":34,""name"":""Prepare candidate generator product"",""status"":""completed"",""conclusion"":""success"",""started_at"":""2026-09-20T17:01:04Z"",""completed_at"":""2026-09-20T17:01:08Z"",""duration_ms"":4000,""duration_state"":""observed""},{""number"":35,""name"":""Mark candidate preparation end"",""status"":""completed"",""conclusion"":""success"",""started_at"":""2026-09-20T17:01:08Z"",""completed_at"":""2026-09-20T17:01:08Z"",""duration_ms"":0,""duration_state"":""observed""},{""number"":36,""name"":""Mark candidate publication start"",""status"":""completed"",""conclusion"":""success"",""started_at"":""2026-09-20T17:01:08Z"",""completed_at"":""2026-09-20T17:01:08Z"",""duration_ms"":0,""duration_state"":""observed""},{""number"":37,""name"":""Publish candidate generator product"",""status"":""completed"",""conclusion"":""success"",""started_at"":""2026-09-20T17:01:08Z"",""completed_at"":""2026-09-20T17:01:14Z"",""duration_ms"":6000,""duration_state"":""observed""},{""number"":38,""name"":""Mark candidate publication end"",""status"":""completed"",""conclusion"":""success"",""started_at"":""2026-09-20T17:01:14Z"",""completed_at"":""2026-09-20T17:01:14Z"",""duration_ms"":0,""duration_state"":""observed""},{""number"":39,""name"":""Mark candidate phase end"",""status"":""completed"",""conclusion"":""success"",""started_at"":""2026-09-20T17:01:14Z"",""completed_at"":""2026-09-20T17:01:14Z"",""duration_ms"":0,""duration_state"":""observed""},{""number"":40,""name"":""Mark BUNDLE cache-save start"",""status"":""completed"",""conclusion"":""skipped"",""started_at"":""2026-09-20T17:01:14Z"",""completed_at"":""2026-09-20T17:01:14Z"",""duration_ms"":0,""duration_state"":""observed""},{""number"":41,""name"":""Save unit cache"",""status"":""completed"",""conclusion"":""skipped"",""started_at"":""2026-09-20T17:01:14Z"",""completed_at"":""2026-09-20T17:01:14Z"",""duration_ms"":0,""duration_state"":""observed""},{""number"":42,""name"":""Mark BUNDLE cache-save end"",""status"":""completed"",""conclusion"":""skipped"",""started_at"":""2026-09-20T17:01:14Z"",""completed_at"":""2026-09-20T17:01:14Z"",""duration_ms"":0,""duration_state"":""observed""},{""number"":43,""name"":""Report phase timings and cache outcomes"",""status"":""completed"",""conclusion"":""success"",""started_at"":""2026-09-20T17:01:14Z"",""completed_at"":""2026-09-20T17:01:14Z"",""duration_ms"":0,""duration_state"":""observed""},{""number"":85,""name"":""Post Set up Mr. Boxington"",""status"":""completed"",""conclusion"":""success"",""started_at"":""2026-09-20T17:01:14Z"",""completed_at"":""2026-09-20T17:01:15Z"",""duration_ms"":1000,""duration_state"":""observed""},{""number"":86,""name"":""Post Checkout"",""status"":""completed"",""conclusion"":""success"",""started_at"":""2026-09-20T17:01:15Z"",""completed_at"":""2026-09-20T17:01:15Z"",""duration_ms"":0,""duration_state"":""observed""},{""number"":87,""name"":""Complete job"",""status"":""completed"",""conclusion"":""success"",""started_at"":""2026-09-20T17:01:15Z"",""completed_at"":""2026-09-20T17:01:15Z"",""duration_ms"":0,""duration_state"":""observed""}]"
"job","35524310993","1211","1","pull_request","CI / PR · pull_request · 978/merge","347892207",".github/workflows/ci-pr.yml","completed","success","true","codex/ci-performance-next","unknown","ce75f7c322cbb427d4aea2138abdb9fc5e0f5ed9","unknown","unknown.pull_request_source_not_proven","ce75f7c322cbb427d4aea2138abdb9fc5e0f5ed9","unknown","unknown","unknown","[{""path"":""tailrocks/velnor/.github/workflows/ci-unit-bun.yml@8955c765dd607b54a9f0f8fdfe440ca4b95b5a88"",""sha"":""8955c765dd607b54a9f0f8fdfe440ca4b95b5a88"",""ref"":""refs/pull/978/merge""},{""path"":""tailrocks/velnor/.github/workflows/ci-unit-docker.yml@8955c765dd607b54a9f0f8fdfe440ca4b95b5a88"",""sha"":""8955c765dd607b54a9f0f8fdfe440ca4b95b5a88"",""ref"":""refs/pull/978/merge""},{""path"":""tailrocks/velnor/.github/workflows/ci-unit-docs.yml@8955c765dd607b54a9f0f8fdfe440ca4b95b5a88"",""sha"":""8955c765dd607b54a9f0f8fdfe440ca4b95b5a88"",""ref"":""refs/pull/978/merge""},{""path"":""tailrocks/velnor/.github/workflows/ci-unit-opentofu.yml@8955c765dd607b54a9f0f8fdfe440ca4b95b5a88"",""sha"":""8955c765dd607b54a9f0f8fdfe440ca4b95b5a88"",""ref"":""refs/pull/978/merge""},{""path"":""tailrocks/velnor/.github/workflows/ci-unit-rust.yml@8955c765dd607b54a9f0f8fdfe440ca4b95b5a88"",""sha"":""8955c765dd607b54a9f0f8fdfe440ca4b95b5a88"",""ref"":""refs/pull/978/merge""}]","[]","2026-09-20T16:57:13Z","2026-09-20T16:57:13Z","2026-09-20T17:06:21Z","unknown","68","68","true","0","true","true","complete_fresh","verified","2026-09-20T17:06:20Z","547000","observed_initial_attempt","547000","547000","1558000","1558000","1558000","unknown","0","0","20","0","0","0","0","48","0","unclassified","517000","Rust · velnor-runner · github-hosted — rust-velnor-runner / GitHub · hosted","unknown","not_computed_without_dependency_graph","2026-09-20T17:06:15Z","observed","106113737727","1","Rust · velnor-bench · github-hosted — rust-velnor-bench / GitHub · hosted","completed","success","GitHub Actions 1000087414","GitHub Actions","1000087414","2026-09-20T16:57:32Z","2026-09-20T16:59:02Z","90000","observed","fresh","46","46","[{""number"":1,""name"":""Set up job"",""status"":""completed"",""conclusion"":""success"",""started_at"":""2026-09-20T16:57:32Z"",""completed_at"":""2026-09-20T16:57:35Z"",""duration_ms"":3000,""duration_state"":""observed""},{""number"":2,""name"":""Mark CI job start"",""status"":""completed"",""conclusion"":""success"",""started_at"":""2026-09-20T16:57:35Z"",""completed_at"":""2026-09-20T16:57:35Z"",""duration_ms"":0,""duration_state"":""observed""},{""number"":3,""name"":""Checkout"",""status"":""completed"",""conclusion"":""success"",""started_at"":""2026-09-20T16:57:35Z"",""completed_at"":""2026-09-20T16:57:37Z"",""duration_ms"":2000,""duration_state"":""observed""},{""number"":4,""name"":""Record unit dependencies"",""status"":""completed"",""conclusion"":""success"",""started_at"":""2026-09-20T16:57:37Z"",""completed_at"":""2026-09-20T16:57:37Z"",""duration_ms"":0,""duration_state"":""observed""},{""number"":5,""name"":""Download Velnor workflow runtime"",""status"":""completed"",""conclusion"":""success"",""started_at"":""2026-09-20T16:57:37Z"",""completed_at"":""2026-09-20T16:57:38Z"",""duration_ms"":1000,""duration_state"":""observed""},{""number"":6,""name"":""Verify Velnor workflow runtime"",""status"":""completed"",""conclusion"":""success"",""started_at"":""2026-09-20T16:57:38Z"",""completed_at"":""2026-09-20T16:57:38Z"",""duration_ms"":0,""duration_state"":""observed""},{""number"":7,""name"":""Add Velnor workflow runtime to PATH"",""status"":""completed"",""conclusion"":""success"",""started_at"":""2026-09-20T16:57:38Z"",""completed_at"":""2026-09-20T16:57:38Z"",""duration_ms"":0,""duration_state"":""observed""},{""number"":8,""name"":""Mark runner setup end"",""status"":""completed"",""conclusion"":""success"",""started_at"":""2026-09-20T16:57:38Z"",""completed_at"":""2026-09-20T16:57:38Z"",""duration_ms"":0,""duration_state"":""observed""},{""number"":9,""name"":""Materialize Velnor CI selection"",""status"":""completed"",""conclusion"":""success"",""started_at"":""2026-09-20T16:57:38Z"",""completed_at"":""2026-09-20T16:57:38Z"",""duration_ms"":0,""duration_state"":""observed""},{""number"":10,""name"":""Mark selection transport end"",""status"":""completed"",""conclusion"":""success"",""started_at"":""2026-09-20T16:57:38Z"",""completed_at"":""2026-09-20T16:57:38Z"",""duration_ms"":0,""duration_state"":""observed""},{""number"":11,""name"":""Restore Rust toolchain"",""status"":""completed"",""conclusion"":""success"",""started_at"":""2026-09-20T16:57:38Z"",""completed_at"":""2026-09-20T16:57:45Z"",""duration_ms"":7000,""duration_state"":""observed""},{""number"":12,""name"":""Provision Rust toolchain"",""status"":""completed"",""conclusion"":""success"",""started_at"":""2026-09-20T16:57:45Z"",""completed_at"":""2026-09-20T16:57:45Z"",""duration_ms"":0,""duration_state"":""observed""},{""number"":13,""name"":""Save Rust toolchain"",""status"":""completed"",""conclusion"":""skipped"",""started_at"":""2026-09-20T16:57:45Z"",""completed_at"":""2026-09-20T16:57:45Z"",""duration_ms"":0,""duration_state"":""observed""},{""number"":14,""name"":""Set up Mise tools"",""status"":""completed"",""conclusion"":""success"",""started_at"":""2026-09-20T16:57:45Z"",""completed_at"":""2026-09-20T16:57:48Z"",""duration_ms"":3000,""duration_state"":""observed""},{""number"":15,""name"":""Set up Mise"",""status"":""completed"",""conclusion"":""skipped"",""started_at"":""2026-09-20T16:57:48Z"",""completed_at"":""2026-09-20T16:57:48Z"",""duration_ms"":0,""duration_state"":""observed""},{""number"":16,""name"":""Bound the Mr. Boxington store"",""status"":""completed"",""conclusion"":""success"",""started_at"":""2026-09-20T16:57:48Z"",""completed_at"":""2026-09-20T16:57:48Z"",""duration_ms"":0,""duration_state"":""observed""},{""number"":17,""name"":""Set up Mr. Boxington"",""status"":""completed"",""conclusion"":""success"",""started_at"":""2026-09-20T16:57:48Z"",""completed_at"":""2026-09-20T16:58:10Z"",""duration_ms"":22000,""duration_state"":""observed""},{""number"":18,""name"":""Restore cargo bin toolchain"",""status"":""completed"",""conclusion"":""skipped"",""started_at"":""2026-09-20T16:58:10Z"",""completed_at"":""2026-09-20T16:58:10Z"",""duration_ms"":0,""duration_state"":""observed""},{""number"":19,""name"":""Verify cargo bin tools"",""status"":""completed"",""conclusion"":""skipped"",""started_at"":""2026-09-20T16:58:10Z"",""completed_at"":""2026-09-20T16:58:10Z"",""duration_ms"":0,""duration_state"":""observed""},{""number"":20,""name"":""Set up cargo bin tools"",""status"":""completed"",""conclusion"":""skipped"",""started_at"":""2026-09-20T16:58:10Z"",""completed_at"":""2026-09-20T16:58:10Z"",""duration_ms"":0,""duration_state"":""observed""},{""number"":21,""name"":""Save cargo bin toolchain"",""status"":""completed"",""conclusion"":""skipped"",""started_at"":""2026-09-20T16:58:10Z"",""completed_at"":""2026-09-20T16:58:10Z"",""duration_ms"":0,""duration_state"":""observed""},{""number"":22,""name"":""Restore mold 2.42.0 cache"",""status"":""completed"",""conclusion"":""success"",""started_at"":""2026-09-20T16:58:10Z"",""completed_at"":""2026-09-20T16:58:11Z"",""duration_ms"":1000,""duration_state"":""observed""},{""number"":23,""name"":""Set up mold 2.42.0"",""status"":""completed"",""conclusion"":""success"",""started_at"":""2026-09-20T16:58:11Z"",""completed_at"":""2026-09-20T16:58:11Z"",""duration_ms"":0,""duration_state"":""observed""},{""number"":24,""name"":""Save mold 2.42.0 cache"",""status"":""completed"",""conclusion"":""skipped"",""started_at"":""2026-09-20T16:58:11Z"",""completed_at"":""2026-09-20T16:58:11Z"",""duration_ms"":0,""duration_state"":""observed""},{""number"":25,""name"":""Mark tool bootstrap end"",""status"":""completed"",""conclusion"":""success"",""started_at"":""2026-09-20T16:58:11Z"",""completed_at"":""2026-09-20T16:58:11Z"",""duration_ms"":0,""duration_state"":""observed""},{""number"":26,""name"":""Restore unit cache"",""status"":""completed"",""conclusion"":""success"",""started_at"":""2026-09-20T16:58:11Z"",""completed_at"":""2026-09-20T16:58:16Z"",""duration_ms"":5000,""duration_state"":""observed""},{""number"":27,""name"":""Mark cache prep end"",""status"":""completed"",""conclusion"":""success"",""started_at"":""2026-09-20T16:58:16Z"",""completed_at"":""2026-09-20T16:58:17Z"",""duration_ms"":1000,""duration_state"":""observed""},{""number"":28,""name"":""Prepare Cargo sources"",""status"":""completed"",""conclusion"":""success"",""started_at"":""2026-09-20T16:58:17Z"",""completed_at"":""2026-09-20T16:58:19Z"",""duration_ms"":2000,""duration_state"":""observed""},{""number"":29,""name"":""Mark cargo fetch end"",""status"":""completed"",""conclusion"":""success"",""started_at"":""2026-09-20T16:58:19Z"",""completed_at"":""2026-09-20T16:58:19Z"",""duration_ms"":0,""duration_state"":""observed""},{""number"":30,""name"":""Fetch D19 pin history"",""status"":""completed"",""conclusion"":""success"",""started_at"":""2026-09-20T16:58:19Z"",""completed_at"":""2026-09-20T16:58:19Z"",""duration_ms"":0,""duration_state"":""observed""},{""number"":31,""name"":""Run unit checks"",""status"":""completed"",""conclusion"":""success"",""started_at"":""2026-09-20T16:58:19Z"",""completed_at"":""2026-09-20T16:58:59Z"",""duration_ms"":40000,""duration_state"":""observed""},{""number"":32,""name"":""Mark candidate phase start"",""status"":""completed"",""conclusion"":""skipped"",""started_at"":""2026-09-20T16:58:59Z"",""completed_at"":""2026-09-20T16:58:59Z"",""duration_ms"":0,""duration_state"":""observed""},{""number"":33,""name"":""Mark candidate preparation start"",""status"":""completed"",""conclusion"":""skipped"",""started_at"":""2026-09-20T16:58:59Z"",""completed_at"":""2026-09-20T16:58:59Z"",""duration_ms"":0,""duration_state"":""observed""},{""number"":34,""name"":""Prepare candidate generator product"",""status"":""completed"",""conclusion"":""skipped"",""started_at"":""2026-09-20T16:58:59Z"",""completed_at"":""2026-09-20T16:58:59Z"",""duration_ms"":0,""duration_state"":""observed""},{""number"":35,""name"":""Mark candidate preparation end"",""status"":""completed"",""conclusion"":""skipped"",""started_at"":""2026-09-20T16:58:59Z"",""completed_at"":""2026-09-20T16:58:59Z"",""duration_ms"":0,""duration_state"":""observed""},{""number"":36,""name"":""Mark candidate publication start"",""status"":""completed"",""conclusion"":""skipped"",""started_at"":""2026-09-20T16:58:59Z"",""completed_at"":""2026-09-20T16:58:59Z"",""duration_ms"":0,""duration_state"":""observed""},{""number"":37,""name"":""Publish candidate generator product"",""status"":""completed"",""conclusion"":""skipped"",""started_at"":""2026-09-20T16:58:59Z"",""completed_at"":""2026-09-20T16:58:59Z"",""duration_ms"":0,""duration_state"":""observed""},{""number"":38,""name"":""Mark candidate publication end"",""status"":""completed"",""conclusion"":""skipped"",""started_at"":""2026-09-20T16:58:59Z"",""completed_at"":""2026-09-20T16:58:59Z"",""duration_ms"":0,""duration_state"":""observed""},{""number"":39,""name"":""Mark candidate phase end"",""status"":""completed"",""conclusion"":""skipped"",""started_at"":""2026-09-20T16:58:59Z"",""completed_at"":""2026-09-20T16:58:59Z"",""duration_ms"":0,""duration_state"":""observed""},{""number"":40,""name"":""Mark BUNDLE cache-save start"",""status"":""completed"",""conclusion"":""skipped"",""started_at"":""2026-09-20T16:58:59Z"",""completed_at"":""2026-09-20T16:58:59Z"",""duration_ms"":0,""duration_state"":""observed""},{""number"":41,""name"":""Save unit cache"",""status"":""completed"",""conclusion"":""skipped"",""started_at"":""2026-09-20T16:58:59Z"",""completed_at"":""2026-09-20T16:58:59Z"",""duration_ms"":0,""duration_state"":""observed""},{""number"":42,""name"":""Mark BUNDLE cache-save end"",""status"":""completed"",""conclusion"":""skipped"",""started_at"":""2026-09-20T16:58:59Z"",""completed_at"":""2026-09-20T16:58:59Z"",""duration_ms"":0,""duration_state"":""observed""},{""number"":43,""name"":""Report phase timings and cache outcomes"",""status"":""completed"",""conclusion"":""success"",""started_at"":""2026-09-20T16:58:59Z"",""completed_at"":""2026-09-20T16:59:00Z"",""duration_ms"":1000,""duration_state"":""observed""},{""number"":85,""name"":""Post Set up Mr. Boxington"",""status"":""completed"",""conclusion"":""success"",""started_at"":""2026-09-20T16:59:00Z"",""completed_at"":""2026-09-20T16:59:00Z"",""duration_ms"":0,""duration_state"":""observed""},{""number"":86,""name"":""Post Checkout"",""status"":""completed"",""conclusion"":""success"",""started_at"":""2026-09-20T16:59:00Z"",""completed_at"":""2026-09-20T16:59:00Z"",""duration_ms"":0,""duration_state"":""observed""},{""number"":87,""name"":""Complete job"",""status"":""completed"",""conclusion"":""success"",""started_at"":""2026-09-20T16:59:00Z"",""completed_at"":""2026-09-20T16:59:00Z"",""duration_ms"":0,""duration_state"":""observed""}]"
"job","35524310993","1211","1","pull_request","CI / PR · pull_request · 978/merge","347892207",".github/workflows/ci-pr.yml","completed","success","true","codex/ci-performance-next","unknown","ce75f7c322cbb427d4aea2138abdb9fc5e0f5ed9","unknown","unknown.pull_request_source_not_proven","ce75f7c322cbb427d4aea2138abdb9fc5e0f5ed9","unknown","unknown","unknown","[{""path"":""tailrocks/velnor/.github/workflows/ci-unit-bun.yml@8955c765dd607b54a9f0f8fdfe440ca4b95b5a88"",""sha"":""8955c765dd607b54a9f0f8fdfe440ca4b95b5a88"",""ref"":""refs/pull/978/merge""},{""path"":""tailrocks/velnor/.github/workflows/ci-unit-docker.yml@8955c765dd607b54a9f0f8fdfe440ca4b95b5a88"",""sha"":""8955c765dd607b54a9f0f8fdfe440ca4b95b5a88"",""ref"":""refs/pull/978/merge""},{""path"":""tailrocks/velnor/.github/workflows/ci-unit-docs.yml@8955c765dd607b54a9f0f8fdfe440ca4b95b5a88"",""sha"":""8955c765dd607b54a9f0f8fdfe440ca4b95b5a88"",""ref"":""refs/pull/978/merge""},{""path"":""tailrocks/velnor/.github/workflows/ci-unit-opentofu.yml@8955c765dd607b54a9f0f8fdfe440ca4b95b5a88"",""sha"":""8955c765dd607b54a9f0f8fdfe440ca4b95b5a88"",""ref"":""refs/pull/978/merge""},{""path"":""tailrocks/velnor/.github/workflows/ci-unit-rust.yml@8955c765dd607b54a9f0f8fdfe440ca4b95b5a88"",""sha"":""8955c765dd607b54a9f0f8fdfe440ca4b95b5a88"",""ref"":""refs/pull/978/merge""}]","[]","2026-09-20T16:57:13Z","2026-09-20T16:57:13Z","2026-09-20T17:06:21Z","unknown","68","68","true","0","true","true","complete_fresh","verified","2026-09-20T17:06:20Z","547000","observed_initial_attempt","547000","547000","1558000","1558000","1558000","unknown","0","0","20","0","0","0","0","48","0","unclassified","517000","Rust · velnor-runner · github-hosted — rust-velnor-runner / GitHub · hosted","unknown","not_computed_without_dependency_graph","2026-09-20T17:06:15Z","observed","106113737766","1","Rust · unit-collector · github-hosted — rust-unit-collector / GitHub · hosted","completed","success","GitHub Actions 1000087411","GitHub Actions","1000087411","2026-09-20T16:57:32Z","2026-09-20T16:58:19Z","47000","observed","fresh","46","46","[{""number"":1,""name"":""Set up job"",""status"":""completed"",""conclusion"":""success"",""started_at"":""2026-09-20T16:57:33Z"",""completed_at"":""2026-09-20T16:57:36Z"",""duration_ms"":3000,""duration_state"":""observed""},{""number"":2,""name"":""Mark CI job start"",""status"":""completed"",""conclusion"":""success"",""started_at"":""2026-09-20T16:57:36Z"",""completed_at"":""2026-09-20T16:57:36Z"",""duration_ms"":0,""duration_state"":""observed""},{""number"":3,""name"":""Checkout"",""status"":""completed"",""conclusion"":""success"",""started_at"":""2026-09-20T16:57:36Z"",""completed_at"":""2026-09-20T16:57:38Z"",""duration_ms"":2000,""duration_state"":""observed""},{""number"":4,""name"":""Record unit dependencies"",""status"":""completed"",""conclusion"":""success"",""started_at"":""2026-09-20T16:57:38Z"",""completed_at"":""2026-09-20T16:57:38Z"",""duration_ms"":0,""duration_state"":""observed""},{""number"":5,""name"":""Download Velnor workflow runtime"",""status"":""completed"",""conclusion"":""success"",""started_at"":""2026-09-20T16:57:38Z"",""completed_at"":""2026-09-20T16:57:41Z"",""duration_ms"":3000,""duration_state"":""observed""},{""number"":6,""name"":""Verify Velnor workflow runtime"",""status"":""completed"",""conclusion"":""success"",""started_at"":""2026-09-20T16:57:41Z"",""completed_at"":""2026-09-20T16:57:41Z"",""duration_ms"":0,""duration_state"":""observed""},{""number"":7,""name"":""Add Velnor workflow runtime to PATH"",""status"":""completed"",""conclusion"":""success"",""started_at"":""2026-09-20T16:57:41Z"",""completed_at"":""2026-09-20T16:57:41Z"",""duration_ms"":0,""duration_state"":""observed""},{""number"":8,""name"":""Mark runner setup end"",""status"":""completed"",""conclusion"":""success"",""started_at"":""2026-09-20T16:57:41Z"",""completed_at"":""2026-09-20T16:57:41Z"",""duration_ms"":0,""duration_state"":""observed""},{""number"":9,""name"":""Materialize Velnor CI selection"",""status"":""completed"",""conclusion"":""success"",""started_at"":""2026-09-20T16:57:41Z"",""completed_at"":""2026-09-20T16:57:41Z"",""duration_ms"":0,""duration_state"":""observed""},{""number"":10,""name"":""Mark selection transport end"",""status"":""completed"",""conclusion"":""success"",""started_at"":""2026-09-20T16:57:41Z"",""completed_at"":""2026-09-20T16:57:41Z"",""duration_ms"":0,""duration_state"":""observed""},{""number"":11,""name"":""Restore Rust toolchain"",""status"":""completed"",""conclusion"":""success"",""started_at"":""2026-09-20T16:57:41Z"",""completed_at"":""2026-09-20T16:57:51Z"",""duration_ms"":10000,""duration_state"":""observed""},{""number"":12,""name"":""Provision Rust toolchain"",""status"":""completed"",""conclusion"":""success"",""started_at"":""2026-09-20T16:57:51Z"",""completed_at"":""2026-09-20T16:57:53Z"",""duration_ms"":2000,""duration_state"":""observed""},{""number"":13,""name"":""Save Rust toolchain"",""status"":""completed"",""conclusion"":""skipped"",""started_at"":""2026-09-20T16:57:53Z"",""completed_at"":""2026-09-20T16:57:53Z"",""duration_ms"":0,""duration_state"":""observed""},{""number"":14,""name"":""Set up Mise tools"",""status"":""completed"",""conclusion"":""success"",""started_at"":""2026-09-20T16:57:53Z"",""completed_at"":""2026-09-20T16:57:56Z"",""duration_ms"":3000,""duration_state"":""observed""},{""number"":15,""name"":""Set up Mise"",""status"":""completed"",""conclusion"":""skipped"",""started_at"":""2026-09-20T16:57:56Z"",""completed_at"":""2026-09-20T16:57:56Z"",""duration_ms"":0,""duration_state"":""observed""},{""number"":16,""name"":""Bound the Mr. Boxington store"",""status"":""completed"",""conclusion"":""success"",""started_at"":""2026-09-20T16:57:56Z"",""completed_at"":""2026-09-20T16:57:56Z"",""duration_ms"":0,""duration_state"":""observed""},{""number"":17,""name"":""Set up Mr. Boxington"",""status"":""completed"",""conclusion"":""success"",""started_at"":""2026-09-20T16:57:56Z"",""completed_at"":""2026-09-20T16:57:59Z"",""duration_ms"":3000,""duration_state"":""observed""},{""number"":18,""name"":""Restore cargo bin toolchain"",""status"":""completed"",""conclusion"":""skipped"",""started_at"":""2026-09-20T16:57:59Z"",""completed_at"":""2026-09-20T16:57:59Z"",""duration_ms"":0,""duration_state"":""observed""},{""number"":19,""name"":""Verify cargo bin tools"",""status"":""completed"",""conclusion"":""skipped"",""started_at"":""2026-09-20T16:57:59Z"",""completed_at"":""2026-09-20T16:57:59Z"",""duration_ms"":0,""duration_state"":""observed""},{""number"":20,""name"":""Set up cargo bin tools"",""status"":""completed"",""conclusion"":""skipped"",""started_at"":""2026-09-20T16:57:59Z"",""completed_at"":""2026-09-20T16:57:59Z"",""duration_ms"":0,""duration_state"":""observed""},{""number"":21,""name"":""Save cargo bin toolchain"",""status"":""completed"",""conclusion"":""skipped"",""started_at"":""2026-09-20T16:57:59Z"",""completed_at"":""2026-09-20T16:57:59Z"",""duration_ms"":0,""duration_state"":""observed""},{""number"":22,""name"":""Restore mold 2.42.0 cache"",""status"":""completed"",""conclusion"":""success"",""started_at"":""2026-09-20T16:57:59Z"",""completed_at"":""2026-09-20T16:58:01Z"",""duration_ms"":2000,""duration_state"":""observed""},{""number"":23,""name"":""Set up mold 2.42.0"",""status"":""completed"",""conclusion"":""success"",""started_at"":""2026-09-20T16:58:01Z"",""completed_at"":""2026-09-20T16:58:01Z"",""duration_ms"":0,""duration_state"":""observed""},{""number"":24,""name"":""Save mold 2.42.0 cache"",""status"":""completed"",""conclusion"":""skipped"",""started_at"":""2026-09-20T16:58:01Z"",""completed_at"":""2026-09-20T16:58:01Z"",""duration_ms"":0,""duration_state"":""observed""},{""number"":25,""name"":""Mark tool bootstrap end"",""status"":""completed"",""conclusion"":""success"",""started_at"":""2026-09-20T16:58:01Z"",""completed_at"":""2026-09-20T16:58:01Z"",""duration_ms"":0,""duration_state"":""observed""},{""number"":26,""name"":""Restore unit cache"",""status"":""completed"",""conclusion"":""success"",""started_at"":""2026-09-20T16:58:01Z"",""completed_at"":""2026-09-20T16:58:07Z"",""duration_ms"":6000,""duration_state"":""observed""},{""number"":27,""name"":""Mark cache prep end"",""status"":""completed"",""conclusion"":""success"",""started_at"":""2026-09-20T16:58:07Z"",""completed_at"":""2026-09-20T16:58:07Z"",""duration_ms"":0,""duration_state"":""observed""},{""number"":28,""name"":""Prepare Cargo sources"",""status"":""completed"",""conclusion"":""success"",""started_at"":""2026-09-20T16:58:07Z"",""completed_at"":""2026-09-20T16:58:07Z"",""duration_ms"":0,""duration_state"":""observed""},{""number"":29,""name"":""Mark cargo fetch end"",""status"":""completed"",""conclusion"":""success"",""started_at"":""2026-09-20T16:58:07Z"",""completed_at"":""2026-09-20T16:58:07Z"",""duration_ms"":0,""duration_state"":""observed""},{""number"":30,""name"":""Fetch D19 pin history"",""status"":""completed"",""conclusion"":""success"",""started_at"":""2026-09-20T16:58:07Z"",""completed_at"":""2026-09-20T16:58:07Z"",""duration_ms"":0,""duration_state"":""observed""},{""number"":31,""name"":""Run unit checks"",""status"":""completed"",""conclusion"":""success"",""started_at"":""2026-09-20T16:58:07Z"",""completed_at"":""2026-09-20T16:58:16Z"",""duration_ms"":9000,""duration_state"":""observed""},{""number"":32,""name"":""Mark candidate phase start"",""status"":""completed"",""conclusion"":""skipped"",""started_at"":""2026-09-20T16:58:16Z"",""completed_at"":""2026-09-20T16:58:16Z"",""duration_ms"":0,""duration_state"":""observed""},{""number"":33,""name"":""Mark candidate preparation start"",""status"":""completed"",""conclusion"":""skipped"",""started_at"":""2026-09-20T16:58:16Z"",""completed_at"":""2026-09-20T16:58:16Z"",""duration_ms"":0,""duration_state"":""observed""},{""number"":34,""name"":""Prepare candidate generator product"",""status"":""completed"",""conclusion"":""skipped"",""started_at"":""2026-09-20T16:58:16Z"",""completed_at"":""2026-09-20T16:58:16Z"",""duration_ms"":0,""duration_state"":""observed""},{""number"":35,""name"":""Mark candidate preparation end"",""status"":""completed"",""conclusion"":""skipped"",""started_at"":""2026-09-20T16:58:16Z"",""completed_at"":""2026-09-20T16:58:16Z"",""duration_ms"":0,""duration_state"":""observed""},{""number"":36,""name"":""Mark candidate publication start"",""status"":""completed"",""conclusion"":""skipped"",""started_at"":""2026-09-20T16:58:16Z"",""completed_at"":""2026-09-20T16:58:16Z"",""duration_ms"":0,""duration_state"":""observed""},{""number"":37,""name"":""Publish candidate generator product"",""status"":""completed"",""conclusion"":""skipped"",""started_at"":""2026-09-20T16:58:16Z"",""completed_at"":""2026-09-20T16:58:16Z"",""duration_ms"":0,""duration_state"":""observed""},{""number"":38,""name"":""Mark candidate publication end"",""status"":""completed"",""conclusion"":""skipped"",""started_at"":""2026-09-20T16:58:16Z"",""completed_at"":""2026-09-20T16:58:16Z"",""duration_ms"":0,""duration_state"":""observed""},{""number"":39,""name"":""Mark candidate phase end"",""status"":""completed"",""conclusion"":""skipped"",""started_at"":""2026-09-20T16:58:16Z"",""completed_at"":""2026-09-20T16:58:16Z"",""duration_ms"":0,""duration_state"":""observed""},{""number"":40,""name"":""Mark BUNDLE cache-save start"",""status"":""completed"",""conclusion"":""skipped"",""started_at"":""2026-09-20T16:58:16Z"",""completed_at"":""2026-09-20T16:58:16Z"",""duration_ms"":0,""duration_state"":""observed""},{""number"":41,""name"":""Save unit cache"",""status"":""completed"",""conclusion"":""skipped"",""started_at"":""2026-09-20T16:58:16Z"",""completed_at"":""2026-09-20T16:58:16Z"",""duration_ms"":0,""duration_state"":""observed""},{""number"":42,""name"":""Mark BUNDLE cache-save end"",""status"":""completed"",""conclusion"":""skipped"",""started_at"":""2026-09-20T16:58:16Z"",""completed_at"":""2026-09-20T16:58:16Z"",""duration_ms"":0,""duration_state"":""observed""},{""number"":43,""name"":""Report phase timings and cache outcomes"",""status"":""completed"",""conclusion"":""success"",""started_at"":""2026-09-20T16:58:16Z"",""completed_at"":""2026-09-20T16:58:16Z"",""duration_ms"":0,""duration_state"":""observed""},{""number"":85,""name"":""Post Set up Mr. Boxington"",""status"":""completed"",""conclusion"":""success"",""started_at"":""2026-09-20T16:58:16Z"",""completed_at"":""2026-09-20T16:58:16Z"",""duration_ms"":0,""duration_state"":""observed""},{""number"":86,""name"":""Post Checkout"",""status"":""completed"",""conclusion"":""success"",""started_at"":""2026-09-20T16:58:16Z"",""completed_at"":""2026-09-20T16:58:16Z"",""duration_ms"":0,""duration_state"":""observed""},{""number"":87,""name"":""Complete job"",""status"":""completed"",""conclusion"":""success"",""started_at"":""2026-09-20T16:58:16Z"",""completed_at"":""2026-09-20T16:58:16Z"",""duration_ms"":0,""duration_state"":""observed""}]"
"job","35524310993","1211","1","pull_request","CI / PR · pull_request · 978/merge","347892207",".github/workflows/ci-pr.yml","completed","success","true","codex/ci-performance-next","unknown","ce75f7c322cbb427d4aea2138abdb9fc5e0f5ed9","unknown","unknown.pull_request_source_not_proven","ce75f7c322cbb427d4aea2138abdb9fc5e0f5ed9","unknown","unknown","unknown","[{""path"":""tailrocks/velnor/.github/workflows/ci-unit-bun.yml@8955c765dd607b54a9f0f8fdfe440ca4b95b5a88"",""sha"":""8955c765dd607b54a9f0f8fdfe440ca4b95b5a88"",""ref"":""refs/pull/978/merge""},{""path"":""tailrocks/velnor/.github/workflows/ci-unit-docker.yml@8955c765dd607b54a9f0f8fdfe440ca4b95b5a88"",""sha"":""8955c765dd607b54a9f0f8fdfe440ca4b95b5a88"",""ref"":""refs/pull/978/merge""},{""path"":""tailrocks/velnor/.github/workflows/ci-unit-docs.yml@8955c765dd607b54a9f0f8fdfe440ca4b95b5a88"",""sha"":""8955c765dd607b54a9f0f8fdfe440ca4b95b5a88"",""ref"":""refs/pull/978/merge""},{""path"":""tailrocks/velnor/.github/workflows/ci-unit-opentofu.yml@8955c765dd607b54a9f0f8fdfe440ca4b95b5a88"",""sha"":""8955c765dd607b54a9f0f8fdfe440ca4b95b5a88"",""ref"":""refs/pull/978/merge""},{""path"":""tailrocks/velnor/.github/workflows/ci-unit-rust.yml@8955c765dd607b54a9f0f8fdfe440ca4b95b5a88"",""sha"":""8955c765dd607b54a9f0f8fdfe440ca4b95b5a88"",""ref"":""refs/pull/978/merge""}]","[]","2026-09-20T16:57:13Z","2026-09-20T16:57:13Z","2026-09-20T17:06:21Z","unknown","68","68","true","0","true","true","complete_fresh","verified","2026-09-20T17:06:20Z","547000","observed_initial_attempt","547000","547000","1558000","1558000","1558000","unknown","0","0","20","0","0","0","0","48","0","unclassified","517000","Rust · velnor-runner · github-hosted — rust-velnor-runner / GitHub · hosted","unknown","not_computed_without_dependency_graph","2026-09-20T17:06:15Z","observed","106113737800","1","Rust · velnor-client · github-hosted — rust-velnor-client / GitHub · hosted","completed","success","GitHub Actions 1000087415","GitHub Actions","1000087415","2026-09-20T16:57:32Z","2026-09-20T16:58:19Z","47000","observed","fresh","46","46","[{""number"":1,""name"":""Set up job"",""status"":""completed"",""conclusion"":""success"",""started_at"":""2026-09-20T16:57:33Z"",""completed_at"":""2026-09-20T16:57:35Z"",""duration_ms"":2000,""duration_state"":""observed""},{""number"":2,""name"":""Mark CI job start"",""status"":""completed"",""conclusion"":""success"",""started_at"":""2026-09-20T16:57:35Z"",""completed_at"":""2026-09-20T16:57:36Z"",""duration_ms"":1000,""duration_state"":""observed""},{""number"":3,""name"":""Checkout"",""status"":""completed"",""conclusion"":""success"",""started_at"":""2026-09-20T16:57:36Z"",""completed_at"":""2026-09-20T16:57:38Z"",""duration_ms"":2000,""duration_state"":""observed""},{""number"":4,""name"":""Record unit dependencies"",""status"":""completed"",""conclusion"":""success"",""started_at"":""2026-09-20T16:57:38Z"",""completed_at"":""2026-09-20T16:57:38Z"",""duration_ms"":0,""duration_state"":""observed""},{""number"":5,""name"":""Download Velnor workflow runtime"",""status"":""completed"",""conclusion"":""success"",""started_at"":""2026-09-20T16:57:38Z"",""completed_at"":""2026-09-20T16:57:40Z"",""duration_ms"":2000,""duration_state"":""observed""},{""number"":6,""name"":""Verify Velnor workflow runtime"",""status"":""completed"",""conclusion"":""success"",""started_at"":""2026-09-20T16:57:40Z"",""completed_at"":""2026-09-20T16:57:40Z"",""duration_ms"":0,""duration_state"":""observed""},{""number"":7,""name"":""Add Velnor workflow runtime to PATH"",""status"":""completed"",""conclusion"":""success"",""started_at"":""2026-09-20T16:57:40Z"",""completed_at"":""2026-09-20T16:57:40Z"",""duration_ms"":0,""duration_state"":""observed""},{""number"":8,""name"":""Mark runner setup end"",""status"":""completed"",""conclusion"":""success"",""started_at"":""2026-09-20T16:57:40Z"",""completed_at"":""2026-09-20T16:57:40Z"",""duration_ms"":0,""duration_state"":""observed""},{""number"":9,""name"":""Materialize Velnor CI selection"",""status"":""completed"",""conclusion"":""success"",""started_at"":""2026-09-20T16:57:40Z"",""completed_at"":""2026-09-20T16:57:40Z"",""duration_ms"":0,""duration_state"":""observed""},{""number"":10,""name"":""Mark selection transport end"",""status"":""completed"",""conclusion"":""success"",""started_at"":""2026-09-20T16:57:40Z"",""completed_at"":""2026-09-20T16:57:40Z"",""duration_ms"":0,""duration_state"":""observed""},{""number"":11,""name"":""Restore Rust toolchain"",""status"":""completed"",""conclusion"":""success"",""started_at"":""2026-09-20T16:57:40Z"",""completed_at"":""2026-09-20T16:57:51Z"",""duration_ms"":11000,""duration_state"":""observed""},{""number"":12,""name"":""Provision Rust toolchain"",""status"":""completed"",""conclusion"":""success"",""started_at"":""2026-09-20T16:57:51Z"",""completed_at"":""2026-09-20T16:57:52Z"",""duration_ms"":1000,""duration_state"":""observed""},{""number"":13,""name"":""Save Rust toolchain"",""status"":""completed"",""conclusion"":""skipped"",""started_at"":""2026-09-20T16:57:52Z"",""completed_at"":""2026-09-20T16:57:52Z"",""duration_ms"":0,""duration_state"":""observed""},{""number"":14,""name"":""Set up Mise tools"",""status"":""completed"",""conclusion"":""success"",""started_at"":""2026-09-20T16:57:52Z"",""completed_at"":""2026-09-20T16:57:54Z"",""duration_ms"":2000,""duration_state"":""observed""},{""number"":15,""name"":""Set up Mise"",""status"":""completed"",""conclusion"":""skipped"",""started_at"":""2026-09-20T16:57:54Z"",""completed_at"":""2026-09-20T16:57:54Z"",""duration_ms"":0,""duration_state"":""observed""},{""number"":16,""name"":""Bound the Mr. Boxington store"",""status"":""completed"",""conclusion"":""success"",""started_at"":""2026-09-20T16:57:54Z"",""completed_at"":""2026-09-20T16:57:54Z"",""duration_ms"":0,""duration_state"":""observed""},{""number"":17,""name"":""Set up Mr. Boxington"",""status"":""completed"",""conclusion"":""success"",""started_at"":""2026-09-20T16:57:54Z"",""completed_at"":""2026-09-20T16:57:59Z"",""duration_ms"":5000,""duration_state"":""observed""},{""number"":18,""name"":""Restore cargo bin toolchain"",""status"":""completed"",""conclusion"":""skipped"",""started_at"":""2026-09-20T16:57:59Z"",""completed_at"":""2026-09-20T16:57:59Z"",""duration_ms"":0,""duration_state"":""observed""},{""number"":19,""name"":""Verify cargo bin tools"",""status"":""completed"",""conclusion"":""skipped"",""started_at"":""2026-09-20T16:57:59Z"",""completed_at"":""2026-09-20T16:57:59Z"",""duration_ms"":0,""duration_state"":""observed""},{""number"":20,""name"":""Set up cargo bin tools"",""status"":""completed"",""conclusion"":""skipped"",""started_at"":""2026-09-20T16:57:59Z"",""completed_at"":""2026-09-20T16:57:59Z"",""duration_ms"":0,""duration_state"":""observed""},{""number"":21,""name"":""Save cargo bin toolchain"",""status"":""completed"",""conclusion"":""skipped"",""started_at"":""2026-09-20T16:57:59Z"",""completed_at"":""2026-09-20T16:57:59Z"",""duration_ms"":0,""duration_state"":""observed""},{""number"":22,""name"":""Restore mold 2.42.0 cache"",""status"":""completed"",""conclusion"":""success"",""started_at"":""2026-09-20T16:57:59Z"",""completed_at"":""2026-09-20T16:58:01Z"",""duration_ms"":2000,""duration_state"":""observed""},{""number"":23,""name"":""Set up mold 2.42.0"",""status"":""completed"",""conclusion"":""success"",""started_at"":""2026-09-20T16:58:01Z"",""completed_at"":""2026-09-20T16:58:01Z"",""duration_ms"":0,""duration_state"":""observed""},{""number"":24,""name"":""Save mold 2.42.0 cache"",""status"":""completed"",""conclusion"":""skipped"",""started_at"":""2026-09-20T16:58:01Z"",""completed_at"":""2026-09-20T16:58:01Z"",""duration_ms"":0,""duration_state"":""observed""},{""number"":25,""name"":""Mark tool bootstrap end"",""status"":""completed"",""conclusion"":""success"",""started_at"":""2026-09-20T16:58:01Z"",""completed_at"":""2026-09-20T16:58:01Z"",""duration_ms"":0,""duration_state"":""observed""},{""number"":26,""name"":""Restore unit cache"",""status"":""completed"",""conclusion"":""success"",""started_at"":""2026-09-20T16:58:01Z"",""completed_at"":""2026-09-20T16:58:06Z"",""duration_ms"":5000,""duration_state"":""observed""},{""number"":27,""name"":""Mark cache prep end"",""status"":""completed"",""conclusion"":""success"",""started_at"":""2026-09-20T16:58:06Z"",""completed_at"":""2026-09-20T16:58:06Z"",""duration_ms"":0,""duration_state"":""observed""},{""number"":28,""name"":""Prepare Cargo sources"",""status"":""completed"",""conclusion"":""success"",""started_at"":""2026-09-20T16:58:06Z"",""completed_at"":""2026-09-20T16:58:09Z"",""duration_ms"":3000,""duration_state"":""observed""},{""number"":29,""name"":""Mark cargo fetch end"",""status"":""completed"",""conclusion"":""success"",""started_at"":""2026-09-20T16:58:09Z"",""completed_at"":""2026-09-20T16:58:09Z"",""duration_ms"":0,""duration_state"":""observed""},{""number"":30,""name"":""Fetch D19 pin history"",""status"":""completed"",""conclusion"":""success"",""started_at"":""2026-09-20T16:58:09Z"",""completed_at"":""2026-09-20T16:58:09Z"",""duration_ms"":0,""duration_state"":""observed""},{""number"":31,""name"":""Run unit checks"",""status"":""completed"",""conclusion"":""success"",""started_at"":""2026-09-20T16:58:09Z"",""completed_at"":""2026-09-20T16:58:16Z"",""duration_ms"":7000,""duration_state"":""observed""},{""number"":32,""name"":""Mark candidate phase start"",""status"":""completed"",""conclusion"":""skipped"",""started_at"":""2026-09-20T16:58:16Z"",""completed_at"":""2026-09-20T16:58:16Z"",""duration_ms"":0,""duration_state"":""observed""},{""number"":33,""name"":""Mark candidate preparation start"",""status"":""completed"",""conclusion"":""skipped"",""started_at"":""2026-09-20T16:58:16Z"",""completed_at"":""2026-09-20T16:58:16Z"",""duration_ms"":0,""duration_state"":""observed""},{""number"":34,""name"":""Prepare candidate generator product"",""status"":""completed"",""conclusion"":""skipped"",""started_at"":""2026-09-20T16:58:16Z"",""completed_at"":""2026-09-20T16:58:16Z"",""duration_ms"":0,""duration_state"":""observed""},{""number"":35,""name"":""Mark candidate preparation end"",""status"":""completed"",""conclusion"":""skipped"",""started_at"":""2026-09-20T16:58:16Z"",""completed_at"":""2026-09-20T16:58:16Z"",""duration_ms"":0,""duration_state"":""observed""},{""number"":36,""name"":""Mark candidate publication start"",""status"":""completed"",""conclusion"":""skipped"",""started_at"":""2026-09-20T16:58:16Z"",""completed_at"":""2026-09-20T16:58:16Z"",""duration_ms"":0,""duration_state"":""observed""},{""number"":37,""name"":""Publish candidate generator product"",""status"":""completed"",""conclusion"":""skipped"",""started_at"":""2026-09-20T16:58:16Z"",""completed_at"":""2026-09-20T16:58:16Z"",""duration_ms"":0,""duration_state"":""observed""},{""number"":38,""name"":""Mark candidate publication end"",""status"":""completed"",""conclusion"":""skipped"",""started_at"":""2026-09-20T16:58:16Z"",""completed_at"":""2026-09-20T16:58:16Z"",""duration_ms"":0,""duration_state"":""observed""},{""number"":39,""name"":""Mark candidate phase end"",""status"":""completed"",""conclusion"":""skipped"",""started_at"":""2026-09-20T16:58:16Z"",""completed_at"":""2026-09-20T16:58:16Z"",""duration_ms"":0,""duration_state"":""observed""},{""number"":40,""name"":""Mark BUNDLE cache-save start"",""status"":""completed"",""conclusion"":""skipped"",""started_at"":""2026-09-20T16:58:16Z"",""completed_at"":""2026-09-20T16:58:16Z"",""duration_ms"":0,""duration_state"":""observed""},{""number"":41,""name"":""Save unit cache"",""status"":""completed"",""conclusion"":""skipped"",""started_at"":""2026-09-20T16:58:16Z"",""completed_at"":""2026-09-20T16:58:16Z"",""duration_ms"":0,""duration_state"":""observed""},{""number"":42,""name"":""Mark BUNDLE cache-save end"",""status"":""completed"",""conclusion"":""skipped"",""started_at"":""2026-09-20T16:58:16Z"",""completed_at"":""2026-09-20T16:58:16Z"",""duration_ms"":0,""duration_state"":""observed""},{""number"":43,""name"":""Report phase timings and cache outcomes"",""status"":""completed"",""conclusion"":""success"",""started_at"":""2026-09-20T16:58:16Z"",""completed_at"":""2026-09-20T16:58:16Z"",""duration_ms"":0,""duration_state"":""observed""},{""number"":85,""name"":""Post Set up Mr. Boxington"",""status"":""completed"",""conclusion"":""success"",""started_at"":""2026-09-20T16:58:16Z"",""completed_at"":""2026-09-20T16:58:16Z"",""duration_ms"":0,""duration_state"":""observed""},{""number"":86,""name"":""Post Checkout"",""status"":""completed"",""conclusion"":""success"",""started_at"":""2026-09-20T16:58:16Z"",""completed_at"":""2026-09-20T16:58:16Z"",""duration_ms"":0,""duration_state"":""observed""},{""number"":87,""name"":""Complete job"",""status"":""completed"",""conclusion"":""success"",""started_at"":""2026-09-20T16:58:16Z"",""completed_at"":""2026-09-20T16:58:16Z"",""duration_ms"":0,""duration_state"":""observed""}]"
"job","35524310993","1211","1","pull_request","CI / PR · pull_request · 978/merge","347892207",".github/workflows/ci-pr.yml","completed","success","true","codex/ci-performance-next","unknown","ce75f7c322cbb427d4aea2138abdb9fc5e0f5ed9","unknown","unknown.pull_request_source_not_proven","ce75f7c322cbb427d4aea2138abdb9fc5e0f5ed9","unknown","unknown","unknown","[{""path"":""tailrocks/velnor/.github/workflows/ci-unit-bun.yml@8955c765dd607b54a9f0f8fdfe440ca4b95b5a88"",""sha"":""8955c765dd607b54a9f0f8fdfe440ca4b95b5a88"",""ref"":""refs/pull/978/merge""},{""path"":""tailrocks/velnor/.github/workflows/ci-unit-docker.yml@8955c765dd607b54a9f0f8fdfe440ca4b95b5a88"",""sha"":""8955c765dd607b54a9f0f8fdfe440ca4b95b5a88"",""ref"":""refs/pull/978/merge""},{""path"":""tailrocks/velnor/.github/workflows/ci-unit-docs.yml@8955c765dd607b54a9f0f8fdfe440ca4b95b5a88"",""sha"":""8955c765dd607b54a9f0f8fdfe440ca4b95b5a88"",""ref"":""refs/pull/978/merge""},{""path"":""tailrocks/velnor/.github/workflows/ci-unit-opentofu.yml@8955c765dd607b54a9f0f8fdfe440ca4b95b5a88"",""sha"":""8955c765dd607b54a9f0f8fdfe440ca4b95b5a88"",""ref"":""refs/pull/978/merge""},{""path"":""tailrocks/velnor/.github/workflows/ci-unit-rust.yml@8955c765dd607b54a9f0f8fdfe440ca4b95b5a88"",""sha"":""8955c765dd607b54a9f0f8fdfe440ca4b95b5a88"",""ref"":""refs/pull/978/merge""}]","[]","2026-09-20T16:57:13Z","2026-09-20T16:57:13Z","2026-09-20T17:06:21Z","unknown","68","68","true","0","true","true","complete_fresh","verified","2026-09-20T17:06:20Z","547000","observed_initial_attempt","547000","547000","1558000","1558000","1558000","unknown","0","0","20","0","0","0","0","48","0","unclassified","517000","Rust · velnor-runner · github-hosted — rust-velnor-runner / GitHub · hosted","unknown","not_computed_without_dependency_graph","2026-09-20T17:06:15Z","observed","106113737852","1","Rust · velnorctl · github-hosted — rust-velnorctl / GitHub · hosted","completed","success","GitHub Actions 1000087417","GitHub Actions","1000087417","2026-09-20T16:57:32Z","2026-09-20T16:59:53Z","141000","observed","fresh","46","46","[{""number"":1,""name"":""Set up job"",""status"":""completed"",""conclusion"":""success"",""started_at"":""2026-09-20T16:57:33Z"",""completed_at"":""2026-09-20T16:57:36Z"",""duration_ms"":3000,""duration_state"":""observed""},{""number"":2,""name"":""Mark CI job start"",""status"":""completed"",""conclusion"":""success"",""started_at"":""2026-09-20T16:57:36Z"",""completed_at"":""2026-09-20T16:57:36Z"",""duration_ms"":0,""duration_state"":""observed""},{""number"":3,""name"":""Checkout"",""status"":""completed"",""conclusion"":""success"",""started_at"":""2026-09-20T16:57:36Z"",""completed_at"":""2026-09-20T16:57:37Z"",""duration_ms"":1000,""duration_state"":""observed""},{""number"":4,""name"":""Record unit dependencies"",""status"":""completed"",""conclusion"":""success"",""started_at"":""2026-09-20T16:57:37Z"",""completed_at"":""2026-09-20T16:57:37Z"",""duration_ms"":0,""duration_state"":""observed""},{""number"":5,""name"":""Download Velnor workflow runtime"",""status"":""completed"",""conclusion"":""success"",""started_at"":""2026-09-20T16:57:37Z"",""completed_at"":""2026-09-20T16:57:40Z"",""duration_ms"":3000,""duration_state"":""observed""},{""number"":6,""name"":""Verify Velnor workflow runtime"",""status"":""completed"",""conclusion"":""success"",""started_at"":""2026-09-20T16:57:40Z"",""completed_at"":""2026-09-20T16:57:40Z"",""duration_ms"":0,""duration_state"":""observed""},{""number"":7,""name"":""Add Velnor workflow runtime to PATH"",""status"":""completed"",""conclusion"":""success"",""started_at"":""2026-09-20T16:57:40Z"",""completed_at"":""2026-09-20T16:57:40Z"",""duration_ms"":0,""duration_state"":""observed""},{""number"":8,""name"":""Mark runner setup end"",""status"":""completed"",""conclusion"":""success"",""started_at"":""2026-09-20T16:57:40Z"",""completed_at"":""2026-09-20T16:57:40Z"",""duration_ms"":0,""duration_state"":""observed""},{""number"":9,""name"":""Materialize Velnor CI selection"",""status"":""completed"",""conclusion"":""success"",""started_at"":""2026-09-20T16:57:40Z"",""completed_at"":""2026-09-20T16:57:40Z"",""duration_ms"":0,""duration_state"":""observed""},{""number"":10,""name"":""Mark selection transport end"",""status"":""completed"",""conclusion"":""success"",""started_at"":""2026-09-20T16:57:40Z"",""completed_at"":""2026-09-20T16:57:40Z"",""duration_ms"":0,""duration_state"":""observed""},{""number"":11,""name"":""Restore Rust toolchain"",""status"":""completed"",""conclusion"":""success"",""started_at"":""2026-09-20T16:57:40Z"",""completed_at"":""2026-09-20T16:57:49Z"",""duration_ms"":9000,""duration_state"":""observed""},{""number"":12,""name"":""Provision Rust toolchain"",""status"":""completed"",""conclusion"":""success"",""started_at"":""2026-09-20T16:57:49Z"",""completed_at"":""2026-09-20T16:57:49Z"",""duration_ms"":0,""duration_state"":""observed""},{""number"":13,""name"":""Save Rust toolchain"",""status"":""completed"",""conclusion"":""skipped"",""started_at"":""2026-09-20T16:57:49Z"",""completed_at"":""2026-09-20T16:57:49Z"",""duration_ms"":0,""duration_state"":""observed""},{""number"":14,""name"":""Set up Mise tools"",""status"":""completed"",""conclusion"":""success"",""started_at"":""2026-09-20T16:57:49Z"",""completed_at"":""2026-09-20T16:57:51Z"",""duration_ms"":2000,""duration_state"":""observed""},{""number"":15,""name"":""Set up Mise"",""status"":""completed"",""conclusion"":""skipped"",""started_at"":""2026-09-20T16:57:51Z"",""completed_at"":""2026-09-20T16:57:51Z"",""duration_ms"":0,""duration_state"":""observed""},{""number"":16,""name"":""Bound the Mr. Boxington store"",""status"":""completed"",""conclusion"":""success"",""started_at"":""2026-09-20T16:57:51Z"",""completed_at"":""2026-09-20T16:57:51Z"",""duration_ms"":0,""duration_state"":""observed""},{""number"":17,""name"":""Set up Mr. Boxington"",""status"":""completed"",""conclusion"":""success"",""started_at"":""2026-09-20T16:57:51Z"",""completed_at"":""2026-09-20T16:58:22Z"",""duration_ms"":31000,""duration_state"":""observed""},{""number"":18,""name"":""Restore cargo bin toolchain"",""status"":""completed"",""conclusion"":""skipped"",""started_at"":""2026-09-20T16:58:22Z"",""completed_at"":""2026-09-20T16:58:22Z"",""duration_ms"":0,""duration_state"":""observed""},{""number"":19,""name"":""Verify cargo bin tools"",""status"":""completed"",""conclusion"":""skipped"",""started_at"":""2026-09-20T16:58:22Z"",""completed_at"":""2026-09-20T16:58:22Z"",""duration_ms"":0,""duration_state"":""observed""},{""number"":20,""name"":""Set up cargo bin tools"",""status"":""completed"",""conclusion"":""skipped"",""started_at"":""2026-09-20T16:58:22Z"",""completed_at"":""2026-09-20T16:58:22Z"",""duration_ms"":0,""duration_state"":""observed""},{""number"":21,""name"":""Save cargo bin toolchain"",""status"":""completed"",""conclusion"":""skipped"",""started_at"":""2026-09-20T16:58:22Z"",""completed_at"":""2026-09-20T16:58:22Z"",""duration_ms"":0,""duration_state"":""observed""},{""number"":22,""name"":""Restore mold 2.42.0 cache"",""status"":""completed"",""conclusion"":""success"",""started_at"":""2026-09-20T16:58:22Z"",""completed_at"":""2026-09-20T16:58:24Z"",""duration_ms"":2000,""duration_state"":""observed""},{""number"":23,""name"":""Set up mold 2.42.0"",""status"":""completed"",""conclusion"":""success"",""started_at"":""2026-09-20T16:58:24Z"",""completed_at"":""2026-09-20T16:58:25Z"",""duration_ms"":1000,""duration_state"":""observed""},{""number"":24,""name"":""Save mold 2.42.0 cache"",""status"":""completed"",""conclusion"":""skipped"",""started_at"":""2026-09-20T16:58:25Z"",""completed_at"":""2026-09-20T16:58:25Z"",""duration_ms"":0,""duration_state"":""observed""},{""number"":25,""name"":""Mark tool bootstrap end"",""status"":""completed"",""conclusion"":""success"",""started_at"":""2026-09-20T16:58:25Z"",""completed_at"":""2026-09-20T16:58:25Z"",""duration_ms"":0,""duration_state"":""observed""},{""number"":26,""name"":""Restore unit cache"",""status"":""completed"",""conclusion"":""success"",""started_at"":""2026-09-20T16:58:25Z"",""completed_at"":""2026-09-20T16:58:30Z"",""duration_ms"":5000,""duration_state"":""observed""},{""number"":27,""name"":""Mark cache prep end"",""status"":""completed"",""conclusion"":""success"",""started_at"":""2026-09-20T16:58:30Z"",""completed_at"":""2026-09-20T16:58:30Z"",""duration_ms"":0,""duration_state"":""observed""},{""number"":28,""name"":""Prepare Cargo sources"",""status"":""completed"",""conclusion"":""success"",""started_at"":""2026-09-20T16:58:30Z"",""completed_at"":""2026-09-20T16:58:31Z"",""duration_ms"":1000,""duration_state"":""observed""},{""number"":29,""name"":""Mark cargo fetch end"",""status"":""completed"",""conclusion"":""success"",""started_at"":""2026-09-20T16:58:31Z"",""completed_at"":""2026-09-20T16:58:31Z"",""duration_ms"":0,""duration_state"":""observed""},{""number"":30,""name"":""Fetch D19 pin history"",""status"":""completed"",""conclusion"":""success"",""started_at"":""2026-09-20T16:58:31Z"",""completed_at"":""2026-09-20T16:58:31Z"",""duration_ms"":0,""duration_state"":""observed""},{""number"":31,""name"":""Run unit checks"",""status"":""completed"",""conclusion"":""success"",""started_at"":""2026-09-20T16:58:31Z"",""completed_at"":""2026-09-20T16:59:48Z"",""duration_ms"":77000,""duration_state"":""observed""},{""number"":32,""name"":""Mark candidate phase start"",""status"":""completed"",""conclusion"":""skipped"",""started_at"":""2026-09-20T16:59:48Z"",""completed_at"":""2026-09-20T16:59:48Z"",""duration_ms"":0,""duration_state"":""observed""},{""number"":33,""name"":""Mark candidate preparation start"",""status"":""completed"",""conclusion"":""skipped"",""started_at"":""2026-09-20T16:59:48Z"",""completed_at"":""2026-09-20T16:59:48Z"",""duration_ms"":0,""duration_state"":""observed""},{""number"":34,""name"":""Prepare candidate generator product"",""status"":""completed"",""conclusion"":""skipped"",""started_at"":""2026-09-20T16:59:48Z"",""completed_at"":""2026-09-20T16:59:48Z"",""duration_ms"":0,""duration_state"":""observed""},{""number"":35,""name"":""Mark candidate preparation end"",""status"":""completed"",""conclusion"":""skipped"",""started_at"":""2026-09-20T16:59:48Z"",""completed_at"":""2026-09-20T16:59:48Z"",""duration_ms"":0,""duration_state"":""observed""},{""number"":36,""name"":""Mark candidate publication start"",""status"":""completed"",""conclusion"":""skipped"",""started_at"":""2026-09-20T16:59:48Z"",""completed_at"":""2026-09-20T16:59:48Z"",""duration_ms"":0,""duration_state"":""observed""},{""number"":37,""name"":""Publish candidate generator product"",""status"":""completed"",""conclusion"":""skipped"",""started_at"":""2026-09-20T16:59:48Z"",""completed_at"":""2026-09-20T16:59:48Z"",""duration_ms"":0,""duration_state"":""observed""},{""number"":38,""name"":""Mark candidate publication end"",""status"":""completed"",""conclusion"":""skipped"",""started_at"":""2026-09-20T16:59:48Z"",""completed_at"":""2026-09-20T16:59:48Z"",""duration_ms"":0,""duration_state"":""observed""},{""number"":39,""name"":""Mark candidate phase end"",""status"":""completed"",""conclusion"":""skipped"",""started_at"":""2026-09-20T16:59:48Z"",""completed_at"":""2026-09-20T16:59:48Z"",""duration_ms"":0,""duration_state"":""observed""},{""number"":40,""name"":""Mark BUNDLE cache-save start"",""status"":""completed"",""conclusion"":""skipped"",""started_at"":""2026-09-20T16:59:48Z"",""completed_at"":""2026-09-20T16:59:48Z"",""duration_ms"":0,""duration_state"":""observed""},{""number"":41,""name"":""Save unit cache"",""status"":""completed"",""conclusion"":""skipped"",""started_at"":""2026-09-20T16:59:48Z"",""completed_at"":""2026-09-20T16:59:48Z"",""duration_ms"":0,""duration_state"":""observed""},{""number"":42,""name"":""Mark BUNDLE cache-save end"",""status"":""completed"",""conclusion"":""skipped"",""started_at"":""2026-09-20T16:59:48Z"",""completed_at"":""2026-09-20T16:59:48Z"",""duration_ms"":0,""duration_state"":""observed""},{""number"":43,""name"":""Report phase timings and cache outcomes"",""status"":""completed"",""conclusion"":""success"",""started_at"":""2026-09-20T16:59:48Z"",""completed_at"":""2026-09-20T16:59:48Z"",""duration_ms"":0,""duration_state"":""observed""},{""number"":85,""name"":""Post Set up Mr. Boxington"",""status"":""completed"",""conclusion"":""success"",""started_at"":""2026-09-20T16:59:48Z"",""completed_at"":""2026-09-20T16:59:49Z"",""duration_ms"":1000,""duration_state"":""observed""},{""number"":86,""name"":""Post Checkout"",""status"":""completed"",""conclusion"":""success"",""started_at"":""2026-09-20T16:59:49Z"",""completed_at"":""2026-09-20T16:59:49Z"",""duration_ms"":0,""duration_state"":""observed""},{""number"":87,""name"":""Complete job"",""status"":""completed"",""conclusion"":""success"",""started_at"":""2026-09-20T16:59:49Z"",""completed_at"":""2026-09-20T16:59:49Z"",""duration_ms"":0,""duration_state"":""observed""}]"
"job","35524310993","1211","1","pull_request","CI / PR · pull_request · 978/merge","347892207",".github/workflows/ci-pr.yml","completed","success","true","codex/ci-performance-next","unknown","ce75f7c322cbb427d4aea2138abdb9fc5e0f5ed9","unknown","unknown.pull_request_source_not_proven","ce75f7c322cbb427d4aea2138abdb9fc5e0f5ed9","unknown","unknown","unknown","[{""path"":""tailrocks/velnor/.github/workflows/ci-unit-bun.yml@8955c765dd607b54a9f0f8fdfe440ca4b95b5a88"",""sha"":""8955c765dd607b54a9f0f8fdfe440ca4b95b5a88"",""ref"":""refs/pull/978/merge""},{""path"":""tailrocks/velnor/.github/workflows/ci-unit-docker.yml@8955c765dd607b54a9f0f8fdfe440ca4b95b5a88"",""sha"":""8955c765dd607b54a9f0f8fdfe440ca4b95b5a88"",""ref"":""refs/pull/978/merge""},{""path"":""tailrocks/velnor/.github/workflows/ci-unit-docs.yml@8955c765dd607b54a9f0f8fdfe440ca4b95b5a88"",""sha"":""8955c765dd607b54a9f0f8fdfe440ca4b95b5a88"",""ref"":""refs/pull/978/merge""},{""path"":""tailrocks/velnor/.github/workflows/ci-unit-opentofu.yml@8955c765dd607b54a9f0f8fdfe440ca4b95b5a88"",""sha"":""8955c765dd607b54a9f0f8fdfe440ca4b95b5a88"",""ref"":""refs/pull/978/merge""},{""path"":""tailrocks/velnor/.github/workflows/ci-unit-rust.yml@8955c765dd607b54a9f0f8fdfe440ca4b95b5a88"",""sha"":""8955c765dd607b54a9f0f8fdfe440ca4b95b5a88"",""ref"":""refs/pull/978/merge""}]","[]","2026-09-20T16:57:13Z","2026-09-20T16:57:13Z","2026-09-20T17:06:21Z","unknown","68","68","true","0","true","true","complete_fresh","verified","2026-09-20T17:06:20Z","547000","observed_initial_attempt","547000","547000","1558000","1558000","1558000","unknown","0","0","20","0","0","0","0","48","0","unclassified","517000","Rust · velnor-runner · github-hosted — rust-velnor-runner / GitHub · hosted","unknown","not_computed_without_dependency_graph","2026-09-20T17:06:15Z","observed","106113737896","1","Rust · velnor-render · github-hosted — rust-velnor-render / GitHub · hosted","completed","success","GitHub Actions 1000087419","GitHub Actions","1000087419","2026-09-20T16:57:32Z","2026-09-20T16:58:09Z","37000","observed","fresh","46","46","[{""number"":1,""name"":""Set up job"",""status"":""completed"",""conclusion"":""success"",""started_at"":""2026-09-20T16:57:33Z"",""completed_at"":""2026-09-20T16:57:36Z"",""duration_ms"":3000,""duration_state"":""observed""},{""number"":2,""name"":""Mark CI job start"",""status"":""completed"",""conclusion"":""success"",""started_at"":""2026-09-20T16:57:36Z"",""completed_at"":""2026-09-20T16:57:36Z"",""duration_ms"":0,""duration_state"":""observed""},{""number"":3,""name"":""Checkout"",""status"":""completed"",""conclusion"":""success"",""started_at"":""2026-09-20T16:57:36Z"",""completed_at"":""2026-09-20T16:57:37Z"",""duration_ms"":1000,""duration_state"":""observed""},{""number"":4,""name"":""Record unit dependencies"",""status"":""completed"",""conclusion"":""success"",""started_at"":""2026-09-20T16:57:37Z"",""completed_at"":""2026-09-20T16:57:37Z"",""duration_ms"":0,""duration_state"":""observed""},{""number"":5,""name"":""Download Velnor workflow runtime"",""status"":""completed"",""conclusion"":""success"",""started_at"":""2026-09-20T16:57:37Z"",""completed_at"":""2026-09-20T16:57:39Z"",""duration_ms"":2000,""duration_state"":""observed""},{""number"":6,""name"":""Verify Velnor workflow runtime"",""status"":""completed"",""conclusion"":""success"",""started_at"":""2026-09-20T16:57:39Z"",""completed_at"":""2026-09-20T16:57:39Z"",""duration_ms"":0,""duration_state"":""observed""},{""number"":7,""name"":""Add Velnor workflow runtime to PATH"",""status"":""completed"",""conclusion"":""success"",""started_at"":""2026-09-20T16:57:39Z"",""completed_at"":""2026-09-20T16:57:39Z"",""duration_ms"":0,""duration_state"":""observed""},{""number"":8,""name"":""Mark runner setup end"",""status"":""completed"",""conclusion"":""success"",""started_at"":""2026-09-20T16:57:39Z"",""completed_at"":""2026-09-20T16:57:39Z"",""duration_ms"":0,""duration_state"":""observed""},{""number"":9,""name"":""Materialize Velnor CI selection"",""status"":""completed"",""conclusion"":""success"",""started_at"":""2026-09-20T16:57:39Z"",""completed_at"":""2026-09-20T16:57:39Z"",""duration_ms"":0,""duration_state"":""observed""},{""number"":10,""name"":""Mark selection transport end"",""status"":""completed"",""conclusion"":""success"",""started_at"":""2026-09-20T16:57:39Z"",""completed_at"":""2026-09-20T16:57:39Z"",""duration_ms"":0,""duration_state"":""observed""},{""number"":11,""name"":""Restore Rust toolchain"",""status"":""completed"",""conclusion"":""success"",""started_at"":""2026-09-20T16:57:39Z"",""completed_at"":""2026-09-20T16:57:47Z"",""duration_ms"":8000,""duration_state"":""observed""},{""number"":12,""name"":""Provision Rust toolchain"",""status"":""completed"",""conclusion"":""success"",""started_at"":""2026-09-20T16:57:47Z"",""completed_at"":""2026-09-20T16:57:48Z"",""duration_ms"":1000,""duration_state"":""observed""},{""number"":13,""name"":""Save Rust toolchain"",""status"":""completed"",""conclusion"":""skipped"",""started_at"":""2026-09-20T16:57:48Z"",""completed_at"":""2026-09-20T16:57:48Z"",""duration_ms"":0,""duration_state"":""observed""},{""number"":14,""name"":""Set up Mise tools"",""status"":""completed"",""conclusion"":""success"",""started_at"":""2026-09-20T16:57:48Z"",""completed_at"":""2026-09-20T16:57:50Z"",""duration_ms"":2000,""duration_state"":""observed""},{""number"":15,""name"":""Set up Mise"",""status"":""completed"",""conclusion"":""skipped"",""started_at"":""2026-09-20T16:57:50Z"",""completed_at"":""2026-09-20T16:57:50Z"",""duration_ms"":0,""duration_state"":""observed""},{""number"":16,""name"":""Bound the Mr. Boxington store"",""status"":""completed"",""conclusion"":""success"",""started_at"":""2026-09-20T16:57:50Z"",""completed_at"":""2026-09-20T16:57:50Z"",""duration_ms"":0,""duration_state"":""observed""},{""number"":17,""name"":""Set up Mr. Boxington"",""status"":""completed"",""conclusion"":""success"",""started_at"":""2026-09-20T16:57:50Z"",""completed_at"":""2026-09-20T16:57:54Z"",""duration_ms"":4000,""duration_state"":""observed""},{""number"":18,""name"":""Restore cargo bin toolchain"",""status"":""completed"",""conclusion"":""skipped"",""started_at"":""2026-09-20T16:57:54Z"",""completed_at"":""2026-09-20T16:57:54Z"",""duration_ms"":0,""duration_state"":""observed""},{""number"":19,""name"":""Verify cargo bin tools"",""status"":""completed"",""conclusion"":""skipped"",""started_at"":""2026-09-20T16:57:54Z"",""completed_at"":""2026-09-20T16:57:54Z"",""duration_ms"":0,""duration_state"":""observed""},{""number"":20,""name"":""Set up cargo bin tools"",""status"":""completed"",""conclusion"":""skipped"",""started_at"":""2026-09-20T16:57:54Z"",""completed_at"":""2026-09-20T16:57:54Z"",""duration_ms"":0,""duration_state"":""observed""},{""number"":21,""name"":""Save cargo bin toolchain"",""status"":""completed"",""conclusion"":""skipped"",""started_at"":""2026-09-20T16:57:54Z"",""completed_at"":""2026-09-20T16:57:54Z"",""duration_ms"":0,""duration_state"":""observed""},{""number"":22,""name"":""Restore mold 2.42.0 cache"",""status"":""completed"",""conclusion"":""success"",""started_at"":""2026-09-20T16:57:54Z"",""completed_at"":""2026-09-20T16:57:55Z"",""duration_ms"":1000,""duration_state"":""observed""},{""number"":23,""name"":""Set up mold 2.42.0"",""status"":""completed"",""conclusion"":""success"",""started_at"":""2026-09-20T16:57:55Z"",""completed_at"":""2026-09-20T16:57:55Z"",""duration_ms"":0,""duration_state"":""observed""},{""number"":24,""name"":""Save mold 2.42.0 cache"",""status"":""completed"",""conclusion"":""skipped"",""started_at"":""2026-09-20T16:57:55Z"",""completed_at"":""2026-09-20T16:57:55Z"",""duration_ms"":0,""duration_state"":""observed""},{""number"":25,""name"":""Mark tool bootstrap end"",""status"":""completed"",""conclusion"":""success"",""started_at"":""2026-09-20T16:57:55Z"",""completed_at"":""2026-09-20T16:57:55Z"",""duration_ms"":0,""duration_state"":""observed""},{""number"":26,""name"":""Restore unit cache"",""status"":""completed"",""conclusion"":""success"",""started_at"":""2026-09-20T16:57:55Z"",""completed_at"":""2026-09-20T16:57:59Z"",""duration_ms"":4000,""duration_state"":""observed""},{""number"":27,""name"":""Mark cache prep end"",""status"":""completed"",""conclusion"":""success"",""started_at"":""2026-09-20T16:57:59Z"",""completed_at"":""2026-09-20T16:57:59Z"",""duration_ms"":0,""duration_state"":""observed""},{""number"":28,""name"":""Prepare Cargo sources"",""status"":""completed"",""conclusion"":""success"",""started_at"":""2026-09-20T16:57:59Z"",""completed_at"":""2026-09-20T16:58:00Z"",""duration_ms"":1000,""duration_state"":""observed""},{""number"":29,""name"":""Mark cargo fetch end"",""status"":""completed"",""conclusion"":""success"",""started_at"":""2026-09-20T16:58:00Z"",""completed_at"":""2026-09-20T16:58:00Z"",""duration_ms"":0,""duration_state"":""observed""},{""number"":30,""name"":""Fetch D19 pin history"",""status"":""completed"",""conclusion"":""success"",""started_at"":""2026-09-20T16:58:00Z"",""completed_at"":""2026-09-20T16:58:00Z"",""duration_ms"":0,""duration_state"":""observed""},{""number"":31,""name"":""Run unit checks"",""status"":""completed"",""conclusion"":""success"",""started_at"":""2026-09-20T16:58:00Z"",""completed_at"":""2026-09-20T16:58:07Z"",""duration_ms"":7000,""duration_state"":""observed""},{""number"":32,""name"":""Mark candidate phase start"",""status"":""completed"",""conclusion"":""skipped"",""started_at"":""2026-09-20T16:58:07Z"",""completed_at"":""2026-09-20T16:58:07Z"",""duration_ms"":0,""duration_state"":""observed""},{""number"":33,""name"":""Mark candidate preparation start"",""status"":""completed"",""conclusion"":""skipped"",""started_at"":""2026-09-20T16:58:07Z"",""completed_at"":""2026-09-20T16:58:07Z"",""duration_ms"":0,""duration_state"":""observed""},{""number"":34,""name"":""Prepare candidate generator product"",""status"":""completed"",""conclusion"":""skipped"",""started_at"":""2026-09-20T16:58:07Z"",""completed_at"":""2026-09-20T16:58:07Z"",""duration_ms"":0,""duration_state"":""observed""},{""number"":35,""name"":""Mark candidate preparation end"",""status"":""completed"",""conclusion"":""skipped"",""started_at"":""2026-09-20T16:58:07Z"",""completed_at"":""2026-09-20T16:58:07Z"",""duration_ms"":0,""duration_state"":""observed""},{""number"":36,""name"":""Mark candidate publication start"",""status"":""completed"",""conclusion"":""skipped"",""started_at"":""2026-09-20T16:58:07Z"",""completed_at"":""2026-09-20T16:58:07Z"",""duration_ms"":0,""duration_state"":""observed""},{""number"":37,""name"":""Publish candidate generator product"",""status"":""completed"",""conclusion"":""skipped"",""started_at"":""2026-09-20T16:58:07Z"",""completed_at"":""2026-09-20T16:58:07Z"",""duration_ms"":0,""duration_state"":""observed""},{""number"":38,""name"":""Mark candidate publication end"",""status"":""completed"",""conclusion"":""skipped"",""started_at"":""2026-09-20T16:58:07Z"",""completed_at"":""2026-09-20T16:58:07Z"",""duration_ms"":0,""duration_state"":""observed""},{""number"":39,""name"":""Mark candidate phase end"",""status"":""completed"",""conclusion"":""skipped"",""started_at"":""2026-09-20T16:58:07Z"",""completed_at"":""2026-09-20T16:58:07Z"",""duration_ms"":0,""duration_state"":""observed""},{""number"":40,""name"":""Mark BUNDLE cache-save start"",""status"":""completed"",""conclusion"":""skipped"",""started_at"":""2026-09-20T16:58:07Z"",""completed_at"":""2026-09-20T16:58:07Z"",""duration_ms"":0,""duration_state"":""observed""},{""number"":41,""name"":""Save unit cache"",""status"":""completed"",""conclusion"":""skipped"",""started_at"":""2026-09-20T16:58:07Z"",""completed_at"":""2026-09-20T16:58:07Z"",""duration_ms"":0,""duration_state"":""observed""},{""number"":42,""name"":""Mark BUNDLE cache-save end"",""status"":""completed"",""conclusion"":""skipped"",""started_at"":""2026-09-20T16:58:07Z"",""completed_at"":""2026-09-20T16:58:07Z"",""duration_ms"":0,""duration_state"":""observed""},{""number"":43,""name"":""Report phase timings and cache outcomes"",""status"":""completed"",""conclusion"":""success"",""started_at"":""2026-09-20T16:58:07Z"",""completed_at"":""2026-09-20T16:58:07Z"",""duration_ms"":0,""duration_state"":""observed""},{""number"":85,""name"":""Post Set up Mr. Boxington"",""status"":""completed"",""conclusion"":""success"",""started_at"":""2026-09-20T16:58:07Z"",""completed_at"":""2026-09-20T16:58:07Z"",""duration_ms"":0,""duration_state"":""observed""},{""number"":86,""name"":""Post Checkout"",""status"":""completed"",""conclusion"":""success"",""started_at"":""2026-09-20T16:58:07Z"",""completed_at"":""2026-09-20T16:58:08Z"",""duration_ms"":1000,""duration_state"":""observed""},{""number"":87,""name"":""Complete job"",""status"":""completed"",""conclusion"":""success"",""started_at"":""2026-09-20T16:58:08Z"",""completed_at"":""2026-09-20T16:58:08Z"",""duration_ms"":0,""duration_state"":""observed""}]"
"job","35524310993","1211","1","pull_request","CI / PR · pull_request · 978/merge","347892207",".github/workflows/ci-pr.yml","completed","success","true","codex/ci-performance-next","unknown","ce75f7c322cbb427d4aea2138abdb9fc5e0f5ed9","unknown","unknown.pull_request_source_not_proven","ce75f7c322cbb427d4aea2138abdb9fc5e0f5ed9","unknown","unknown","unknown","[{""path"":""tailrocks/velnor/.github/workflows/ci-unit-bun.yml@8955c765dd607b54a9f0f8fdfe440ca4b95b5a88"",""sha"":""8955c765dd607b54a9f0f8fdfe440ca4b95b5a88"",""ref"":""refs/pull/978/merge""},{""path"":""tailrocks/velnor/.github/workflows/ci-unit-docker.yml@8955c765dd607b54a9f0f8fdfe440ca4b95b5a88"",""sha"":""8955c765dd607b54a9f0f8fdfe440ca4b95b5a88"",""ref"":""refs/pull/978/merge""},{""path"":""tailrocks/velnor/.github/workflows/ci-unit-docs.yml@8955c765dd607b54a9f0f8fdfe440ca4b95b5a88"",""sha"":""8955c765dd607b54a9f0f8fdfe440ca4b95b5a88"",""ref"":""refs/pull/978/merge""},{""path"":""tailrocks/velnor/.github/workflows/ci-unit-opentofu.yml@8955c765dd607b54a9f0f8fdfe440ca4b95b5a88"",""sha"":""8955c765dd607b54a9f0f8fdfe440ca4b95b5a88"",""ref"":""refs/pull/978/merge""},{""path"":""tailrocks/velnor/.github/workflows/ci-unit-rust.yml@8955c765dd607b54a9f0f8fdfe440ca4b95b5a88"",""sha"":""8955c765dd607b54a9f0f8fdfe440ca4b95b5a88"",""ref"":""refs/pull/978/merge""}]","[]","2026-09-20T16:57:13Z","2026-09-20T16:57:13Z","2026-09-20T17:06:21Z","unknown","68","68","true","0","true","true","complete_fresh","verified","2026-09-20T17:06:20Z","547000","observed_initial_attempt","547000","547000","1558000","1558000","1558000","unknown","0","0","20","0","0","0","0","48","0","unclassified","517000","Rust · velnor-runner · github-hosted — rust-velnor-runner / GitHub · hosted","unknown","not_computed_without_dependency_graph","2026-09-20T17:06:15Z","observed","106113737900","1","Documentation · Documentation · github-hosted — docs / velnor","completed","skipped","unknown","unknown","unknown","2026-09-20T16:57:30Z","2026-09-20T16:57:29Z","unknown","skipped","not_applicable_skipped","0","0","[]"
"job","35524310993","1211","1","pull_request","CI / PR · pull_request · 978/merge","347892207",".github/workflows/ci-pr.yml","completed","success","true","codex/ci-performance-next","unknown","ce75f7c322cbb427d4aea2138abdb9fc5e0f5ed9","unknown","unknown.pull_request_source_not_proven","ce75f7c322cbb427d4aea2138abdb9fc5e0f5ed9","unknown","unknown","unknown","[{""path"":""tailrocks/velnor/.github/workflows/ci-unit-bun.yml@8955c765dd607b54a9f0f8fdfe440ca4b95b5a88"",""sha"":""8955c765dd607b54a9f0f8fdfe440ca4b95b5a88"",""ref"":""refs/pull/978/merge""},{""path"":""tailrocks/velnor/.github/workflows/ci-unit-docker.yml@8955c765dd607b54a9f0f8fdfe440ca4b95b5a88"",""sha"":""8955c765dd607b54a9f0f8fdfe440ca4b95b5a88"",""ref"":""refs/pull/978/merge""},{""path"":""tailrocks/velnor/.github/workflows/ci-unit-docs.yml@8955c765dd607b54a9f0f8fdfe440ca4b95b5a88"",""sha"":""8955c765dd607b54a9f0f8fdfe440ca4b95b5a88"",""ref"":""refs/pull/978/merge""},{""path"":""tailrocks/velnor/.github/workflows/ci-unit-opentofu.yml@8955c765dd607b54a9f0f8fdfe440ca4b95b5a88"",""sha"":""8955c765dd607b54a9f0f8fdfe440ca4b95b5a88"",""ref"":""refs/pull/978/merge""},{""path"":""tailrocks/velnor/.github/workflows/ci-unit-rust.yml@8955c765dd607b54a9f0f8fdfe440ca4b95b5a88"",""sha"":""8955c765dd607b54a9f0f8fdfe440ca4b95b5a88"",""ref"":""refs/pull/978/merge""}]","[]","2026-09-20T16:57:13Z","2026-09-20T16:57:13Z","2026-09-20T17:06:21Z","unknown","68","68","true","0","true","true","complete_fresh","verified","2026-09-20T17:06:20Z","547000","observed_initial_attempt","547000","547000","1558000","1558000","1558000","unknown","0","0","20","0","0","0","0","48","0","unclassified","517000","Rust · velnor-runner · github-hosted — rust-velnor-runner / GitHub · hosted","unknown","not_computed_without_dependency_graph","2026-09-20T17:06:15Z","observed","106113737953","1","Rust · velnor-model · github-hosted — rust-velnor-model / GitHub · hosted","completed","success","GitHub Actions 1000087421","GitHub Actions","1000087421","2026-09-20T16:57:32Z","2026-09-20T16:58:06Z","34000","observed","fresh","46","46","[{""number"":1,""name"":""Set up job"",""status"":""completed"",""conclusion"":""success"",""started_at"":""2026-09-20T16:57:32Z"",""completed_at"":""2026-09-20T16:57:34Z"",""duration_ms"":2000,""duration_state"":""observed""},{""number"":2,""name"":""Mark CI job start"",""status"":""completed"",""conclusion"":""success"",""started_at"":""2026-09-20T16:57:34Z"",""completed_at"":""2026-09-20T16:57:34Z"",""duration_ms"":0,""duration_state"":""observed""},{""number"":3,""name"":""Checkout"",""status"":""completed"",""conclusion"":""success"",""started_at"":""2026-09-20T16:57:34Z"",""completed_at"":""2026-09-20T16:57:36Z"",""duration_ms"":2000,""duration_state"":""observed""},{""number"":4,""name"":""Record unit dependencies"",""status"":""completed"",""conclusion"":""success"",""started_at"":""2026-09-20T16:57:36Z"",""completed_at"":""2026-09-20T16:57:36Z"",""duration_ms"":0,""duration_state"":""observed""},{""number"":5,""name"":""Download Velnor workflow runtime"",""status"":""completed"",""conclusion"":""success"",""started_at"":""2026-09-20T16:57:36Z"",""completed_at"":""2026-09-20T16:57:37Z"",""duration_ms"":1000,""duration_state"":""observed""},{""number"":6,""name"":""Verify Velnor workflow runtime"",""status"":""completed"",""conclusion"":""success"",""started_at"":""2026-09-20T16:57:37Z"",""completed_at"":""2026-09-20T16:57:37Z"",""duration_ms"":0,""duration_state"":""observed""},{""number"":7,""name"":""Add Velnor workflow runtime to PATH"",""status"":""completed"",""conclusion"":""success"",""started_at"":""2026-09-20T16:57:37Z"",""completed_at"":""2026-09-20T16:57:37Z"",""duration_ms"":0,""duration_state"":""observed""},{""number"":8,""name"":""Mark runner setup end"",""status"":""completed"",""conclusion"":""success"",""started_at"":""2026-09-20T16:57:37Z"",""completed_at"":""2026-09-20T16:57:37Z"",""duration_ms"":0,""duration_state"":""observed""},{""number"":9,""name"":""Materialize Velnor CI selection"",""status"":""completed"",""conclusion"":""success"",""started_at"":""2026-09-20T16:57:37Z"",""completed_at"":""2026-09-20T16:57:37Z"",""duration_ms"":0,""duration_state"":""observed""},{""number"":10,""name"":""Mark selection transport end"",""status"":""completed"",""conclusion"":""success"",""started_at"":""2026-09-20T16:57:37Z"",""completed_at"":""2026-09-20T16:57:37Z"",""duration_ms"":0,""duration_state"":""observed""},{""number"":11,""name"":""Restore Rust toolchain"",""status"":""completed"",""conclusion"":""success"",""started_at"":""2026-09-20T16:57:37Z"",""completed_at"":""2026-09-20T16:57:44Z"",""duration_ms"":7000,""duration_state"":""observed""},{""number"":12,""name"":""Provision Rust toolchain"",""status"":""completed"",""conclusion"":""success"",""started_at"":""2026-09-20T16:57:44Z"",""completed_at"":""2026-09-20T16:57:45Z"",""duration_ms"":1000,""duration_state"":""observed""},{""number"":13,""name"":""Save Rust toolchain"",""status"":""completed"",""conclusion"":""skipped"",""started_at"":""2026-09-20T16:57:45Z"",""completed_at"":""2026-09-20T16:57:45Z"",""duration_ms"":0,""duration_state"":""observed""},{""number"":14,""name"":""Set up Mise tools"",""status"":""completed"",""conclusion"":""success"",""started_at"":""2026-09-20T16:57:45Z"",""completed_at"":""2026-09-20T16:57:47Z"",""duration_ms"":2000,""duration_state"":""observed""},{""number"":15,""name"":""Set up Mise"",""status"":""completed"",""conclusion"":""skipped"",""started_at"":""2026-09-20T16:57:47Z"",""completed_at"":""2026-09-20T16:57:47Z"",""duration_ms"":0,""duration_state"":""observed""},{""number"":16,""name"":""Bound the Mr. Boxington store"",""status"":""completed"",""conclusion"":""success"",""started_at"":""2026-09-20T16:57:47Z"",""completed_at"":""2026-09-20T16:57:47Z"",""duration_ms"":0,""duration_state"":""observed""},{""number"":17,""name"":""Set up Mr. Boxington"",""status"":""completed"",""conclusion"":""success"",""started_at"":""2026-09-20T16:57:47Z"",""completed_at"":""2026-09-20T16:57:51Z"",""duration_ms"":4000,""duration_state"":""observed""},{""number"":18,""name"":""Restore cargo bin toolchain"",""status"":""completed"",""conclusion"":""skipped"",""started_at"":""2026-09-20T16:57:51Z"",""completed_at"":""2026-09-20T16:57:51Z"",""duration_ms"":0,""duration_state"":""observed""},{""number"":19,""name"":""Verify cargo bin tools"",""status"":""completed"",""conclusion"":""skipped"",""started_at"":""2026-09-20T16:57:51Z"",""completed_at"":""2026-09-20T16:57:51Z"",""duration_ms"":0,""duration_state"":""observed""},{""number"":20,""name"":""Set up cargo bin tools"",""status"":""completed"",""conclusion"":""skipped"",""started_at"":""2026-09-20T16:57:51Z"",""completed_at"":""2026-09-20T16:57:51Z"",""duration_ms"":0,""duration_state"":""observed""},{""number"":21,""name"":""Save cargo bin toolchain"",""status"":""completed"",""conclusion"":""skipped"",""started_at"":""2026-09-20T16:57:51Z"",""completed_at"":""2026-09-20T16:57:51Z"",""duration_ms"":0,""duration_state"":""observed""},{""number"":22,""name"":""Restore mold 2.42.0 cache"",""status"":""completed"",""conclusion"":""success"",""started_at"":""2026-09-20T16:57:51Z"",""completed_at"":""2026-09-20T16:57:51Z"",""duration_ms"":0,""duration_state"":""observed""},{""number"":23,""name"":""Set up mold 2.42.0"",""status"":""completed"",""conclusion"":""success"",""started_at"":""2026-09-20T16:57:51Z"",""completed_at"":""2026-09-20T16:57:51Z"",""duration_ms"":0,""duration_state"":""observed""},{""number"":24,""name"":""Save mold 2.42.0 cache"",""status"":""completed"",""conclusion"":""skipped"",""started_at"":""2026-09-20T16:57:51Z"",""completed_at"":""2026-09-20T16:57:51Z"",""duration_ms"":0,""duration_state"":""observed""},{""number"":25,""name"":""Mark tool bootstrap end"",""status"":""completed"",""conclusion"":""success"",""started_at"":""2026-09-20T16:57:51Z"",""completed_at"":""2026-09-20T16:57:51Z"",""duration_ms"":0,""duration_state"":""observed""},{""number"":26,""name"":""Restore unit cache"",""status"":""completed"",""conclusion"":""success"",""started_at"":""2026-09-20T16:57:51Z"",""completed_at"":""2026-09-20T16:57:54Z"",""duration_ms"":3000,""duration_state"":""observed""},{""number"":27,""name"":""Mark cache prep end"",""status"":""completed"",""conclusion"":""success"",""started_at"":""2026-09-20T16:57:54Z"",""completed_at"":""2026-09-20T16:57:54Z"",""duration_ms"":0,""duration_state"":""observed""},{""number"":28,""name"":""Prepare Cargo sources"",""status"":""completed"",""conclusion"":""success"",""started_at"":""2026-09-20T16:57:54Z"",""completed_at"":""2026-09-20T16:57:55Z"",""duration_ms"":1000,""duration_state"":""observed""},{""number"":29,""name"":""Mark cargo fetch end"",""status"":""completed"",""conclusion"":""success"",""started_at"":""2026-09-20T16:57:55Z"",""completed_at"":""2026-09-20T16:57:55Z"",""duration_ms"":0,""duration_state"":""observed""},{""number"":30,""name"":""Fetch D19 pin history"",""status"":""completed"",""conclusion"":""success"",""started_at"":""2026-09-20T16:57:55Z"",""completed_at"":""2026-09-20T16:57:55Z"",""duration_ms"":0,""duration_state"":""observed""},{""number"":31,""name"":""Run unit checks"",""status"":""completed"",""conclusion"":""success"",""started_at"":""2026-09-20T16:57:55Z"",""completed_at"":""2026-09-20T16:58:04Z"",""duration_ms"":9000,""duration_state"":""observed""},{""number"":32,""name"":""Mark candidate phase start"",""status"":""completed"",""conclusion"":""skipped"",""started_at"":""2026-09-20T16:58:04Z"",""completed_at"":""2026-09-20T16:58:04Z"",""duration_ms"":0,""duration_state"":""observed""},{""number"":33,""name"":""Mark candidate preparation start"",""status"":""completed"",""conclusion"":""skipped"",""started_at"":""2026-09-20T16:58:04Z"",""completed_at"":""2026-09-20T16:58:04Z"",""duration_ms"":0,""duration_state"":""observed""},{""number"":34,""name"":""Prepare candidate generator product"",""status"":""completed"",""conclusion"":""skipped"",""started_at"":""2026-09-20T16:58:04Z"",""completed_at"":""2026-09-20T16:58:04Z"",""duration_ms"":0,""duration_state"":""observed""},{""number"":35,""name"":""Mark candidate preparation end"",""status"":""completed"",""conclusion"":""skipped"",""started_at"":""2026-09-20T16:58:04Z"",""completed_at"":""2026-09-20T16:58:04Z"",""duration_ms"":0,""duration_state"":""observed""},{""number"":36,""name"":""Mark candidate publication start"",""status"":""completed"",""conclusion"":""skipped"",""started_at"":""2026-09-20T16:58:04Z"",""completed_at"":""2026-09-20T16:58:04Z"",""duration_ms"":0,""duration_state"":""observed""},{""number"":37,""name"":""Publish candidate generator product"",""status"":""completed"",""conclusion"":""skipped"",""started_at"":""2026-09-20T16:58:04Z"",""completed_at"":""2026-09-20T16:58:04Z"",""duration_ms"":0,""duration_state"":""observed""},{""number"":38,""name"":""Mark candidate publication end"",""status"":""completed"",""conclusion"":""skipped"",""started_at"":""2026-09-20T16:58:04Z"",""completed_at"":""2026-09-20T16:58:04Z"",""duration_ms"":0,""duration_state"":""observed""},{""number"":39,""name"":""Mark candidate phase end"",""status"":""completed"",""conclusion"":""skipped"",""started_at"":""2026-09-20T16:58:04Z"",""completed_at"":""2026-09-20T16:58:04Z"",""duration_ms"":0,""duration_state"":""observed""},{""number"":40,""name"":""Mark BUNDLE cache-save start"",""status"":""completed"",""conclusion"":""skipped"",""started_at"":""2026-09-20T16:58:04Z"",""completed_at"":""2026-09-20T16:58:04Z"",""duration_ms"":0,""duration_state"":""observed""},{""number"":41,""name"":""Save unit cache"",""status"":""completed"",""conclusion"":""skipped"",""started_at"":""2026-09-20T16:58:04Z"",""completed_at"":""2026-09-20T16:58:04Z"",""duration_ms"":0,""duration_state"":""observed""},{""number"":42,""name"":""Mark BUNDLE cache-save end"",""status"":""completed"",""conclusion"":""skipped"",""started_at"":""2026-09-20T16:58:04Z"",""completed_at"":""2026-09-20T16:58:04Z"",""duration_ms"":0,""duration_state"":""observed""},{""number"":43,""name"":""Report phase timings and cache outcomes"",""status"":""completed"",""conclusion"":""success"",""started_at"":""2026-09-20T16:58:04Z"",""completed_at"":""2026-09-20T16:58:04Z"",""duration_ms"":0,""duration_state"":""observed""},{""number"":85,""name"":""Post Set up Mr. Boxington"",""status"":""completed"",""conclusion"":""success"",""started_at"":""2026-09-20T16:58:04Z"",""completed_at"":""2026-09-20T16:58:04Z"",""duration_ms"":0,""duration_state"":""observed""},{""number"":86,""name"":""Post Checkout"",""status"":""completed"",""conclusion"":""success"",""started_at"":""2026-09-20T16:58:04Z"",""completed_at"":""2026-09-20T16:58:04Z"",""duration_ms"":0,""duration_state"":""observed""},{""number"":87,""name"":""Complete job"",""status"":""completed"",""conclusion"":""success"",""started_at"":""2026-09-20T16:58:05Z"",""completed_at"":""2026-09-20T16:58:05Z"",""duration_ms"":0,""duration_state"":""observed""}]"
"job","35524310993","1211","1","pull_request","CI / PR · pull_request · 978/merge","347892207",".github/workflows/ci-pr.yml","completed","success","true","codex/ci-performance-next","unknown","ce75f7c322cbb427d4aea2138abdb9fc5e0f5ed9","unknown","unknown.pull_request_source_not_proven","ce75f7c322cbb427d4aea2138abdb9fc5e0f5ed9","unknown","unknown","unknown","[{""path"":""tailrocks/velnor/.github/workflows/ci-unit-bun.yml@8955c765dd607b54a9f0f8fdfe440ca4b95b5a88"",""sha"":""8955c765dd607b54a9f0f8fdfe440ca4b95b5a88"",""ref"":""refs/pull/978/merge""},{""path"":""tailrocks/velnor/.github/workflows/ci-unit-docker.yml@8955c765dd607b54a9f0f8fdfe440ca4b95b5a88"",""sha"":""8955c765dd607b54a9f0f8fdfe440ca4b95b5a88"",""ref"":""refs/pull/978/merge""},{""path"":""tailrocks/velnor/.github/workflows/ci-unit-docs.yml@8955c765dd607b54a9f0f8fdfe440ca4b95b5a88"",""sha"":""8955c765dd607b54a9f0f8fdfe440ca4b95b5a88"",""ref"":""refs/pull/978/merge""},{""path"":""tailrocks/velnor/.github/workflows/ci-unit-opentofu.yml@8955c765dd607b54a9f0f8fdfe440ca4b95b5a88"",""sha"":""8955c765dd607b54a9f0f8fdfe440ca4b95b5a88"",""ref"":""refs/pull/978/merge""},{""path"":""tailrocks/velnor/.github/workflows/ci-unit-rust.yml@8955c765dd607b54a9f0f8fdfe440ca4b95b5a88"",""sha"":""8955c765dd607b54a9f0f8fdfe440ca4b95b5a88"",""ref"":""refs/pull/978/merge""}]","[]","2026-09-20T16:57:13Z","2026-09-20T16:57:13Z","2026-09-20T17:06:21Z","unknown","68","68","true","0","true","true","complete_fresh","verified","2026-09-20T17:06:20Z","547000","observed_initial_attempt","547000","547000","1558000","1558000","1558000","unknown","0","0","20","0","0","0","0","48","0","unclassified","517000","Rust · velnor-runner · github-hosted — rust-velnor-runner / GitHub · hosted","unknown","not_computed_without_dependency_graph","2026-09-20T17:06:15Z","observed","106113737958","1","Rust · velnor-runner · github-hosted — rust-velnor-runner / GitHub · hosted","completed","success","GitHub Actions 1000087420","GitHub Actions","1000087420","2026-09-20T16:57:32Z","2026-09-20T17:06:09Z","517000","observed","fresh","46","46","[{""number"":1,""name"":""Set up job"",""status"":""completed"",""conclusion"":""success"",""started_at"":""2026-09-20T16:57:32Z"",""completed_at"":""2026-09-20T16:57:34Z"",""duration_ms"":2000,""duration_state"":""observed""},{""number"":2,""name"":""Mark CI job start"",""status"":""completed"",""conclusion"":""success"",""started_at"":""2026-09-20T16:57:34Z"",""completed_at"":""2026-09-20T16:57:34Z"",""duration_ms"":0,""duration_state"":""observed""},{""number"":3,""name"":""Checkout"",""status"":""completed"",""conclusion"":""success"",""started_at"":""2026-09-20T16:57:34Z"",""completed_at"":""2026-09-20T16:57:36Z"",""duration_ms"":2000,""duration_state"":""observed""},{""number"":4,""name"":""Record unit dependencies"",""status"":""completed"",""conclusion"":""success"",""started_at"":""2026-09-20T16:57:36Z"",""completed_at"":""2026-09-20T16:57:36Z"",""duration_ms"":0,""duration_state"":""observed""},{""number"":5,""name"":""Download Velnor workflow runtime"",""status"":""completed"",""conclusion"":""success"",""started_at"":""2026-09-20T16:57:36Z"",""completed_at"":""2026-09-20T16:57:37Z"",""duration_ms"":1000,""duration_state"":""observed""},{""number"":6,""name"":""Verify Velnor workflow runtime"",""status"":""completed"",""conclusion"":""success"",""started_at"":""2026-09-20T16:57:37Z"",""completed_at"":""2026-09-20T16:57:37Z"",""duration_ms"":0,""duration_state"":""observed""},{""number"":7,""name"":""Add Velnor workflow runtime to PATH"",""status"":""completed"",""conclusion"":""success"",""started_at"":""2026-09-20T16:57:37Z"",""completed_at"":""2026-09-20T16:57:37Z"",""duration_ms"":0,""duration_state"":""observed""},{""number"":8,""name"":""Mark runner setup end"",""status"":""completed"",""conclusion"":""success"",""started_at"":""2026-09-20T16:57:37Z"",""completed_at"":""2026-09-20T16:57:37Z"",""duration_ms"":0,""duration_state"":""observed""},{""number"":9,""name"":""Materialize Velnor CI selection"",""status"":""completed"",""conclusion"":""success"",""started_at"":""2026-09-20T16:57:37Z"",""completed_at"":""2026-09-20T16:57:37Z"",""duration_ms"":0,""duration_state"":""observed""},{""number"":10,""name"":""Mark selection transport end"",""status"":""completed"",""conclusion"":""success"",""started_at"":""2026-09-20T16:57:37Z"",""completed_at"":""2026-09-20T16:57:37Z"",""duration_ms"":0,""duration_state"":""observed""},{""number"":11,""name"":""Restore Rust toolchain"",""status"":""completed"",""conclusion"":""success"",""started_at"":""2026-09-20T16:57:37Z"",""completed_at"":""2026-09-20T16:57:43Z"",""duration_ms"":6000,""duration_state"":""observed""},{""number"":12,""name"":""Provision Rust toolchain"",""status"":""completed"",""conclusion"":""success"",""started_at"":""2026-09-20T16:57:43Z"",""completed_at"":""2026-09-20T16:57:45Z"",""duration_ms"":2000,""duration_state"":""observed""},{""number"":13,""name"":""Save Rust toolchain"",""status"":""completed"",""conclusion"":""skipped"",""started_at"":""2026-09-20T16:57:45Z"",""completed_at"":""2026-09-20T16:57:45Z"",""duration_ms"":0,""duration_state"":""observed""},{""number"":14,""name"":""Set up Mise tools"",""status"":""completed"",""conclusion"":""success"",""started_at"":""2026-09-20T16:57:45Z"",""completed_at"":""2026-09-20T16:57:47Z"",""duration_ms"":2000,""duration_state"":""observed""},{""number"":15,""name"":""Set up Mise"",""status"":""completed"",""conclusion"":""skipped"",""started_at"":""2026-09-20T16:57:47Z"",""completed_at"":""2026-09-20T16:57:47Z"",""duration_ms"":0,""duration_state"":""observed""},{""number"":16,""name"":""Bound the Mr. Boxington store"",""status"":""completed"",""conclusion"":""success"",""started_at"":""2026-09-20T16:57:47Z"",""completed_at"":""2026-09-20T16:57:47Z"",""duration_ms"":0,""duration_state"":""observed""},{""number"":17,""name"":""Set up Mr. Boxington"",""status"":""completed"",""conclusion"":""success"",""started_at"":""2026-09-20T16:57:47Z"",""completed_at"":""2026-09-20T16:57:51Z"",""duration_ms"":4000,""duration_state"":""observed""},{""number"":18,""name"":""Restore cargo bin toolchain"",""status"":""completed"",""conclusion"":""skipped"",""started_at"":""2026-09-20T16:57:51Z"",""completed_at"":""2026-09-20T16:57:51Z"",""duration_ms"":0,""duration_state"":""observed""},{""number"":19,""name"":""Verify cargo bin tools"",""status"":""completed"",""conclusion"":""skipped"",""started_at"":""2026-09-20T16:57:51Z"",""completed_at"":""2026-09-20T16:57:51Z"",""duration_ms"":0,""duration_state"":""observed""},{""number"":20,""name"":""Set up cargo bin tools"",""status"":""completed"",""conclusion"":""skipped"",""started_at"":""2026-09-20T16:57:51Z"",""completed_at"":""2026-09-20T16:57:51Z"",""duration_ms"":0,""duration_state"":""observed""},{""number"":21,""name"":""Save cargo bin toolchain"",""status"":""completed"",""conclusion"":""skipped"",""started_at"":""2026-09-20T16:57:51Z"",""completed_at"":""2026-09-20T16:57:51Z"",""duration_ms"":0,""duration_state"":""observed""},{""number"":22,""name"":""Restore mold 2.42.0 cache"",""status"":""completed"",""conclusion"":""success"",""started_at"":""2026-09-20T16:57:51Z"",""completed_at"":""2026-09-20T16:57:52Z"",""duration_ms"":1000,""duration_state"":""observed""},{""number"":23,""name"":""Set up mold 2.42.0"",""status"":""completed"",""conclusion"":""success"",""started_at"":""2026-09-20T16:57:52Z"",""completed_at"":""2026-09-20T16:57:53Z"",""duration_ms"":1000,""duration_state"":""observed""},{""number"":24,""name"":""Save mold 2.42.0 cache"",""status"":""completed"",""conclusion"":""skipped"",""started_at"":""2026-09-20T16:57:53Z"",""completed_at"":""2026-09-20T16:57:53Z"",""duration_ms"":0,""duration_state"":""observed""},{""number"":25,""name"":""Mark tool bootstrap end"",""status"":""completed"",""conclusion"":""success"",""started_at"":""2026-09-20T16:57:53Z"",""completed_at"":""2026-09-20T16:57:53Z"",""duration_ms"":0,""duration_state"":""observed""},{""number"":26,""name"":""Restore unit cache"",""status"":""completed"",""conclusion"":""success"",""started_at"":""2026-09-20T16:57:53Z"",""completed_at"":""2026-09-20T16:57:56Z"",""duration_ms"":3000,""duration_state"":""observed""},{""number"":27,""name"":""Mark cache prep end"",""status"":""completed"",""conclusion"":""success"",""started_at"":""2026-09-20T16:57:56Z"",""completed_at"":""2026-09-20T16:57:56Z"",""duration_ms"":0,""duration_state"":""observed""},{""number"":28,""name"":""Prepare Cargo sources"",""status"":""completed"",""conclusion"":""success"",""started_at"":""2026-09-20T16:57:56Z"",""completed_at"":""2026-09-20T16:57:56Z"",""duration_ms"":0,""duration_state"":""observed""},{""number"":29,""name"":""Mark cargo fetch end"",""status"":""completed"",""conclusion"":""success"",""started_at"":""2026-09-20T16:57:56Z"",""completed_at"":""2026-09-20T16:57:56Z"",""duration_ms"":0,""duration_state"":""observed""},{""number"":30,""name"":""Fetch D19 pin history"",""status"":""completed"",""conclusion"":""success"",""started_at"":""2026-09-20T16:57:56Z"",""completed_at"":""2026-09-20T16:57:56Z"",""duration_ms"":0,""duration_state"":""observed""},{""number"":31,""name"":""Run unit checks"",""status"":""completed"",""conclusion"":""success"",""started_at"":""2026-09-20T16:57:56Z"",""completed_at"":""2026-09-20T17:06:06Z"",""duration_ms"":490000,""duration_state"":""observed""},{""number"":32,""name"":""Mark candidate phase start"",""status"":""completed"",""conclusion"":""skipped"",""started_at"":""2026-09-20T17:06:06Z"",""completed_at"":""2026-09-20T17:06:06Z"",""duration_ms"":0,""duration_state"":""observed""},{""number"":33,""name"":""Mark candidate preparation start"",""status"":""completed"",""conclusion"":""skipped"",""started_at"":""2026-09-20T17:06:06Z"",""completed_at"":""2026-09-20T17:06:06Z"",""duration_ms"":0,""duration_state"":""observed""},{""number"":34,""name"":""Prepare candidate generator product"",""status"":""completed"",""conclusion"":""skipped"",""started_at"":""2026-09-20T17:06:06Z"",""completed_at"":""2026-09-20T17:06:06Z"",""duration_ms"":0,""duration_state"":""observed""},{""number"":35,""name"":""Mark candidate preparation end"",""status"":""completed"",""conclusion"":""skipped"",""started_at"":""2026-09-20T17:06:06Z"",""completed_at"":""2026-09-20T17:06:06Z"",""duration_ms"":0,""duration_state"":""observed""},{""number"":36,""name"":""Mark candidate publication start"",""status"":""completed"",""conclusion"":""skipped"",""started_at"":""2026-09-20T17:06:06Z"",""completed_at"":""2026-09-20T17:06:06Z"",""duration_ms"":0,""duration_state"":""observed""},{""number"":37,""name"":""Publish candidate generator product"",""status"":""completed"",""conclusion"":""skipped"",""started_at"":""2026-09-20T17:06:06Z"",""completed_at"":""2026-09-20T17:06:06Z"",""duration_ms"":0,""duration_state"":""observed""},{""number"":38,""name"":""Mark candidate publication end"",""status"":""completed"",""conclusion"":""skipped"",""started_at"":""2026-09-20T17:06:06Z"",""completed_at"":""2026-09-20T17:06:06Z"",""duration_ms"":0,""duration_state"":""observed""},{""number"":39,""name"":""Mark candidate phase end"",""status"":""completed"",""conclusion"":""skipped"",""started_at"":""2026-09-20T17:06:06Z"",""completed_at"":""2026-09-20T17:06:06Z"",""duration_ms"":0,""duration_state"":""observed""},{""number"":40,""name"":""Mark BUNDLE cache-save start"",""status"":""completed"",""conclusion"":""skipped"",""started_at"":""2026-09-20T17:06:06Z"",""completed_at"":""2026-09-20T17:06:06Z"",""duration_ms"":0,""duration_state"":""observed""},{""number"":41,""name"":""Save unit cache"",""status"":""completed"",""conclusion"":""skipped"",""started_at"":""2026-09-20T17:06:06Z"",""completed_at"":""2026-09-20T17:06:06Z"",""duration_ms"":0,""duration_state"":""observed""},{""number"":42,""name"":""Mark BUNDLE cache-save end"",""status"":""completed"",""conclusion"":""skipped"",""started_at"":""2026-09-20T17:06:06Z"",""completed_at"":""2026-09-20T17:06:06Z"",""duration_ms"":0,""duration_state"":""observed""},{""number"":43,""name"":""Report phase timings and cache outcomes"",""status"":""completed"",""conclusion"":""success"",""started_at"":""2026-09-20T17:06:06Z"",""completed_at"":""2026-09-20T17:06:07Z"",""duration_ms"":1000,""duration_state"":""observed""},{""number"":85,""name"":""Post Set up Mr. Boxington"",""status"":""completed"",""conclusion"":""success"",""started_at"":""2026-09-20T17:06:07Z"",""completed_at"":""2026-09-20T17:06:08Z"",""duration_ms"":1000,""duration_state"":""observed""},{""number"":86,""name"":""Post Checkout"",""status"":""completed"",""conclusion"":""success"",""started_at"":""2026-09-20T17:06:08Z"",""completed_at"":""2026-09-20T17:06:08Z"",""duration_ms"":0,""duration_state"":""observed""},{""number"":87,""name"":""Complete job"",""status"":""completed"",""conclusion"":""success"",""started_at"":""2026-09-20T17:06:08Z"",""completed_at"":""2026-09-20T17:06:08Z"",""duration_ms"":0,""duration_state"":""observed""}]"
"job","35524310993","1211","1","pull_request","CI / PR · pull_request · 978/merge","347892207",".github/workflows/ci-pr.yml","completed","success","true","codex/ci-performance-next","unknown","ce75f7c322cbb427d4aea2138abdb9fc5e0f5ed9","unknown","unknown.pull_request_source_not_proven","ce75f7c322cbb427d4aea2138abdb9fc5e0f5ed9","unknown","unknown","unknown","[{""path"":""tailrocks/velnor/.github/workflows/ci-unit-bun.yml@8955c765dd607b54a9f0f8fdfe440ca4b95b5a88"",""sha"":""8955c765dd607b54a9f0f8fdfe440ca4b95b5a88"",""ref"":""refs/pull/978/merge""},{""path"":""tailrocks/velnor/.github/workflows/ci-unit-docker.yml@8955c765dd607b54a9f0f8fdfe440ca4b95b5a88"",""sha"":""8955c765dd607b54a9f0f8fdfe440ca4b95b5a88"",""ref"":""refs/pull/978/merge""},{""path"":""tailrocks/velnor/.github/workflows/ci-unit-docs.yml@8955c765dd607b54a9f0f8fdfe440ca4b95b5a88"",""sha"":""8955c765dd607b54a9f0f8fdfe440ca4b95b5a88"",""ref"":""refs/pull/978/merge""},{""path"":""tailrocks/velnor/.github/workflows/ci-unit-opentofu.yml@8955c765dd607b54a9f0f8fdfe440ca4b95b5a88"",""sha"":""8955c765dd607b54a9f0f8fdfe440ca4b95b5a88"",""ref"":""refs/pull/978/merge""},{""path"":""tailrocks/velnor/.github/workflows/ci-unit-rust.yml@8955c765dd607b54a9f0f8fdfe440ca4b95b5a88"",""sha"":""8955c765dd607b54a9f0f8fdfe440ca4b95b5a88"",""ref"":""refs/pull/978/merge""}]","[]","2026-09-20T16:57:13Z","2026-09-20T16:57:13Z","2026-09-20T17:06:21Z","unknown","68","68","true","0","true","true","complete_fresh","verified","2026-09-20T17:06:20Z","547000","observed_initial_attempt","547000","547000","1558000","1558000","1558000","unknown","0","0","20","0","0","0","0","48","0","unclassified","517000","Rust · velnor-runner · github-hosted — rust-velnor-runner / GitHub · hosted","unknown","not_computed_without_dependency_graph","2026-09-20T17:06:15Z","observed","106113737966","1","Rust · Rust dependency policy · github-hosted — rust-policy / velnor","completed","skipped","unknown","unknown","unknown","2026-09-20T16:57:30Z","2026-09-20T16:57:29Z","unknown","skipped","not_applicable_skipped","0","0","[]"
"job","35524310993","1211","1","pull_request","CI / PR · pull_request · 978/merge","347892207",".github/workflows/ci-pr.yml","completed","success","true","codex/ci-performance-next","unknown","ce75f7c322cbb427d4aea2138abdb9fc5e0f5ed9","unknown","unknown.pull_request_source_not_proven","ce75f7c322cbb427d4aea2138abdb9fc5e0f5ed9","unknown","unknown","unknown","[{""path"":""tailrocks/velnor/.github/workflows/ci-unit-bun.yml@8955c765dd607b54a9f0f8fdfe440ca4b95b5a88"",""sha"":""8955c765dd607b54a9f0f8fdfe440ca4b95b5a88"",""ref"":""refs/pull/978/merge""},{""path"":""tailrocks/velnor/.github/workflows/ci-unit-docker.yml@8955c765dd607b54a9f0f8fdfe440ca4b95b5a88"",""sha"":""8955c765dd607b54a9f0f8fdfe440ca4b95b5a88"",""ref"":""refs/pull/978/merge""},{""path"":""tailrocks/velnor/.github/workflows/ci-unit-docs.yml@8955c765dd607b54a9f0f8fdfe440ca4b95b5a88"",""sha"":""8955c765dd607b54a9f0f8fdfe440ca4b95b5a88"",""ref"":""refs/pull/978/merge""},{""path"":""tailrocks/velnor/.github/workflows/ci-unit-opentofu.yml@8955c765dd607b54a9f0f8fdfe440ca4b95b5a88"",""sha"":""8955c765dd607b54a9f0f8fdfe440ca4b95b5a88"",""ref"":""refs/pull/978/merge""},{""path"":""tailrocks/velnor/.github/workflows/ci-unit-rust.yml@8955c765dd607b54a9f0f8fdfe440ca4b95b5a88"",""sha"":""8955c765dd607b54a9f0f8fdfe440ca4b95b5a88"",""ref"":""refs/pull/978/merge""}]","[]","2026-09-20T16:57:13Z","2026-09-20T16:57:13Z","2026-09-20T17:06:21Z","unknown","68","68","true","0","true","true","complete_fresh","verified","2026-09-20T17:06:20Z","547000","observed_initial_attempt","547000","547000","1558000","1558000","1558000","unknown","0","0","20","0","0","0","0","48","0","unclassified","517000","Rust · velnor-runner · github-hosted — rust-velnor-runner / GitHub · hosted","unknown","not_computed_without_dependency_graph","2026-09-20T17:06:15Z","observed","106113737988","1","Rust · velnor-control · github-hosted — rust-velnor-control / prepare-cargo","completed","skipped","unknown","unknown","unknown","2026-09-20T16:57:30Z","2026-09-20T16:57:29Z","unknown","skipped","not_applicable_skipped","0","0","[]"
"job","35524310993","1211","1","pull_request","CI / PR · pull_request · 978/merge","347892207",".github/workflows/ci-pr.yml","completed","success","true","codex/ci-performance-next","unknown","ce75f7c322cbb427d4aea2138abdb9fc5e0f5ed9","unknown","unknown.pull_request_source_not_proven","ce75f7c322cbb427d4aea2138abdb9fc5e0f5ed9","unknown","unknown","unknown","[{""path"":""tailrocks/velnor/.github/workflows/ci-unit-bun.yml@8955c765dd607b54a9f0f8fdfe440ca4b95b5a88"",""sha"":""8955c765dd607b54a9f0f8fdfe440ca4b95b5a88"",""ref"":""refs/pull/978/merge""},{""path"":""tailrocks/velnor/.github/workflows/ci-unit-docker.yml@8955c765dd607b54a9f0f8fdfe440ca4b95b5a88"",""sha"":""8955c765dd607b54a9f0f8fdfe440ca4b95b5a88"",""ref"":""refs/pull/978/merge""},{""path"":""tailrocks/velnor/.github/workflows/ci-unit-docs.yml@8955c765dd607b54a9f0f8fdfe440ca4b95b5a88"",""sha"":""8955c765dd607b54a9f0f8fdfe440ca4b95b5a88"",""ref"":""refs/pull/978/merge""},{""path"":""tailrocks/velnor/.github/workflows/ci-unit-opentofu.yml@8955c765dd607b54a9f0f8fdfe440ca4b95b5a88"",""sha"":""8955c765dd607b54a9f0f8fdfe440ca4b95b5a88"",""ref"":""refs/pull/978/merge""},{""path"":""tailrocks/velnor/.github/workflows/ci-unit-rust.yml@8955c765dd607b54a9f0f8fdfe440ca4b95b5a88"",""sha"":""8955c765dd607b54a9f0f8fdfe440ca4b95b5a88"",""ref"":""refs/pull/978/merge""}]","[]","2026-09-20T16:57:13Z","2026-09-20T16:57:13Z","2026-09-20T17:06:21Z","unknown","68","68","true","0","true","true","complete_fresh","verified","2026-09-20T17:06:20Z","547000","observed_initial_attempt","547000","547000","1558000","1558000","1558000","unknown","0","0","20","0","0","0","0","48","0","unclassified","517000","Rust · velnor-runner · github-hosted — rust-velnor-runner / GitHub · hosted","unknown","not_computed_without_dependency_graph","2026-09-20T17:06:15Z","observed","106113738030","1","OpenTofu · OpenTofu · github-hosted — opentofu / velnor","completed","skipped","unknown","unknown","unknown","2026-09-20T16:57:30Z","2026-09-20T16:57:29Z","unknown","skipped","not_applicable_skipped","0","0","[]"
"job","35524310993","1211","1","pull_request","CI / PR · pull_request · 978/merge","347892207",".github/workflows/ci-pr.yml","completed","success","true","codex/ci-performance-next","unknown","ce75f7c322cbb427d4aea2138abdb9fc5e0f5ed9","unknown","unknown.pull_request_source_not_proven","ce75f7c322cbb427d4aea2138abdb9fc5e0f5ed9","unknown","unknown","unknown","[{""path"":""tailrocks/velnor/.github/workflows/ci-unit-bun.yml@8955c765dd607b54a9f0f8fdfe440ca4b95b5a88"",""sha"":""8955c765dd607b54a9f0f8fdfe440ca4b95b5a88"",""ref"":""refs/pull/978/merge""},{""path"":""tailrocks/velnor/.github/workflows/ci-unit-docker.yml@8955c765dd607b54a9f0f8fdfe440ca4b95b5a88"",""sha"":""8955c765dd607b54a9f0f8fdfe440ca4b95b5a88"",""ref"":""refs/pull/978/merge""},{""path"":""tailrocks/velnor/.github/workflows/ci-unit-docs.yml@8955c765dd607b54a9f0f8fdfe440ca4b95b5a88"",""sha"":""8955c765dd607b54a9f0f8fdfe440ca4b95b5a88"",""ref"":""refs/pull/978/merge""},{""path"":""tailrocks/velnor/.github/workflows/ci-unit-opentofu.yml@8955c765dd607b54a9f0f8fdfe440ca4b95b5a88"",""sha"":""8955c765dd607b54a9f0f8fdfe440ca4b95b5a88"",""ref"":""refs/pull/978/merge""},{""path"":""tailrocks/velnor/.github/workflows/ci-unit-rust.yml@8955c765dd607b54a9f0f8fdfe440ca4b95b5a88"",""sha"":""8955c765dd607b54a9f0f8fdfe440ca4b95b5a88"",""ref"":""refs/pull/978/merge""}]","[]","2026-09-20T16:57:13Z","2026-09-20T16:57:13Z","2026-09-20T17:06:21Z","unknown","68","68","true","0","true","true","complete_fresh","verified","2026-09-20T17:06:20Z","547000","observed_initial_attempt","547000","547000","1558000","1558000","1558000","unknown","0","0","20","0","0","0","0","48","0","unclassified","517000","Rust · velnor-runner · github-hosted — rust-velnor-runner / GitHub · hosted","unknown","not_computed_without_dependency_graph","2026-09-20T17:06:15Z","observed","106113738048","1","Docker · Docker · github-hosted — docker / velnor · trusted","completed","skipped","unknown","unknown","unknown","2026-09-20T16:57:30Z","2026-09-20T16:57:29Z","unknown","skipped","not_applicable_skipped","0","0","[]"
"job","35524310993","1211","1","pull_request","CI / PR · pull_request · 978/merge","347892207",".github/workflows/ci-pr.yml","completed","success","true","codex/ci-performance-next","unknown","ce75f7c322cbb427d4aea2138abdb9fc5e0f5ed9","unknown","unknown.pull_request_source_not_proven","ce75f7c322cbb427d4aea2138abdb9fc5e0f5ed9","unknown","unknown","unknown","[{""path"":""tailrocks/velnor/.github/workflows/ci-unit-bun.yml@8955c765dd607b54a9f0f8fdfe440ca4b95b5a88"",""sha"":""8955c765dd607b54a9f0f8fdfe440ca4b95b5a88"",""ref"":""refs/pull/978/merge""},{""path"":""tailrocks/velnor/.github/workflows/ci-unit-docker.yml@8955c765dd607b54a9f0f8fdfe440ca4b95b5a88"",""sha"":""8955c765dd607b54a9f0f8fdfe440ca4b95b5a88"",""ref"":""refs/pull/978/merge""},{""path"":""tailrocks/velnor/.github/workflows/ci-unit-docs.yml@8955c765dd607b54a9f0f8fdfe440ca4b95b5a88"",""sha"":""8955c765dd607b54a9f0f8fdfe440ca4b95b5a88"",""ref"":""refs/pull/978/merge""},{""path"":""tailrocks/velnor/.github/workflows/ci-unit-opentofu.yml@8955c765dd607b54a9f0f8fdfe440ca4b95b5a88"",""sha"":""8955c765dd607b54a9f0f8fdfe440ca4b95b5a88"",""ref"":""refs/pull/978/merge""},{""path"":""tailrocks/velnor/.github/workflows/ci-unit-rust.yml@8955c765dd607b54a9f0f8fdfe440ca4b95b5a88"",""sha"":""8955c765dd607b54a9f0f8fdfe440ca4b95b5a88"",""ref"":""refs/pull/978/merge""}]","[]","2026-09-20T16:57:13Z","2026-09-20T16:57:13Z","2026-09-20T17:06:21Z","unknown","68","68","true","0","true","true","complete_fresh","verified","2026-09-20T17:06:20Z","547000","observed_initial_attempt","547000","547000","1558000","1558000","1558000","unknown","0","0","20","0","0","0","0","48","0","unclassified","517000","Rust · velnor-runner · github-hosted — rust-velnor-runner / GitHub · hosted","unknown","not_computed_without_dependency_graph","2026-09-20T17:06:15Z","observed","106113738086","1","Rust · velnor-workflow-contract · github-hosted — rust-velnor-workflow-contract / GitHub · hosted","completed","success","GitHub Actions 1000087422","GitHub Actions","1000087422","2026-09-20T16:57:32Z","2026-09-20T16:58:00Z","28000","observed","fresh","46","46","[{""number"":1,""name"":""Set up job"",""status"":""completed"",""conclusion"":""success"",""started_at"":""2026-09-20T16:57:33Z"",""completed_at"":""2026-09-20T16:57:35Z"",""duration_ms"":2000,""duration_state"":""observed""},{""number"":2,""name"":""Mark CI job start"",""status"":""completed"",""conclusion"":""success"",""started_at"":""2026-09-20T16:57:35Z"",""completed_at"":""2026-09-20T16:57:35Z"",""duration_ms"":0,""duration_state"":""observed""},{""number"":3,""name"":""Checkout"",""status"":""completed"",""conclusion"":""success"",""started_at"":""2026-09-20T16:57:35Z"",""completed_at"":""2026-09-20T16:57:37Z"",""duration_ms"":2000,""duration_state"":""observed""},{""number"":4,""name"":""Record unit dependencies"",""status"":""completed"",""conclusion"":""success"",""started_at"":""2026-09-20T16:57:37Z"",""completed_at"":""2026-09-20T16:57:37Z"",""duration_ms"":0,""duration_state"":""observed""},{""number"":5,""name"":""Download Velnor workflow runtime"",""status"":""completed"",""conclusion"":""success"",""started_at"":""2026-09-20T16:57:37Z"",""completed_at"":""2026-09-20T16:57:38Z"",""duration_ms"":1000,""duration_state"":""observed""},{""number"":6,""name"":""Verify Velnor workflow runtime"",""status"":""completed"",""conclusion"":""success"",""started_at"":""2026-09-20T16:57:38Z"",""completed_at"":""2026-09-20T16:57:38Z"",""duration_ms"":0,""duration_state"":""observed""},{""number"":7,""name"":""Add Velnor workflow runtime to PATH"",""status"":""completed"",""conclusion"":""success"",""started_at"":""2026-09-20T16:57:38Z"",""completed_at"":""2026-09-20T16:57:38Z"",""duration_ms"":0,""duration_state"":""observed""},{""number"":8,""name"":""Mark runner setup end"",""status"":""completed"",""conclusion"":""success"",""started_at"":""2026-09-20T16:57:38Z"",""completed_at"":""2026-09-20T16:57:38Z"",""duration_ms"":0,""duration_state"":""observed""},{""number"":9,""name"":""Materialize Velnor CI selection"",""status"":""completed"",""conclusion"":""success"",""started_at"":""2026-09-20T16:57:38Z"",""completed_at"":""2026-09-20T16:57:38Z"",""duration_ms"":0,""duration_state"":""observed""},{""number"":10,""name"":""Mark selection transport end"",""status"":""completed"",""conclusion"":""success"",""started_at"":""2026-09-20T16:57:38Z"",""completed_at"":""2026-09-20T16:57:38Z"",""duration_ms"":0,""duration_state"":""observed""},{""number"":11,""name"":""Restore Rust toolchain"",""status"":""completed"",""conclusion"":""success"",""started_at"":""2026-09-20T16:57:38Z"",""completed_at"":""2026-09-20T16:57:45Z"",""duration_ms"":7000,""duration_state"":""observed""},{""number"":12,""name"":""Provision Rust toolchain"",""status"":""completed"",""conclusion"":""success"",""started_at"":""2026-09-20T16:57:45Z"",""completed_at"":""2026-09-20T16:57:45Z"",""duration_ms"":0,""duration_state"":""observed""},{""number"":13,""name"":""Save Rust toolchain"",""status"":""completed"",""conclusion"":""skipped"",""started_at"":""2026-09-20T16:57:45Z"",""completed_at"":""2026-09-20T16:57:45Z"",""duration_ms"":0,""duration_state"":""observed""},{""number"":14,""name"":""Set up Mise tools"",""status"":""completed"",""conclusion"":""success"",""started_at"":""2026-09-20T16:57:45Z"",""completed_at"":""2026-09-20T16:57:48Z"",""duration_ms"":3000,""duration_state"":""observed""},{""number"":15,""name"":""Set up Mise"",""status"":""completed"",""conclusion"":""skipped"",""started_at"":""2026-09-20T16:57:48Z"",""completed_at"":""2026-09-20T16:57:48Z"",""duration_ms"":0,""duration_state"":""observed""},{""number"":16,""name"":""Bound the Mr. Boxington store"",""status"":""completed"",""conclusion"":""success"",""started_at"":""2026-09-20T16:57:48Z"",""completed_at"":""2026-09-20T16:57:48Z"",""duration_ms"":0,""duration_state"":""observed""},{""number"":17,""name"":""Set up Mr. Boxington"",""status"":""completed"",""conclusion"":""success"",""started_at"":""2026-09-20T16:57:48Z"",""completed_at"":""2026-09-20T16:57:49Z"",""duration_ms"":1000,""duration_state"":""observed""},{""number"":18,""name"":""Restore cargo bin toolchain"",""status"":""completed"",""conclusion"":""skipped"",""started_at"":""2026-09-20T16:57:49Z"",""completed_at"":""2026-09-20T16:57:49Z"",""duration_ms"":0,""duration_state"":""observed""},{""number"":19,""name"":""Verify cargo bin tools"",""status"":""completed"",""conclusion"":""skipped"",""started_at"":""2026-09-20T16:57:49Z"",""completed_at"":""2026-09-20T16:57:49Z"",""duration_ms"":0,""duration_state"":""observed""},{""number"":20,""name"":""Set up cargo bin tools"",""status"":""completed"",""conclusion"":""skipped"",""started_at"":""2026-09-20T16:57:49Z"",""completed_at"":""2026-09-20T16:57:49Z"",""duration_ms"":0,""duration_state"":""observed""},{""number"":21,""name"":""Save cargo bin toolchain"",""status"":""completed"",""conclusion"":""skipped"",""started_at"":""2026-09-20T16:57:49Z"",""completed_at"":""2026-09-20T16:57:49Z"",""duration_ms"":0,""duration_state"":""observed""},{""number"":22,""name"":""Restore mold 2.42.0 cache"",""status"":""completed"",""conclusion"":""success"",""started_at"":""2026-09-20T16:57:49Z"",""completed_at"":""2026-09-20T16:57:50Z"",""duration_ms"":1000,""duration_state"":""observed""},{""number"":23,""name"":""Set up mold 2.42.0"",""status"":""completed"",""conclusion"":""success"",""started_at"":""2026-09-20T16:57:50Z"",""completed_at"":""2026-09-20T16:57:50Z"",""duration_ms"":0,""duration_state"":""observed""},{""number"":24,""name"":""Save mold 2.42.0 cache"",""status"":""completed"",""conclusion"":""skipped"",""started_at"":""2026-09-20T16:57:50Z"",""completed_at"":""2026-09-20T16:57:50Z"",""duration_ms"":0,""duration_state"":""observed""},{""number"":25,""name"":""Mark tool bootstrap end"",""status"":""completed"",""conclusion"":""success"",""started_at"":""2026-09-20T16:57:50Z"",""completed_at"":""2026-09-20T16:57:50Z"",""duration_ms"":0,""duration_state"":""observed""},{""number"":26,""name"":""Restore unit cache"",""status"":""completed"",""conclusion"":""success"",""started_at"":""2026-09-20T16:57:50Z"",""completed_at"":""2026-09-20T16:57:53Z"",""duration_ms"":3000,""duration_state"":""observed""},{""number"":27,""name"":""Mark cache prep end"",""status"":""completed"",""conclusion"":""success"",""started_at"":""2026-09-20T16:57:53Z"",""completed_at"":""2026-09-20T16:57:53Z"",""duration_ms"":0,""duration_state"":""observed""},{""number"":28,""name"":""Prepare Cargo sources"",""status"":""completed"",""conclusion"":""success"",""started_at"":""2026-09-20T16:57:53Z"",""completed_at"":""2026-09-20T16:57:53Z"",""duration_ms"":0,""duration_state"":""observed""},{""number"":29,""name"":""Mark cargo fetch end"",""status"":""completed"",""conclusion"":""success"",""started_at"":""2026-09-20T16:57:53Z"",""completed_at"":""2026-09-20T16:57:53Z"",""duration_ms"":0,""duration_state"":""observed""},{""number"":30,""name"":""Fetch D19 pin history"",""status"":""completed"",""conclusion"":""success"",""started_at"":""2026-09-20T16:57:53Z"",""completed_at"":""2026-09-20T16:57:54Z"",""duration_ms"":1000,""duration_state"":""observed""},{""number"":31,""name"":""Run unit checks"",""status"":""completed"",""conclusion"":""success"",""started_at"":""2026-09-20T16:57:54Z"",""completed_at"":""2026-09-20T16:57:57Z"",""duration_ms"":3000,""duration_state"":""observed""},{""number"":32,""name"":""Mark candidate phase start"",""status"":""completed"",""conclusion"":""skipped"",""started_at"":""2026-09-20T16:57:57Z"",""completed_at"":""2026-09-20T16:57:57Z"",""duration_ms"":0,""duration_state"":""observed""},{""number"":33,""name"":""Mark candidate preparation start"",""status"":""completed"",""conclusion"":""skipped"",""started_at"":""2026-09-20T16:57:57Z"",""completed_at"":""2026-09-20T16:57:57Z"",""duration_ms"":0,""duration_state"":""observed""},{""number"":34,""name"":""Prepare candidate generator product"",""status"":""completed"",""conclusion"":""skipped"",""started_at"":""2026-09-20T16:57:57Z"",""completed_at"":""2026-09-20T16:57:57Z"",""duration_ms"":0,""duration_state"":""observed""},{""number"":35,""name"":""Mark candidate preparation end"",""status"":""completed"",""conclusion"":""skipped"",""started_at"":""2026-09-20T16:57:57Z"",""completed_at"":""2026-09-20T16:57:57Z"",""duration_ms"":0,""duration_state"":""observed""},{""number"":36,""name"":""Mark candidate publication start"",""status"":""completed"",""conclusion"":""skipped"",""started_at"":""2026-09-20T16:57:57Z"",""completed_at"":""2026-09-20T16:57:57Z"",""duration_ms"":0,""duration_state"":""observed""},{""number"":37,""name"":""Publish candidate generator product"",""status"":""completed"",""conclusion"":""skipped"",""started_at"":""2026-09-20T16:57:57Z"",""completed_at"":""2026-09-20T16:57:57Z"",""duration_ms"":0,""duration_state"":""observed""},{""number"":38,""name"":""Mark candidate publication end"",""status"":""completed"",""conclusion"":""skipped"",""started_at"":""2026-09-20T16:57:57Z"",""completed_at"":""2026-09-20T16:57:57Z"",""duration_ms"":0,""duration_state"":""observed""},{""number"":39,""name"":""Mark candidate phase end"",""status"":""completed"",""conclusion"":""skipped"",""started_at"":""2026-09-20T16:57:57Z"",""completed_at"":""2026-09-20T16:57:57Z"",""duration_ms"":0,""duration_state"":""observed""},{""number"":40,""name"":""Mark BUNDLE cache-save start"",""status"":""completed"",""conclusion"":""skipped"",""started_at"":""2026-09-20T16:57:57Z"",""completed_at"":""2026-09-20T16:57:57Z"",""duration_ms"":0,""duration_state"":""observed""},{""number"":41,""name"":""Save unit cache"",""status"":""completed"",""conclusion"":""skipped"",""started_at"":""2026-09-20T16:57:57Z"",""completed_at"":""2026-09-20T16:57:57Z"",""duration_ms"":0,""duration_state"":""observed""},{""number"":42,""name"":""Mark BUNDLE cache-save end"",""status"":""completed"",""conclusion"":""skipped"",""started_at"":""2026-09-20T16:57:57Z"",""completed_at"":""2026-09-20T16:57:57Z"",""duration_ms"":0,""duration_state"":""observed""},{""number"":43,""name"":""Report phase timings and cache outcomes"",""status"":""completed"",""conclusion"":""success"",""started_at"":""2026-09-20T16:57:57Z"",""completed_at"":""2026-09-20T16:57:57Z"",""duration_ms"":0,""duration_state"":""observed""},{""number"":85,""name"":""Post Set up Mr. Boxington"",""status"":""completed"",""conclusion"":""success"",""started_at"":""2026-09-20T16:57:57Z"",""completed_at"":""2026-09-20T16:57:57Z"",""duration_ms"":0,""duration_state"":""observed""},{""number"":86,""name"":""Post Checkout"",""status"":""completed"",""conclusion"":""success"",""started_at"":""2026-09-20T16:57:57Z"",""completed_at"":""2026-09-20T16:57:57Z"",""duration_ms"":0,""duration_state"":""observed""},{""number"":87,""name"":""Complete job"",""status"":""completed"",""conclusion"":""success"",""started_at"":""2026-09-20T16:57:57Z"",""completed_at"":""2026-09-20T16:57:57Z"",""duration_ms"":0,""duration_state"":""observed""}]"
"job","35524310993","1211","1","pull_request","CI / PR · pull_request · 978/merge","347892207",".github/workflows/ci-pr.yml","completed","success","true","codex/ci-performance-next","unknown","ce75f7c322cbb427d4aea2138abdb9fc5e0f5ed9","unknown","unknown.pull_request_source_not_proven","ce75f7c322cbb427d4aea2138abdb9fc5e0f5ed9","unknown","unknown","unknown","[{""path"":""tailrocks/velnor/.github/workflows/ci-unit-bun.yml@8955c765dd607b54a9f0f8fdfe440ca4b95b5a88"",""sha"":""8955c765dd607b54a9f0f8fdfe440ca4b95b5a88"",""ref"":""refs/pull/978/merge""},{""path"":""tailrocks/velnor/.github/workflows/ci-unit-docker.yml@8955c765dd607b54a9f0f8fdfe440ca4b95b5a88"",""sha"":""8955c765dd607b54a9f0f8fdfe440ca4b95b5a88"",""ref"":""refs/pull/978/merge""},{""path"":""tailrocks/velnor/.github/workflows/ci-unit-docs.yml@8955c765dd607b54a9f0f8fdfe440ca4b95b5a88"",""sha"":""8955c765dd607b54a9f0f8fdfe440ca4b95b5a88"",""ref"":""refs/pull/978/merge""},{""path"":""tailrocks/velnor/.github/workflows/ci-unit-opentofu.yml@8955c765dd607b54a9f0f8fdfe440ca4b95b5a88"",""sha"":""8955c765dd607b54a9f0f8fdfe440ca4b95b5a88"",""ref"":""refs/pull/978/merge""},{""path"":""tailrocks/velnor/.github/workflows/ci-unit-rust.yml@8955c765dd607b54a9f0f8fdfe440ca4b95b5a88"",""sha"":""8955c765dd607b54a9f0f8fdfe440ca4b95b5a88"",""ref"":""refs/pull/978/merge""}]","[]","2026-09-20T16:57:13Z","2026-09-20T16:57:13Z","2026-09-20T17:06:21Z","unknown","68","68","true","0","true","true","complete_fresh","verified","2026-09-20T17:06:20Z","547000","observed_initial_attempt","547000","547000","1558000","1558000","1558000","unknown","0","0","20","0","0","0","0","48","0","unclassified","517000","Rust · velnor-runner · github-hosted — rust-velnor-runner / GitHub · hosted","unknown","not_computed_without_dependency_graph","2026-09-20T17:06:15Z","observed","106113738092","1","Rust · velnor-tools · github-hosted — rust-velnor-tools / prepare-cargo","completed","skipped","unknown","unknown","unknown","2026-09-20T16:57:30Z","2026-09-20T16:57:29Z","unknown","skipped","not_applicable_skipped","0","0","[]"
"job","35524310993","1211","1","pull_request","CI / PR · pull_request · 978/merge","347892207",".github/workflows/ci-pr.yml","completed","success","true","codex/ci-performance-next","unknown","ce75f7c322cbb427d4aea2138abdb9fc5e0f5ed9","unknown","unknown.pull_request_source_not_proven","ce75f7c322cbb427d4aea2138abdb9fc5e0f5ed9","unknown","unknown","unknown","[{""path"":""tailrocks/velnor/.github/workflows/ci-unit-bun.yml@8955c765dd607b54a9f0f8fdfe440ca4b95b5a88"",""sha"":""8955c765dd607b54a9f0f8fdfe440ca4b95b5a88"",""ref"":""refs/pull/978/merge""},{""path"":""tailrocks/velnor/.github/workflows/ci-unit-docker.yml@8955c765dd607b54a9f0f8fdfe440ca4b95b5a88"",""sha"":""8955c765dd607b54a9f0f8fdfe440ca4b95b5a88"",""ref"":""refs/pull/978/merge""},{""path"":""tailrocks/velnor/.github/workflows/ci-unit-docs.yml@8955c765dd607b54a9f0f8fdfe440ca4b95b5a88"",""sha"":""8955c765dd607b54a9f0f8fdfe440ca4b95b5a88"",""ref"":""refs/pull/978/merge""},{""path"":""tailrocks/velnor/.github/workflows/ci-unit-opentofu.yml@8955c765dd607b54a9f0f8fdfe440ca4b95b5a88"",""sha"":""8955c765dd607b54a9f0f8fdfe440ca4b95b5a88"",""ref"":""refs/pull/978/merge""},{""path"":""tailrocks/velnor/.github/workflows/ci-unit-rust.yml@8955c765dd607b54a9f0f8fdfe440ca4b95b5a88"",""sha"":""8955c765dd607b54a9f0f8fdfe440ca4b95b5a88"",""ref"":""refs/pull/978/merge""}]","[]","2026-09-20T16:57:13Z","2026-09-20T16:57:13Z","2026-09-20T17:06:21Z","unknown","68","68","true","0","true","true","complete_fresh","verified","2026-09-20T17:06:20Z","547000","observed_initial_attempt","547000","547000","1558000","1558000","1558000","unknown","0","0","20","0","0","0","0","48","0","unclassified","517000","Rust · velnor-runner · github-hosted — rust-velnor-runner / GitHub · hosted","unknown","not_computed_without_dependency_graph","2026-09-20T17:06:15Z","observed","106113738093","1","Rust · velnor-tools · github-hosted — rust-velnor-tools / velnor","completed","skipped","unknown","unknown","unknown","2026-09-20T16:57:30Z","2026-09-20T16:57:29Z","unknown","skipped","not_applicable_skipped","0","0","[]"
"job","35524310993","1211","1","pull_request","CI / PR · pull_request · 978/merge","347892207",".github/workflows/ci-pr.yml","completed","success","true","codex/ci-performance-next","unknown","ce75f7c322cbb427d4aea2138abdb9fc5e0f5ed9","unknown","unknown.pull_request_source_not_proven","ce75f7c322cbb427d4aea2138abdb9fc5e0f5ed9","unknown","unknown","unknown","[{""path"":""tailrocks/velnor/.github/workflows/ci-unit-bun.yml@8955c765dd607b54a9f0f8fdfe440ca4b95b5a88"",""sha"":""8955c765dd607b54a9f0f8fdfe440ca4b95b5a88"",""ref"":""refs/pull/978/merge""},{""path"":""tailrocks/velnor/.github/workflows/ci-unit-docker.yml@8955c765dd607b54a9f0f8fdfe440ca4b95b5a88"",""sha"":""8955c765dd607b54a9f0f8fdfe440ca4b95b5a88"",""ref"":""refs/pull/978/merge""},{""path"":""tailrocks/velnor/.github/workflows/ci-unit-docs.yml@8955c765dd607b54a9f0f8fdfe440ca4b95b5a88"",""sha"":""8955c765dd607b54a9f0f8fdfe440ca4b95b5a88"",""ref"":""refs/pull/978/merge""},{""path"":""tailrocks/velnor/.github/workflows/ci-unit-opentofu.yml@8955c765dd607b54a9f0f8fdfe440ca4b95b5a88"",""sha"":""8955c765dd607b54a9f0f8fdfe440ca4b95b5a88"",""ref"":""refs/pull/978/merge""},{""path"":""tailrocks/velnor/.github/workflows/ci-unit-rust.yml@8955c765dd607b54a9f0f8fdfe440ca4b95b5a88"",""sha"":""8955c765dd607b54a9f0f8fdfe440ca4b95b5a88"",""ref"":""refs/pull/978/merge""}]","[]","2026-09-20T16:57:13Z","2026-09-20T16:57:13Z","2026-09-20T17:06:21Z","unknown","68","68","true","0","true","true","complete_fresh","verified","2026-09-20T17:06:20Z","547000","observed_initial_attempt","547000","547000","1558000","1558000","1558000","unknown","0","0","20","0","0","0","0","48","0","unclassified","517000","Rust · velnor-runner · github-hosted — rust-velnor-runner / GitHub · hosted","unknown","not_computed_without_dependency_graph","2026-09-20T17:06:15Z","observed","106113738097","1","Rust · velnor-control · github-hosted — rust-velnor-control / velnor","completed","skipped","unknown","unknown","unknown","2026-09-20T16:57:30Z","2026-09-20T16:57:29Z","unknown","skipped","not_applicable_skipped","0","0","[]"
"job","35524310993","1211","1","pull_request","CI / PR · pull_request · 978/merge","347892207",".github/workflows/ci-pr.yml","completed","success","true","codex/ci-performance-next","unknown","ce75f7c322cbb427d4aea2138abdb9fc5e0f5ed9","unknown","unknown.pull_request_source_not_proven","ce75f7c322cbb427d4aea2138abdb9fc5e0f5ed9","unknown","unknown","unknown","[{""path"":""tailrocks/velnor/.github/workflows/ci-unit-bun.yml@8955c765dd607b54a9f0f8fdfe440ca4b95b5a88"",""sha"":""8955c765dd607b54a9f0f8fdfe440ca4b95b5a88"",""ref"":""refs/pull/978/merge""},{""path"":""tailrocks/velnor/.github/workflows/ci-unit-docker.yml@8955c765dd607b54a9f0f8fdfe440ca4b95b5a88"",""sha"":""8955c765dd607b54a9f0f8fdfe440ca4b95b5a88"",""ref"":""refs/pull/978/merge""},{""path"":""tailrocks/velnor/.github/workflows/ci-unit-docs.yml@8955c765dd607b54a9f0f8fdfe440ca4b95b5a88"",""sha"":""8955c765dd607b54a9f0f8fdfe440ca4b95b5a88"",""ref"":""refs/pull/978/merge""},{""path"":""tailrocks/velnor/.github/workflows/ci-unit-opentofu.yml@8955c765dd607b54a9f0f8fdfe440ca4b95b5a88"",""sha"":""8955c765dd607b54a9f0f8fdfe440ca4b95b5a88"",""ref"":""refs/pull/978/merge""},{""path"":""tailrocks/velnor/.github/workflows/ci-unit-rust.yml@8955c765dd607b54a9f0f8fdfe440ca4b95b5a88"",""sha"":""8955c765dd607b54a9f0f8fdfe440ca4b95b5a88"",""ref"":""refs/pull/978/merge""}]","[]","2026-09-20T16:57:13Z","2026-09-20T16:57:13Z","2026-09-20T17:06:21Z","unknown","68","68","true","0","true","true","complete_fresh","verified","2026-09-20T17:06:20Z","547000","observed_initial_attempt","547000","547000","1558000","1558000","1558000","unknown","0","0","20","0","0","0","0","48","0","unclassified","517000","Rust · velnor-runner · github-hosted — rust-velnor-runner / GitHub · hosted","unknown","not_computed_without_dependency_graph","2026-09-20T17:06:15Z","observed","106113738130","1","Rust · Rust production topology · github-hosted — rust-production-topology / velnor","completed","skipped","unknown","unknown","unknown","2026-09-20T16:57:30Z","2026-09-20T16:57:30Z","0","skipped","not_applicable_skipped","0","0","[]"
"job","35524310993","1211","1","pull_request","CI / PR · pull_request · 978/merge","347892207",".github/workflows/ci-pr.yml","completed","success","true","codex/ci-performance-next","unknown","ce75f7c322cbb427d4aea2138abdb9fc5e0f5ed9","unknown","unknown.pull_request_source_not_proven","ce75f7c322cbb427d4aea2138abdb9fc5e0f5ed9","unknown","unknown","unknown","[{""path"":""tailrocks/velnor/.github/workflows/ci-unit-bun.yml@8955c765dd607b54a9f0f8fdfe440ca4b95b5a88"",""sha"":""8955c765dd607b54a9f0f8fdfe440ca4b95b5a88"",""ref"":""refs/pull/978/merge""},{""path"":""tailrocks/velnor/.github/workflows/ci-unit-docker.yml@8955c765dd607b54a9f0f8fdfe440ca4b95b5a88"",""sha"":""8955c765dd607b54a9f0f8fdfe440ca4b95b5a88"",""ref"":""refs/pull/978/merge""},{""path"":""tailrocks/velnor/.github/workflows/ci-unit-docs.yml@8955c765dd607b54a9f0f8fdfe440ca4b95b5a88"",""sha"":""8955c765dd607b54a9f0f8fdfe440ca4b95b5a88"",""ref"":""refs/pull/978/merge""},{""path"":""tailrocks/velnor/.github/workflows/ci-unit-opentofu.yml@8955c765dd607b54a9f0f8fdfe440ca4b95b5a88"",""sha"":""8955c765dd607b54a9f0f8fdfe440ca4b95b5a88"",""ref"":""refs/pull/978/merge""},{""path"":""tailrocks/velnor/.github/workflows/ci-unit-rust.yml@8955c765dd607b54a9f0f8fdfe440ca4b95b5a88"",""sha"":""8955c765dd607b54a9f0f8fdfe440ca4b95b5a88"",""ref"":""refs/pull/978/merge""}]","[]","2026-09-20T16:57:13Z","2026-09-20T16:57:13Z","2026-09-20T17:06:21Z","unknown","68","68","true","0","true","true","complete_fresh","verified","2026-09-20T17:06:20Z","547000","observed_initial_attempt","547000","547000","1558000","1558000","1558000","unknown","0","0","20","0","0","0","0","48","0","unclassified","517000","Rust · velnor-runner · github-hosted — rust-velnor-runner / GitHub · hosted","unknown","not_computed_without_dependency_graph","2026-09-20T17:06:15Z","observed","106113738131","1","Rust · velnorctl · github-hosted — rust-velnorctl / velnor","completed","skipped","unknown","unknown","unknown","2026-09-20T16:57:30Z","2026-09-20T16:57:30Z","0","skipped","not_applicable_skipped","0","0","[]"
"job","35524310993","1211","1","pull_request","CI / PR · pull_request · 978/merge","347892207",".github/workflows/ci-pr.yml","completed","success","true","codex/ci-performance-next","unknown","ce75f7c322cbb427d4aea2138abdb9fc5e0f5ed9","unknown","unknown.pull_request_source_not_proven","ce75f7c322cbb427d4aea2138abdb9fc5e0f5ed9","unknown","unknown","unknown","[{""path"":""tailrocks/velnor/.github/workflows/ci-unit-bun.yml@8955c765dd607b54a9f0f8fdfe440ca4b95b5a88"",""sha"":""8955c765dd607b54a9f0f8fdfe440ca4b95b5a88"",""ref"":""refs/pull/978/merge""},{""path"":""tailrocks/velnor/.github/workflows/ci-unit-docker.yml@8955c765dd607b54a9f0f8fdfe440ca4b95b5a88"",""sha"":""8955c765dd607b54a9f0f8fdfe440ca4b95b5a88"",""ref"":""refs/pull/978/merge""},{""path"":""tailrocks/velnor/.github/workflows/ci-unit-docs.yml@8955c765dd607b54a9f0f8fdfe440ca4b95b5a88"",""sha"":""8955c765dd607b54a9f0f8fdfe440ca4b95b5a88"",""ref"":""refs/pull/978/merge""},{""path"":""tailrocks/velnor/.github/workflows/ci-unit-opentofu.yml@8955c765dd607b54a9f0f8fdfe440ca4b95b5a88"",""sha"":""8955c765dd607b54a9f0f8fdfe440ca4b95b5a88"",""ref"":""refs/pull/978/merge""},{""path"":""tailrocks/velnor/.github/workflows/ci-unit-rust.yml@8955c765dd607b54a9f0f8fdfe440ca4b95b5a88"",""sha"":""8955c765dd607b54a9f0f8fdfe440ca4b95b5a88"",""ref"":""refs/pull/978/merge""}]","[]","2026-09-20T16:57:13Z","2026-09-20T16:57:13Z","2026-09-20T17:06:21Z","unknown","68","68","true","0","true","true","complete_fresh","verified","2026-09-20T17:06:20Z","547000","observed_initial_attempt","547000","547000","1558000","1558000","1558000","unknown","0","0","20","0","0","0","0","48","0","unclassified","517000","Rust · velnor-runner · github-hosted — rust-velnor-runner / GitHub · hosted","unknown","not_computed_without_dependency_graph","2026-09-20T17:06:15Z","observed","106113738142","1","Bun · Bun package (velnor) · github-hosted — bun-velnor / velnor","completed","skipped","unknown","unknown","unknown","2026-09-20T16:57:30Z","2026-09-20T16:57:29Z","unknown","skipped","not_applicable_skipped","0","0","[]"
"job","35524310993","1211","1","pull_request","CI / PR · pull_request · 978/merge","347892207",".github/workflows/ci-pr.yml","completed","success","true","codex/ci-performance-next","unknown","ce75f7c322cbb427d4aea2138abdb9fc5e0f5ed9","unknown","unknown.pull_request_source_not_proven","ce75f7c322cbb427d4aea2138abdb9fc5e0f5ed9","unknown","unknown","unknown","[{""path"":""tailrocks/velnor/.github/workflows/ci-unit-bun.yml@8955c765dd607b54a9f0f8fdfe440ca4b95b5a88"",""sha"":""8955c765dd607b54a9f0f8fdfe440ca4b95b5a88"",""ref"":""refs/pull/978/merge""},{""path"":""tailrocks/velnor/.github/workflows/ci-unit-docker.yml@8955c765dd607b54a9f0f8fdfe440ca4b95b5a88"",""sha"":""8955c765dd607b54a9f0f8fdfe440ca4b95b5a88"",""ref"":""refs/pull/978/merge""},{""path"":""tailrocks/velnor/.github/workflows/ci-unit-docs.yml@8955c765dd607b54a9f0f8fdfe440ca4b95b5a88"",""sha"":""8955c765dd607b54a9f0f8fdfe440ca4b95b5a88"",""ref"":""refs/pull/978/merge""},{""path"":""tailrocks/velnor/.github/workflows/ci-unit-opentofu.yml@8955c765dd607b54a9f0f8fdfe440ca4b95b5a88"",""sha"":""8955c765dd607b54a9f0f8fdfe440ca4b95b5a88"",""ref"":""refs/pull/978/merge""},{""path"":""tailrocks/velnor/.github/workflows/ci-unit-rust.yml@8955c765dd607b54a9f0f8fdfe440ca4b95b5a88"",""sha"":""8955c765dd607b54a9f0f8fdfe440ca4b95b5a88"",""ref"":""refs/pull/978/merge""}]","[]","2026-09-20T16:57:13Z","2026-09-20T16:57:13Z","2026-09-20T17:06:21Z","unknown","68","68","true","0","true","true","complete_fresh","verified","2026-09-20T17:06:20Z","547000","observed_initial_attempt","547000","547000","1558000","1558000","1558000","unknown","0","0","20","0","0","0","0","48","0","unclassified","517000","Rust · velnor-runner · github-hosted — rust-velnor-runner / GitHub · hosted","unknown","not_computed_without_dependency_graph","2026-09-20T17:06:15Z","observed","106113738149","1","Rust · Rust production topology · github-hosted — rust-production-topology / prepare-cargo","completed","skipped","unknown","unknown","unknown","2026-09-20T16:57:30Z","2026-09-20T16:57:30Z","0","skipped","not_applicable_skipped","0","0","[]"
"job","35524310993","1211","1","pull_request","CI / PR · pull_request · 978/merge","347892207",".github/workflows/ci-pr.yml","completed","success","true","codex/ci-performance-next","unknown","ce75f7c322cbb427d4aea2138abdb9fc5e0f5ed9","unknown","unknown.pull_request_source_not_proven","ce75f7c322cbb427d4aea2138abdb9fc5e0f5ed9","unknown","unknown","unknown","[{""path"":""tailrocks/velnor/.github/workflows/ci-unit-bun.yml@8955c765dd607b54a9f0f8fdfe440ca4b95b5a88"",""sha"":""8955c765dd607b54a9f0f8fdfe440ca4b95b5a88"",""ref"":""refs/pull/978/merge""},{""path"":""tailrocks/velnor/.github/workflows/ci-unit-docker.yml@8955c765dd607b54a9f0f8fdfe440ca4b95b5a88"",""sha"":""8955c765dd607b54a9f0f8fdfe440ca4b95b5a88"",""ref"":""refs/pull/978/merge""},{""path"":""tailrocks/velnor/.github/workflows/ci-unit-docs.yml@8955c765dd607b54a9f0f8fdfe440ca4b95b5a88"",""sha"":""8955c765dd607b54a9f0f8fdfe440ca4b95b5a88"",""ref"":""refs/pull/978/merge""},{""path"":""tailrocks/velnor/.github/workflows/ci-unit-opentofu.yml@8955c765dd607b54a9f0f8fdfe440ca4b95b5a88"",""sha"":""8955c765dd607b54a9f0f8fdfe440ca4b95b5a88"",""ref"":""refs/pull/978/merge""},{""path"":""tailrocks/velnor/.github/workflows/ci-unit-rust.yml@8955c765dd607b54a9f0f8fdfe440ca4b95b5a88"",""sha"":""8955c765dd607b54a9f0f8fdfe440ca4b95b5a88"",""ref"":""refs/pull/978/merge""}]","[]","2026-09-20T16:57:13Z","2026-09-20T16:57:13Z","2026-09-20T17:06:21Z","unknown","68","68","true","0","true","true","complete_fresh","verified","2026-09-20T17:06:20Z","547000","observed_initial_attempt","547000","547000","1558000","1558000","1558000","unknown","0","0","20","0","0","0","0","48","0","unclassified","517000","Rust · velnor-runner · github-hosted — rust-velnor-runner / GitHub · hosted","unknown","not_computed_without_dependency_graph","2026-09-20T17:06:15Z","observed","106113738179","1","Rust · velnor-bench · github-hosted — rust-velnor-bench / prepare-cargo","completed","skipped","unknown","unknown","unknown","2026-09-20T16:57:30Z","2026-09-20T16:57:29Z","unknown","skipped","not_applicable_skipped","0","0","[]"
"job","35524310993","1211","1","pull_request","CI / PR · pull_request · 978/merge","347892207",".github/workflows/ci-pr.yml","completed","success","true","codex/ci-performance-next","unknown","ce75f7c322cbb427d4aea2138abdb9fc5e0f5ed9","unknown","unknown.pull_request_source_not_proven","ce75f7c322cbb427d4aea2138abdb9fc5e0f5ed9","unknown","unknown","unknown","[{""path"":""tailrocks/velnor/.github/workflows/ci-unit-bun.yml@8955c765dd607b54a9f0f8fdfe440ca4b95b5a88"",""sha"":""8955c765dd607b54a9f0f8fdfe440ca4b95b5a88"",""ref"":""refs/pull/978/merge""},{""path"":""tailrocks/velnor/.github/workflows/ci-unit-docker.yml@8955c765dd607b54a9f0f8fdfe440ca4b95b5a88"",""sha"":""8955c765dd607b54a9f0f8fdfe440ca4b95b5a88"",""ref"":""refs/pull/978/merge""},{""path"":""tailrocks/velnor/.github/workflows/ci-unit-docs.yml@8955c765dd607b54a9f0f8fdfe440ca4b95b5a88"",""sha"":""8955c765dd607b54a9f0f8fdfe440ca4b95b5a88"",""ref"":""refs/pull/978/merge""},{""path"":""tailrocks/velnor/.github/workflows/ci-unit-opentofu.yml@8955c765dd607b54a9f0f8fdfe440ca4b95b5a88"",""sha"":""8955c765dd607b54a9f0f8fdfe440ca4b95b5a88"",""ref"":""refs/pull/978/merge""},{""path"":""tailrocks/velnor/.github/workflows/ci-unit-rust.yml@8955c765dd607b54a9f0f8fdfe440ca4b95b5a88"",""sha"":""8955c765dd607b54a9f0f8fdfe440ca4b95b5a88"",""ref"":""refs/pull/978/merge""}]","[]","2026-09-20T16:57:13Z","2026-09-20T16:57:13Z","2026-09-20T17:06:21Z","unknown","68","68","true","0","true","true","complete_fresh","verified","2026-09-20T17:06:20Z","547000","observed_initial_attempt","547000","547000","1558000","1558000","1558000","unknown","0","0","20","0","0","0","0","48","0","unclassified","517000","Rust · velnor-runner · github-hosted — rust-velnor-runner / GitHub · hosted","unknown","not_computed_without_dependency_graph","2026-09-20T17:06:15Z","observed","106113738212","1","Rust · velnor-model · github-hosted — rust-velnor-model / velnor","completed","skipped","unknown","unknown","unknown","2026-09-20T16:57:30Z","2026-09-20T16:57:30Z","0","skipped","not_applicable_skipped","0","0","[]"
"job","35524310993","1211","1","pull_request","CI / PR · pull_request · 978/merge","347892207",".github/workflows/ci-pr.yml","completed","success","true","codex/ci-performance-next","unknown","ce75f7c322cbb427d4aea2138abdb9fc5e0f5ed9","unknown","unknown.pull_request_source_not_proven","ce75f7c322cbb427d4aea2138abdb9fc5e0f5ed9","unknown","unknown","unknown","[{""path"":""tailrocks/velnor/.github/workflows/ci-unit-bun.yml@8955c765dd607b54a9f0f8fdfe440ca4b95b5a88"",""sha"":""8955c765dd607b54a9f0f8fdfe440ca4b95b5a88"",""ref"":""refs/pull/978/merge""},{""path"":""tailrocks/velnor/.github/workflows/ci-unit-docker.yml@8955c765dd607b54a9f0f8fdfe440ca4b95b5a88"",""sha"":""8955c765dd607b54a9f0f8fdfe440ca4b95b5a88"",""ref"":""refs/pull/978/merge""},{""path"":""tailrocks/velnor/.github/workflows/ci-unit-docs.yml@8955c765dd607b54a9f0f8fdfe440ca4b95b5a88"",""sha"":""8955c765dd607b54a9f0f8fdfe440ca4b95b5a88"",""ref"":""refs/pull/978/merge""},{""path"":""tailrocks/velnor/.github/workflows/ci-unit-opentofu.yml@8955c765dd607b54a9f0f8fdfe440ca4b95b5a88"",""sha"":""8955c765dd607b54a9f0f8fdfe440ca4b95b5a88"",""ref"":""refs/pull/978/merge""},{""path"":""tailrocks/velnor/.github/workflows/ci-unit-rust.yml@8955c765dd607b54a9f0f8fdfe440ca4b95b5a88"",""sha"":""8955c765dd607b54a9f0f8fdfe440ca4b95b5a88"",""ref"":""refs/pull/978/merge""}]","[]","2026-09-20T16:57:13Z","2026-09-20T16:57:13Z","2026-09-20T17:06:21Z","unknown","68","68","true","0","true","true","complete_fresh","verified","2026-09-20T17:06:20Z","547000","observed_initial_attempt","547000","547000","1558000","1558000","1558000","unknown","0","0","20","0","0","0","0","48","0","unclassified","517000","Rust · velnor-runner · github-hosted — rust-velnor-runner / GitHub · hosted","unknown","not_computed_without_dependency_graph","2026-09-20T17:06:15Z","observed","106113738216","1","Rust · velnor-runner · github-hosted — rust-velnor-runner / velnor","completed","skipped","unknown","unknown","unknown","2026-09-20T16:57:30Z","2026-09-20T16:57:30Z","0","skipped","not_applicable_skipped","0","0","[]"
"job","35524310993","1211","1","pull_request","CI / PR · pull_request · 978/merge","347892207",".github/workflows/ci-pr.yml","completed","success","true","codex/ci-performance-next","unknown","ce75f7c322cbb427d4aea2138abdb9fc5e0f5ed9","unknown","unknown.pull_request_source_not_proven","ce75f7c322cbb427d4aea2138abdb9fc5e0f5ed9","unknown","unknown","unknown","[{""path"":""tailrocks/velnor/.github/workflows/ci-unit-bun.yml@8955c765dd607b54a9f0f8fdfe440ca4b95b5a88"",""sha"":""8955c765dd607b54a9f0f8fdfe440ca4b95b5a88"",""ref"":""refs/pull/978/merge""},{""path"":""tailrocks/velnor/.github/workflows/ci-unit-docker.yml@8955c765dd607b54a9f0f8fdfe440ca4b95b5a88"",""sha"":""8955c765dd607b54a9f0f8fdfe440ca4b95b5a88"",""ref"":""refs/pull/978/merge""},{""path"":""tailrocks/velnor/.github/workflows/ci-unit-docs.yml@8955c765dd607b54a9f0f8fdfe440ca4b95b5a88"",""sha"":""8955c765dd607b54a9f0f8fdfe440ca4b95b5a88"",""ref"":""refs/pull/978/merge""},{""path"":""tailrocks/velnor/.github/workflows/ci-unit-opentofu.yml@8955c765dd607b54a9f0f8fdfe440ca4b95b5a88"",""sha"":""8955c765dd607b54a9f0f8fdfe440ca4b95b5a88"",""ref"":""refs/pull/978/merge""},{""path"":""tailrocks/velnor/.github/workflows/ci-unit-rust.yml@8955c765dd607b54a9f0f8fdfe440ca4b95b5a88"",""sha"":""8955c765dd607b54a9f0f8fdfe440ca4b95b5a88"",""ref"":""refs/pull/978/merge""}]","[]","2026-09-20T16:57:13Z","2026-09-20T16:57:13Z","2026-09-20T17:06:21Z","unknown","68","68","true","0","true","true","complete_fresh","verified","2026-09-20T17:06:20Z","547000","observed_initial_attempt","547000","547000","1558000","1558000","1558000","unknown","0","0","20","0","0","0","0","48","0","unclassified","517000","Rust · velnor-runner · github-hosted — rust-velnor-runner / GitHub · hosted","unknown","not_computed_without_dependency_graph","2026-09-20T17:06:15Z","observed","106113738221","1","Rust · unit-collector · github-hosted — rust-unit-collector / prepare-cargo","completed","skipped","unknown","unknown","unknown","2026-09-20T16:57:30Z","2026-09-20T16:57:30Z","0","skipped","not_applicable_skipped","0","0","[]"
"job","35524310993","1211","1","pull_request","CI / PR · pull_request · 978/merge","347892207",".github/workflows/ci-pr.yml","completed","success","true","codex/ci-performance-next","unknown","ce75f7c322cbb427d4aea2138abdb9fc5e0f5ed9","unknown","unknown.pull_request_source_not_proven","ce75f7c322cbb427d4aea2138abdb9fc5e0f5ed9","unknown","unknown","unknown","[{""path"":""tailrocks/velnor/.github/workflows/ci-unit-bun.yml@8955c765dd607b54a9f0f8fdfe440ca4b95b5a88"",""sha"":""8955c765dd607b54a9f0f8fdfe440ca4b95b5a88"",""ref"":""refs/pull/978/merge""},{""path"":""tailrocks/velnor/.github/workflows/ci-unit-docker.yml@8955c765dd607b54a9f0f8fdfe440ca4b95b5a88"",""sha"":""8955c765dd607b54a9f0f8fdfe440ca4b95b5a88"",""ref"":""refs/pull/978/merge""},{""path"":""tailrocks/velnor/.github/workflows/ci-unit-docs.yml@8955c765dd607b54a9f0f8fdfe440ca4b95b5a88"",""sha"":""8955c765dd607b54a9f0f8fdfe440ca4b95b5a88"",""ref"":""refs/pull/978/merge""},{""path"":""tailrocks/velnor/.github/workflows/ci-unit-opentofu.yml@8955c765dd607b54a9f0f8fdfe440ca4b95b5a88"",""sha"":""8955c765dd607b54a9f0f8fdfe440ca4b95b5a88"",""ref"":""refs/pull/978/merge""},{""path"":""tailrocks/velnor/.github/workflows/ci-unit-rust.yml@8955c765dd607b54a9f0f8fdfe440ca4b95b5a88"",""sha"":""8955c765dd607b54a9f0f8fdfe440ca4b95b5a88"",""ref"":""refs/pull/978/merge""}]","[]","2026-09-20T16:57:13Z","2026-09-20T16:57:13Z","2026-09-20T17:06:21Z","unknown","68","68","true","0","true","true","complete_fresh","verified","2026-09-20T17:06:20Z","547000","observed_initial_attempt","547000","547000","1558000","1558000","1558000","unknown","0","0","20","0","0","0","0","48","0","unclassified","517000","Rust · velnor-runner · github-hosted — rust-velnor-runner / GitHub · hosted","unknown","not_computed_without_dependency_graph","2026-09-20T17:06:15Z","observed","106113738259","1","Rust · velnor-bench · github-hosted — rust-velnor-bench / velnor","completed","skipped","unknown","unknown","unknown","2026-09-20T16:57:30Z","2026-09-20T16:57:29Z","unknown","skipped","not_applicable_skipped","0","0","[]"
"job","35524310993","1211","1","pull_request","CI / PR · pull_request · 978/merge","347892207",".github/workflows/ci-pr.yml","completed","success","true","codex/ci-performance-next","unknown","ce75f7c322cbb427d4aea2138abdb9fc5e0f5ed9","unknown","unknown.pull_request_source_not_proven","ce75f7c322cbb427d4aea2138abdb9fc5e0f5ed9","unknown","unknown","unknown","[{""path"":""tailrocks/velnor/.github/workflows/ci-unit-bun.yml@8955c765dd607b54a9f0f8fdfe440ca4b95b5a88"",""sha"":""8955c765dd607b54a9f0f8fdfe440ca4b95b5a88"",""ref"":""refs/pull/978/merge""},{""path"":""tailrocks/velnor/.github/workflows/ci-unit-docker.yml@8955c765dd607b54a9f0f8fdfe440ca4b95b5a88"",""sha"":""8955c765dd607b54a9f0f8fdfe440ca4b95b5a88"",""ref"":""refs/pull/978/merge""},{""path"":""tailrocks/velnor/.github/workflows/ci-unit-docs.yml@8955c765dd607b54a9f0f8fdfe440ca4b95b5a88"",""sha"":""8955c765dd607b54a9f0f8fdfe440ca4b95b5a88"",""ref"":""refs/pull/978/merge""},{""path"":""tailrocks/velnor/.github/workflows/ci-unit-opentofu.yml@8955c765dd607b54a9f0f8fdfe440ca4b95b5a88"",""sha"":""8955c765dd607b54a9f0f8fdfe440ca4b95b5a88"",""ref"":""refs/pull/978/merge""},{""path"":""tailrocks/velnor/.github/workflows/ci-unit-rust.yml@8955c765dd607b54a9f0f8fdfe440ca4b95b5a88"",""sha"":""8955c765dd607b54a9f0f8fdfe440ca4b95b5a88"",""ref"":""refs/pull/978/merge""}]","[]","2026-09-20T16:57:13Z","2026-09-20T16:57:13Z","2026-09-20T17:06:21Z","unknown","68","68","true","0","true","true","complete_fresh","verified","2026-09-20T17:06:20Z","547000","observed_initial_attempt","547000","547000","1558000","1558000","1558000","unknown","0","0","20","0","0","0","0","48","0","unclassified","517000","Rust · velnor-runner · github-hosted — rust-velnor-runner / GitHub · hosted","unknown","not_computed_without_dependency_graph","2026-09-20T17:06:15Z","observed","106113738260","1","Rust · velnor-render · github-hosted — rust-velnor-render / velnor","completed","skipped","unknown","unknown","unknown","2026-09-20T16:57:30Z","2026-09-20T16:57:30Z","0","skipped","not_applicable_skipped","0","0","[]"
"job","35524310993","1211","1","pull_request","CI / PR · pull_request · 978/merge","347892207",".github/workflows/ci-pr.yml","completed","success","true","codex/ci-performance-next","unknown","ce75f7c322cbb427d4aea2138abdb9fc5e0f5ed9","unknown","unknown.pull_request_source_not_proven","ce75f7c322cbb427d4aea2138abdb9fc5e0f5ed9","unknown","unknown","unknown","[{""path"":""tailrocks/velnor/.github/workflows/ci-unit-bun.yml@8955c765dd607b54a9f0f8fdfe440ca4b95b5a88"",""sha"":""8955c765dd607b54a9f0f8fdfe440ca4b95b5a88"",""ref"":""refs/pull/978/merge""},{""path"":""tailrocks/velnor/.github/workflows/ci-unit-docker.yml@8955c765dd607b54a9f0f8fdfe440ca4b95b5a88"",""sha"":""8955c765dd607b54a9f0f8fdfe440ca4b95b5a88"",""ref"":""refs/pull/978/merge""},{""path"":""tailrocks/velnor/.github/workflows/ci-unit-docs.yml@8955c765dd607b54a9f0f8fdfe440ca4b95b5a88"",""sha"":""8955c765dd607b54a9f0f8fdfe440ca4b95b5a88"",""ref"":""refs/pull/978/merge""},{""path"":""tailrocks/velnor/.github/workflows/ci-unit-opentofu.yml@8955c765dd607b54a9f0f8fdfe440ca4b95b5a88"",""sha"":""8955c765dd607b54a9f0f8fdfe440ca4b95b5a88"",""ref"":""refs/pull/978/merge""},{""path"":""tailrocks/velnor/.github/workflows/ci-unit-rust.yml@8955c765dd607b54a9f0f8fdfe440ca4b95b5a88"",""sha"":""8955c765dd607b54a9f0f8fdfe440ca4b95b5a88"",""ref"":""refs/pull/978/merge""}]","[]","2026-09-20T16:57:13Z","2026-09-20T16:57:13Z","2026-09-20T17:06:21Z","unknown","68","68","true","0","true","true","complete_fresh","verified","2026-09-20T17:06:20Z","547000","observed_initial_attempt","547000","547000","1558000","1558000","1558000","unknown","0","0","20","0","0","0","0","48","0","unclassified","517000","Rust · velnor-runner · github-hosted — rust-velnor-runner / GitHub · hosted","unknown","not_computed_without_dependency_graph","2026-09-20T17:06:15Z","observed","106113738270","1","Rust · velnor-render · github-hosted — rust-velnor-render / prepare-cargo","completed","skipped","unknown","unknown","unknown","2026-09-20T16:57:30Z","2026-09-20T16:57:30Z","0","skipped","not_applicable_skipped","0","0","[]"
"job","35524310993","1211","1","pull_request","CI / PR · pull_request · 978/merge","347892207",".github/workflows/ci-pr.yml","completed","success","true","codex/ci-performance-next","unknown","ce75f7c322cbb427d4aea2138abdb9fc5e0f5ed9","unknown","unknown.pull_request_source_not_proven","ce75f7c322cbb427d4aea2138abdb9fc5e0f5ed9","unknown","unknown","unknown","[{""path"":""tailrocks/velnor/.github/workflows/ci-unit-bun.yml@8955c765dd607b54a9f0f8fdfe440ca4b95b5a88"",""sha"":""8955c765dd607b54a9f0f8fdfe440ca4b95b5a88"",""ref"":""refs/pull/978/merge""},{""path"":""tailrocks/velnor/.github/workflows/ci-unit-docker.yml@8955c765dd607b54a9f0f8fdfe440ca4b95b5a88"",""sha"":""8955c765dd607b54a9f0f8fdfe440ca4b95b5a88"",""ref"":""refs/pull/978/merge""},{""path"":""tailrocks/velnor/.github/workflows/ci-unit-docs.yml@8955c765dd607b54a9f0f8fdfe440ca4b95b5a88"",""sha"":""8955c765dd607b54a9f0f8fdfe440ca4b95b5a88"",""ref"":""refs/pull/978/merge""},{""path"":""tailrocks/velnor/.github/workflows/ci-unit-opentofu.yml@8955c765dd607b54a9f0f8fdfe440ca4b95b5a88"",""sha"":""8955c765dd607b54a9f0f8fdfe440ca4b95b5a88"",""ref"":""refs/pull/978/merge""},{""path"":""tailrocks/velnor/.github/workflows/ci-unit-rust.yml@8955c765dd607b54a9f0f8fdfe440ca4b95b5a88"",""sha"":""8955c765dd607b54a9f0f8fdfe440ca4b95b5a88"",""ref"":""refs/pull/978/merge""}]","[]","2026-09-20T16:57:13Z","2026-09-20T16:57:13Z","2026-09-20T17:06:21Z","unknown","68","68","true","0","true","true","complete_fresh","verified","2026-09-20T17:06:20Z","547000","observed_initial_attempt","547000","547000","1558000","1558000","1558000","unknown","0","0","20","0","0","0","0","48","0","unclassified","517000","Rust · velnor-runner · github-hosted — rust-velnor-runner / GitHub · hosted","unknown","not_computed_without_dependency_graph","2026-09-20T17:06:15Z","observed","106113738288","1","Rust · velnor-client · github-hosted — rust-velnor-client / velnor","completed","skipped","unknown","unknown","unknown","2026-09-20T16:57:30Z","2026-09-20T16:57:30Z","0","skipped","not_applicable_skipped","0","0","[]"
"job","35524310993","1211","1","pull_request","CI / PR · pull_request · 978/merge","347892207",".github/workflows/ci-pr.yml","completed","success","true","codex/ci-performance-next","unknown","ce75f7c322cbb427d4aea2138abdb9fc5e0f5ed9","unknown","unknown.pull_request_source_not_proven","ce75f7c322cbb427d4aea2138abdb9fc5e0f5ed9","unknown","unknown","unknown","[{""path"":""tailrocks/velnor/.github/workflows/ci-unit-bun.yml@8955c765dd607b54a9f0f8fdfe440ca4b95b5a88"",""sha"":""8955c765dd607b54a9f0f8fdfe440ca4b95b5a88"",""ref"":""refs/pull/978/merge""},{""path"":""tailrocks/velnor/.github/workflows/ci-unit-docker.yml@8955c765dd607b54a9f0f8fdfe440ca4b95b5a88"",""sha"":""8955c765dd607b54a9f0f8fdfe440ca4b95b5a88"",""ref"":""refs/pull/978/merge""},{""path"":""tailrocks/velnor/.github/workflows/ci-unit-docs.yml@8955c765dd607b54a9f0f8fdfe440ca4b95b5a88"",""sha"":""8955c765dd607b54a9f0f8fdfe440ca4b95b5a88"",""ref"":""refs/pull/978/merge""},{""path"":""tailrocks/velnor/.github/workflows/ci-unit-opentofu.yml@8955c765dd607b54a9f0f8fdfe440ca4b95b5a88"",""sha"":""8955c765dd607b54a9f0f8fdfe440ca4b95b5a88"",""ref"":""refs/pull/978/merge""},{""path"":""tailrocks/velnor/.github/workflows/ci-unit-rust.yml@8955c765dd607b54a9f0f8fdfe440ca4b95b5a88"",""sha"":""8955c765dd607b54a9f0f8fdfe440ca4b95b5a88"",""ref"":""refs/pull/978/merge""}]","[]","2026-09-20T16:57:13Z","2026-09-20T16:57:13Z","2026-09-20T17:06:21Z","unknown","68","68","true","0","true","true","complete_fresh","verified","2026-09-20T17:06:20Z","547000","observed_initial_attempt","547000","547000","1558000","1558000","1558000","unknown","0","0","20","0","0","0","0","48","0","unclassified","517000","Rust · velnor-runner · github-hosted — rust-velnor-runner / GitHub · hosted","unknown","not_computed_without_dependency_graph","2026-09-20T17:06:15Z","observed","106113738291","1","Rust · velnor-runner · github-hosted — rust-velnor-runner / prepare-cargo","completed","skipped","unknown","unknown","unknown","2026-09-20T16:57:30Z","2026-09-20T16:57:30Z","0","skipped","not_applicable_skipped","0","0","[]"
"job","35524310993","1211","1","pull_request","CI / PR · pull_request · 978/merge","347892207",".github/workflows/ci-pr.yml","completed","success","true","codex/ci-performance-next","unknown","ce75f7c322cbb427d4aea2138abdb9fc5e0f5ed9","unknown","unknown.pull_request_source_not_proven","ce75f7c322cbb427d4aea2138abdb9fc5e0f5ed9","unknown","unknown","unknown","[{""path"":""tailrocks/velnor/.github/workflows/ci-unit-bun.yml@8955c765dd607b54a9f0f8fdfe440ca4b95b5a88"",""sha"":""8955c765dd607b54a9f0f8fdfe440ca4b95b5a88"",""ref"":""refs/pull/978/merge""},{""path"":""tailrocks/velnor/.github/workflows/ci-unit-docker.yml@8955c765dd607b54a9f0f8fdfe440ca4b95b5a88"",""sha"":""8955c765dd607b54a9f0f8fdfe440ca4b95b5a88"",""ref"":""refs/pull/978/merge""},{""path"":""tailrocks/velnor/.github/workflows/ci-unit-docs.yml@8955c765dd607b54a9f0f8fdfe440ca4b95b5a88"",""sha"":""8955c765dd607b54a9f0f8fdfe440ca4b95b5a88"",""ref"":""refs/pull/978/merge""},{""path"":""tailrocks/velnor/.github/workflows/ci-unit-opentofu.yml@8955c765dd607b54a9f0f8fdfe440ca4b95b5a88"",""sha"":""8955c765dd607b54a9f0f8fdfe440ca4b95b5a88"",""ref"":""refs/pull/978/merge""},{""path"":""tailrocks/velnor/.github/workflows/ci-unit-rust.yml@8955c765dd607b54a9f0f8fdfe440ca4b95b5a88"",""sha"":""8955c765dd607b54a9f0f8fdfe440ca4b95b5a88"",""ref"":""refs/pull/978/merge""}]","[]","2026-09-20T16:57:13Z","2026-09-20T16:57:13Z","2026-09-20T17:06:21Z","unknown","68","68","true","0","true","true","complete_fresh","verified","2026-09-20T17:06:20Z","547000","observed_initial_attempt","547000","547000","1558000","1558000","1558000","unknown","0","0","20","0","0","0","0","48","0","unclassified","517000","Rust · velnor-runner · github-hosted — rust-velnor-runner / GitHub · hosted","unknown","not_computed_without_dependency_graph","2026-09-20T17:06:15Z","observed","106113738295","1","Rust · velnor-workflow · github-hosted — rust-velnor-workflow / velnor","completed","skipped","unknown","unknown","unknown","2026-09-20T16:57:30Z","2026-09-20T16:57:30Z","0","skipped","not_applicable_skipped","0","0","[]"
"job","35524310993","1211","1","pull_request","CI / PR · pull_request · 978/merge","347892207",".github/workflows/ci-pr.yml","completed","success","true","codex/ci-performance-next","unknown","ce75f7c322cbb427d4aea2138abdb9fc5e0f5ed9","unknown","unknown.pull_request_source_not_proven","ce75f7c322cbb427d4aea2138abdb9fc5e0f5ed9","unknown","unknown","unknown","[{""path"":""tailrocks/velnor/.github/workflows/ci-unit-bun.yml@8955c765dd607b54a9f0f8fdfe440ca4b95b5a88"",""sha"":""8955c765dd607b54a9f0f8fdfe440ca4b95b5a88"",""ref"":""refs/pull/978/merge""},{""path"":""tailrocks/velnor/.github/workflows/ci-unit-docker.yml@8955c765dd607b54a9f0f8fdfe440ca4b95b5a88"",""sha"":""8955c765dd607b54a9f0f8fdfe440ca4b95b5a88"",""ref"":""refs/pull/978/merge""},{""path"":""tailrocks/velnor/.github/workflows/ci-unit-docs.yml@8955c765dd607b54a9f0f8fdfe440ca4b95b5a88"",""sha"":""8955c765dd607b54a9f0f8fdfe440ca4b95b5a88"",""ref"":""refs/pull/978/merge""},{""path"":""tailrocks/velnor/.github/workflows/ci-unit-opentofu.yml@8955c765dd607b54a9f0f8fdfe440ca4b95b5a88"",""sha"":""8955c765dd607b54a9f0f8fdfe440ca4b95b5a88"",""ref"":""refs/pull/978/merge""},{""path"":""tailrocks/velnor/.github/workflows/ci-unit-rust.yml@8955c765dd607b54a9f0f8fdfe440ca4b95b5a88"",""sha"":""8955c765dd607b54a9f0f8fdfe440ca4b95b5a88"",""ref"":""refs/pull/978/merge""}]","[]","2026-09-20T16:57:13Z","2026-09-20T16:57:13Z","2026-09-20T17:06:21Z","unknown","68","68","true","0","true","true","complete_fresh","verified","2026-09-20T17:06:20Z","547000","observed_initial_attempt","547000","547000","1558000","1558000","1558000","unknown","0","0","20","0","0","0","0","48","0","unclassified","517000","Rust · velnor-runner · github-hosted — rust-velnor-runner / GitHub · hosted","unknown","not_computed_without_dependency_graph","2026-09-20T17:06:15Z","observed","106113738309","1","Rust · velnor-client · github-hosted — rust-velnor-client / prepare-cargo","completed","skipped","unknown","unknown","unknown","2026-09-20T16:57:30Z","2026-09-20T16:57:30Z","0","skipped","not_applicable_skipped","0","0","[]"
"job","35524310993","1211","1","pull_request","CI / PR · pull_request · 978/merge","347892207",".github/workflows/ci-pr.yml","completed","success","true","codex/ci-performance-next","unknown","ce75f7c322cbb427d4aea2138abdb9fc5e0f5ed9","unknown","unknown.pull_request_source_not_proven","ce75f7c322cbb427d4aea2138abdb9fc5e0f5ed9","unknown","unknown","unknown","[{""path"":""tailrocks/velnor/.github/workflows/ci-unit-bun.yml@8955c765dd607b54a9f0f8fdfe440ca4b95b5a88"",""sha"":""8955c765dd607b54a9f0f8fdfe440ca4b95b5a88"",""ref"":""refs/pull/978/merge""},{""path"":""tailrocks/velnor/.github/workflows/ci-unit-docker.yml@8955c765dd607b54a9f0f8fdfe440ca4b95b5a88"",""sha"":""8955c765dd607b54a9f0f8fdfe440ca4b95b5a88"",""ref"":""refs/pull/978/merge""},{""path"":""tailrocks/velnor/.github/workflows/ci-unit-docs.yml@8955c765dd607b54a9f0f8fdfe440ca4b95b5a88"",""sha"":""8955c765dd607b54a9f0f8fdfe440ca4b95b5a88"",""ref"":""refs/pull/978/merge""},{""path"":""tailrocks/velnor/.github/workflows/ci-unit-opentofu.yml@8955c765dd607b54a9f0f8fdfe440ca4b95b5a88"",""sha"":""8955c765dd607b54a9f0f8fdfe440ca4b95b5a88"",""ref"":""refs/pull/978/merge""},{""path"":""tailrocks/velnor/.github/workflows/ci-unit-rust.yml@8955c765dd607b54a9f0f8fdfe440ca4b95b5a88"",""sha"":""8955c765dd607b54a9f0f8fdfe440ca4b95b5a88"",""ref"":""refs/pull/978/merge""}]","[]","2026-09-20T16:57:13Z","2026-09-20T16:57:13Z","2026-09-20T17:06:21Z","unknown","68","68","true","0","true","true","complete_fresh","verified","2026-09-20T17:06:20Z","547000","observed_initial_attempt","547000","547000","1558000","1558000","1558000","unknown","0","0","20","0","0","0","0","48","0","unclassified","517000","Rust · velnor-runner · github-hosted — rust-velnor-runner / GitHub · hosted","unknown","not_computed_without_dependency_graph","2026-09-20T17:06:15Z","observed","106113738318","1","Rust · velnor-model · github-hosted — rust-velnor-model / prepare-cargo","completed","skipped","unknown","unknown","unknown","2026-09-20T16:57:30Z","2026-09-20T16:57:30Z","0","skipped","not_applicable_skipped","0","0","[]"
"job","35524310993","1211","1","pull_request","CI / PR · pull_request · 978/merge","347892207",".github/workflows/ci-pr.yml","completed","success","true","codex/ci-performance-next","unknown","ce75f7c322cbb427d4aea2138abdb9fc5e0f5ed9","unknown","unknown.pull_request_source_not_proven","ce75f7c322cbb427d4aea2138abdb9fc5e0f5ed9","unknown","unknown","unknown","[{""path"":""tailrocks/velnor/.github/workflows/ci-unit-bun.yml@8955c765dd607b54a9f0f8fdfe440ca4b95b5a88"",""sha"":""8955c765dd607b54a9f0f8fdfe440ca4b95b5a88"",""ref"":""refs/pull/978/merge""},{""path"":""tailrocks/velnor/.github/workflows/ci-unit-docker.yml@8955c765dd607b54a9f0f8fdfe440ca4b95b5a88"",""sha"":""8955c765dd607b54a9f0f8fdfe440ca4b95b5a88"",""ref"":""refs/pull/978/merge""},{""path"":""tailrocks/velnor/.github/workflows/ci-unit-docs.yml@8955c765dd607b54a9f0f8fdfe440ca4b95b5a88"",""sha"":""8955c765dd607b54a9f0f8fdfe440ca4b95b5a88"",""ref"":""refs/pull/978/merge""},{""path"":""tailrocks/velnor/.github/workflows/ci-unit-opentofu.yml@8955c765dd607b54a9f0f8fdfe440ca4b95b5a88"",""sha"":""8955c765dd607b54a9f0f8fdfe440ca4b95b5a88"",""ref"":""refs/pull/978/merge""},{""path"":""tailrocks/velnor/.github/workflows/ci-unit-rust.yml@8955c765dd607b54a9f0f8fdfe440ca4b95b5a88"",""sha"":""8955c765dd607b54a9f0f8fdfe440ca4b95b5a88"",""ref"":""refs/pull/978/merge""}]","[]","2026-09-20T16:57:13Z","2026-09-20T16:57:13Z","2026-09-20T17:06:21Z","unknown","68","68","true","0","true","true","complete_fresh","verified","2026-09-20T17:06:20Z","547000","observed_initial_attempt","547000","547000","1558000","1558000","1558000","unknown","0","0","20","0","0","0","0","48","0","unclassified","517000","Rust · velnor-runner · github-hosted — rust-velnor-runner / GitHub · hosted","unknown","not_computed_without_dependency_graph","2026-09-20T17:06:15Z","observed","106113738319","1","Rust · unit-collector · github-hosted — rust-unit-collector / velnor","completed","skipped","unknown","unknown","unknown","2026-09-20T16:57:30Z","2026-09-20T16:57:30Z","0","skipped","not_applicable_skipped","0","0","[]"
"job","35524310993","1211","1","pull_request","CI / PR · pull_request · 978/merge","347892207",".github/workflows/ci-pr.yml","completed","success","true","codex/ci-performance-next","unknown","ce75f7c322cbb427d4aea2138abdb9fc5e0f5ed9","unknown","unknown.pull_request_source_not_proven","ce75f7c322cbb427d4aea2138abdb9fc5e0f5ed9","unknown","unknown","unknown","[{""path"":""tailrocks/velnor/.github/workflows/ci-unit-bun.yml@8955c765dd607b54a9f0f8fdfe440ca4b95b5a88"",""sha"":""8955c765dd607b54a9f0f8fdfe440ca4b95b5a88"",""ref"":""refs/pull/978/merge""},{""path"":""tailrocks/velnor/.github/workflows/ci-unit-docker.yml@8955c765dd607b54a9f0f8fdfe440ca4b95b5a88"",""sha"":""8955c765dd607b54a9f0f8fdfe440ca4b95b5a88"",""ref"":""refs/pull/978/merge""},{""path"":""tailrocks/velnor/.github/workflows/ci-unit-docs.yml@8955c765dd607b54a9f0f8fdfe440ca4b95b5a88"",""sha"":""8955c765dd607b54a9f0f8fdfe440ca4b95b5a88"",""ref"":""refs/pull/978/merge""},{""path"":""tailrocks/velnor/.github/workflows/ci-unit-opentofu.yml@8955c765dd607b54a9f0f8fdfe440ca4b95b5a88"",""sha"":""8955c765dd607b54a9f0f8fdfe440ca4b95b5a88"",""ref"":""refs/pull/978/merge""},{""path"":""tailrocks/velnor/.github/workflows/ci-unit-rust.yml@8955c765dd607b54a9f0f8fdfe440ca4b95b5a88"",""sha"":""8955c765dd607b54a9f0f8fdfe440ca4b95b5a88"",""ref"":""refs/pull/978/merge""}]","[]","2026-09-20T16:57:13Z","2026-09-20T16:57:13Z","2026-09-20T17:06:21Z","unknown","68","68","true","0","true","true","complete_fresh","verified","2026-09-20T17:06:20Z","547000","observed_initial_attempt","547000","547000","1558000","1558000","1558000","unknown","0","0","20","0","0","0","0","48","0","unclassified","517000","Rust · velnor-runner · github-hosted — rust-velnor-runner / GitHub · hosted","unknown","not_computed_without_dependency_graph","2026-09-20T17:06:15Z","observed","106113738329","1","Rust · Rust dependency policy · github-hosted — rust-policy / prepare-cargo","completed","skipped","unknown","unknown","unknown","2026-09-20T16:57:30Z","2026-09-20T16:57:29Z","unknown","skipped","not_applicable_skipped","0","0","[]"
"job","35524310993","1211","1","pull_request","CI / PR · pull_request · 978/merge","347892207",".github/workflows/ci-pr.yml","completed","success","true","codex/ci-performance-next","unknown","ce75f7c322cbb427d4aea2138abdb9fc5e0f5ed9","unknown","unknown.pull_request_source_not_proven","ce75f7c322cbb427d4aea2138abdb9fc5e0f5ed9","unknown","unknown","unknown","[{""path"":""tailrocks/velnor/.github/workflows/ci-unit-bun.yml@8955c765dd607b54a9f0f8fdfe440ca4b95b5a88"",""sha"":""8955c765dd607b54a9f0f8fdfe440ca4b95b5a88"",""ref"":""refs/pull/978/merge""},{""path"":""tailrocks/velnor/.github/workflows/ci-unit-docker.yml@8955c765dd607b54a9f0f8fdfe440ca4b95b5a88"",""sha"":""8955c765dd607b54a9f0f8fdfe440ca4b95b5a88"",""ref"":""refs/pull/978/merge""},{""path"":""tailrocks/velnor/.github/workflows/ci-unit-docs.yml@8955c765dd607b54a9f0f8fdfe440ca4b95b5a88"",""sha"":""8955c765dd607b54a9f0f8fdfe440ca4b95b5a88"",""ref"":""refs/pull/978/merge""},{""path"":""tailrocks/velnor/.github/workflows/ci-unit-opentofu.yml@8955c765dd607b54a9f0f8fdfe440ca4b95b5a88"",""sha"":""8955c765dd607b54a9f0f8fdfe440ca4b95b5a88"",""ref"":""refs/pull/978/merge""},{""path"":""tailrocks/velnor/.github/workflows/ci-unit-rust.yml@8955c765dd607b54a9f0f8fdfe440ca4b95b5a88"",""sha"":""8955c765dd607b54a9f0f8fdfe440ca4b95b5a88"",""ref"":""refs/pull/978/merge""}]","[]","2026-09-20T16:57:13Z","2026-09-20T16:57:13Z","2026-09-20T17:06:21Z","unknown","68","68","true","0","true","true","complete_fresh","verified","2026-09-20T17:06:20Z","547000","observed_initial_attempt","547000","547000","1558000","1558000","1558000","unknown","0","0","20","0","0","0","0","48","0","unclassified","517000","Rust · velnor-runner · github-hosted — rust-velnor-runner / GitHub · hosted","unknown","not_computed_without_dependency_graph","2026-09-20T17:06:15Z","observed","106113738384","1","Rust · velnorctl · github-hosted — rust-velnorctl / prepare-cargo","completed","skipped","unknown","unknown","unknown","2026-09-20T16:57:30Z","2026-09-20T16:57:30Z","0","skipped","not_applicable_skipped","0","0","[]"
"job","35524310993","1211","1","pull_request","CI / PR · pull_request · 978/merge","347892207",".github/workflows/ci-pr.yml","completed","success","true","codex/ci-performance-next","unknown","ce75f7c322cbb427d4aea2138abdb9fc5e0f5ed9","unknown","unknown.pull_request_source_not_proven","ce75f7c322cbb427d4aea2138abdb9fc5e0f5ed9","unknown","unknown","unknown","[{""path"":""tailrocks/velnor/.github/workflows/ci-unit-bun.yml@8955c765dd607b54a9f0f8fdfe440ca4b95b5a88"",""sha"":""8955c765dd607b54a9f0f8fdfe440ca4b95b5a88"",""ref"":""refs/pull/978/merge""},{""path"":""tailrocks/velnor/.github/workflows/ci-unit-docker.yml@8955c765dd607b54a9f0f8fdfe440ca4b95b5a88"",""sha"":""8955c765dd607b54a9f0f8fdfe440ca4b95b5a88"",""ref"":""refs/pull/978/merge""},{""path"":""tailrocks/velnor/.github/workflows/ci-unit-docs.yml@8955c765dd607b54a9f0f8fdfe440ca4b95b5a88"",""sha"":""8955c765dd607b54a9f0f8fdfe440ca4b95b5a88"",""ref"":""refs/pull/978/merge""},{""path"":""tailrocks/velnor/.github/workflows/ci-unit-opentofu.yml@8955c765dd607b54a9f0f8fdfe440ca4b95b5a88"",""sha"":""8955c765dd607b54a9f0f8fdfe440ca4b95b5a88"",""ref"":""refs/pull/978/merge""},{""path"":""tailrocks/velnor/.github/workflows/ci-unit-rust.yml@8955c765dd607b54a9f0f8fdfe440ca4b95b5a88"",""sha"":""8955c765dd607b54a9f0f8fdfe440ca4b95b5a88"",""ref"":""refs/pull/978/merge""}]","[]","2026-09-20T16:57:13Z","2026-09-20T16:57:13Z","2026-09-20T17:06:21Z","unknown","68","68","true","0","true","true","complete_fresh","verified","2026-09-20T17:06:20Z","547000","observed_initial_attempt","547000","547000","1558000","1558000","1558000","unknown","0","0","20","0","0","0","0","48","0","unclassified","517000","Rust · velnor-runner · github-hosted — rust-velnor-runner / GitHub · hosted","unknown","not_computed_without_dependency_graph","2026-09-20T17:06:15Z","observed","106113738438","1","Rust · velnor-workflow · github-hosted — rust-velnor-workflow / prepare-cargo","completed","skipped","unknown","unknown","unknown","2026-09-20T16:57:30Z","2026-09-20T16:57:30Z","0","skipped","not_applicable_skipped","0","0","[]"
"job","35524310993","1211","1","pull_request","CI / PR · pull_request · 978/merge","347892207",".github/workflows/ci-pr.yml","completed","success","true","codex/ci-performance-next","unknown","ce75f7c322cbb427d4aea2138abdb9fc5e0f5ed9","unknown","unknown.pull_request_source_not_proven","ce75f7c322cbb427d4aea2138abdb9fc5e0f5ed9","unknown","unknown","unknown","[{""path"":""tailrocks/velnor/.github/workflows/ci-unit-bun.yml@8955c765dd607b54a9f0f8fdfe440ca4b95b5a88"",""sha"":""8955c765dd607b54a9f0f8fdfe440ca4b95b5a88"",""ref"":""refs/pull/978/merge""},{""path"":""tailrocks/velnor/.github/workflows/ci-unit-docker.yml@8955c765dd607b54a9f0f8fdfe440ca4b95b5a88"",""sha"":""8955c765dd607b54a9f0f8fdfe440ca4b95b5a88"",""ref"":""refs/pull/978/merge""},{""path"":""tailrocks/velnor/.github/workflows/ci-unit-docs.yml@8955c765dd607b54a9f0f8fdfe440ca4b95b5a88"",""sha"":""8955c765dd607b54a9f0f8fdfe440ca4b95b5a88"",""ref"":""refs/pull/978/merge""},{""path"":""tailrocks/velnor/.github/workflows/ci-unit-opentofu.yml@8955c765dd607b54a9f0f8fdfe440ca4b95b5a88"",""sha"":""8955c765dd607b54a9f0f8fdfe440ca4b95b5a88"",""ref"":""refs/pull/978/merge""},{""path"":""tailrocks/velnor/.github/workflows/ci-unit-rust.yml@8955c765dd607b54a9f0f8fdfe440ca4b95b5a88"",""sha"":""8955c765dd607b54a9f0f8fdfe440ca4b95b5a88"",""ref"":""refs/pull/978/merge""}]","[]","2026-09-20T16:57:13Z","2026-09-20T16:57:13Z","2026-09-20T17:06:21Z","unknown","68","68","true","0","true","true","complete_fresh","verified","2026-09-20T17:06:20Z","547000","observed_initial_attempt","547000","547000","1558000","1558000","1558000","unknown","0","0","20","0","0","0","0","48","0","unclassified","517000","Rust · velnor-runner · github-hosted — rust-velnor-runner / GitHub · hosted","unknown","not_computed_without_dependency_graph","2026-09-20T17:06:15Z","observed","106113738505","1","Rust · velnor-workflow-contract · github-hosted — rust-velnor-workflow-contract / prepare-cargo","completed","skipped","unknown","unknown","unknown","2026-09-20T16:57:30Z","2026-09-20T16:57:30Z","0","skipped","not_applicable_skipped","0","0","[]"
"job","35524310993","1211","1","pull_request","CI / PR · pull_request · 978/merge","347892207",".github/workflows/ci-pr.yml","completed","success","true","codex/ci-performance-next","unknown","ce75f7c322cbb427d4aea2138abdb9fc5e0f5ed9","unknown","unknown.pull_request_source_not_proven","ce75f7c322cbb427d4aea2138abdb9fc5e0f5ed9","unknown","unknown","unknown","[{""path"":""tailrocks/velnor/.github/workflows/ci-unit-bun.yml@8955c765dd607b54a9f0f8fdfe440ca4b95b5a88"",""sha"":""8955c765dd607b54a9f0f8fdfe440ca4b95b5a88"",""ref"":""refs/pull/978/merge""},{""path"":""tailrocks/velnor/.github/workflows/ci-unit-docker.yml@8955c765dd607b54a9f0f8fdfe440ca4b95b5a88"",""sha"":""8955c765dd607b54a9f0f8fdfe440ca4b95b5a88"",""ref"":""refs/pull/978/merge""},{""path"":""tailrocks/velnor/.github/workflows/ci-unit-docs.yml@8955c765dd607b54a9f0f8fdfe440ca4b95b5a88"",""sha"":""8955c765dd607b54a9f0f8fdfe440ca4b95b5a88"",""ref"":""refs/pull/978/merge""},{""path"":""tailrocks/velnor/.github/workflows/ci-unit-opentofu.yml@8955c765dd607b54a9f0f8fdfe440ca4b95b5a88"",""sha"":""8955c765dd607b54a9f0f8fdfe440ca4b95b5a88"",""ref"":""refs/pull/978/merge""},{""path"":""tailrocks/velnor/.github/workflows/ci-unit-rust.yml@8955c765dd607b54a9f0f8fdfe440ca4b95b5a88"",""sha"":""8955c765dd607b54a9f0f8fdfe440ca4b95b5a88"",""ref"":""refs/pull/978/merge""}]","[]","2026-09-20T16:57:13Z","2026-09-20T16:57:13Z","2026-09-20T17:06:21Z","unknown","68","68","true","0","true","true","complete_fresh","verified","2026-09-20T17:06:20Z","547000","observed_initial_attempt","547000","547000","1558000","1558000","1558000","unknown","0","0","20","0","0","0","0","48","0","unclassified","517000","Rust · velnor-runner · github-hosted — rust-velnor-runner / GitHub · hosted","unknown","not_computed_without_dependency_graph","2026-09-20T17:06:15Z","observed","106113738619","1","Rust · velnor-workflow-contract · github-hosted — rust-velnor-workflow-contract / velnor","completed","skipped","unknown","unknown","unknown","2026-09-20T16:57:30Z","2026-09-20T16:57:30Z","0","skipped","not_applicable_skipped","0","0","[]"
"job","35524310993","1211","1","pull_request","CI / PR · pull_request · 978/merge","347892207",".github/workflows/ci-pr.yml","completed","success","true","codex/ci-performance-next","unknown","ce75f7c322cbb427d4aea2138abdb9fc5e0f5ed9","unknown","unknown.pull_request_source_not_proven","ce75f7c322cbb427d4aea2138abdb9fc5e0f5ed9","unknown","unknown","unknown","[{""path"":""tailrocks/velnor/.github/workflows/ci-unit-bun.yml@8955c765dd607b54a9f0f8fdfe440ca4b95b5a88"",""sha"":""8955c765dd607b54a9f0f8fdfe440ca4b95b5a88"",""ref"":""refs/pull/978/merge""},{""path"":""tailrocks/velnor/.github/workflows/ci-unit-docker.yml@8955c765dd607b54a9f0f8fdfe440ca4b95b5a88"",""sha"":""8955c765dd607b54a9f0f8fdfe440ca4b95b5a88"",""ref"":""refs/pull/978/merge""},{""path"":""tailrocks/velnor/.github/workflows/ci-unit-docs.yml@8955c765dd607b54a9f0f8fdfe440ca4b95b5a88"",""sha"":""8955c765dd607b54a9f0f8fdfe440ca4b95b5a88"",""ref"":""refs/pull/978/merge""},{""path"":""tailrocks/velnor/.github/workflows/ci-unit-opentofu.yml@8955c765dd607b54a9f0f8fdfe440ca4b95b5a88"",""sha"":""8955c765dd607b54a9f0f8fdfe440ca4b95b5a88"",""ref"":""refs/pull/978/merge""},{""path"":""tailrocks/velnor/.github/workflows/ci-unit-rust.yml@8955c765dd607b54a9f0f8fdfe440ca4b95b5a88"",""sha"":""8955c765dd607b54a9f0f8fdfe440ca4b95b5a88"",""ref"":""refs/pull/978/merge""}]","[]","2026-09-20T16:57:13Z","2026-09-20T16:57:13Z","2026-09-20T17:06:21Z","unknown","68","68","true","0","true","true","complete_fresh","verified","2026-09-20T17:06:20Z","547000","observed_initial_attempt","547000","547000","1558000","1558000","1558000","unknown","0","0","20","0","0","0","0","48","0","unclassified","517000","Rust · velnor-runner · github-hosted — rust-velnor-runner / GitHub · hosted","unknown","not_computed_without_dependency_graph","2026-09-20T17:06:15Z","observed","106113738642","1","Rust · Rust production topology · github-hosted — rust-production-topology / GitHub · hosted","completed","success","GitHub Actions 1000087423","GitHub Actions","1000087423","2026-09-20T16:57:33Z","2026-09-20T16:59:06Z","93000","observed","fresh","46","46","[{""number"":1,""name"":""Set up job"",""status"":""completed"",""conclusion"":""success"",""started_at"":""2026-09-20T16:57:34Z"",""completed_at"":""2026-09-20T16:57:36Z"",""duration_ms"":2000,""duration_state"":""observed""},{""number"":2,""name"":""Mark CI job start"",""status"":""completed"",""conclusion"":""success"",""started_at"":""2026-09-20T16:57:36Z"",""completed_at"":""2026-09-20T16:57:36Z"",""duration_ms"":0,""duration_state"":""observed""},{""number"":3,""name"":""Checkout"",""status"":""completed"",""conclusion"":""success"",""started_at"":""2026-09-20T16:57:36Z"",""completed_at"":""2026-09-20T16:57:38Z"",""duration_ms"":2000,""duration_state"":""observed""},{""number"":4,""name"":""Record unit dependencies"",""status"":""completed"",""conclusion"":""success"",""started_at"":""2026-09-20T16:57:38Z"",""completed_at"":""2026-09-20T16:57:38Z"",""duration_ms"":0,""duration_state"":""observed""},{""number"":5,""name"":""Download Velnor workflow runtime"",""status"":""completed"",""conclusion"":""success"",""started_at"":""2026-09-20T16:57:38Z"",""completed_at"":""2026-09-20T16:57:41Z"",""duration_ms"":3000,""duration_state"":""observed""},{""number"":6,""name"":""Verify Velnor workflow runtime"",""status"":""completed"",""conclusion"":""success"",""started_at"":""2026-09-20T16:57:41Z"",""completed_at"":""2026-09-20T16:57:41Z"",""duration_ms"":0,""duration_state"":""observed""},{""number"":7,""name"":""Add Velnor workflow runtime to PATH"",""status"":""completed"",""conclusion"":""success"",""started_at"":""2026-09-20T16:57:41Z"",""completed_at"":""2026-09-20T16:57:41Z"",""duration_ms"":0,""duration_state"":""observed""},{""number"":8,""name"":""Mark runner setup end"",""status"":""completed"",""conclusion"":""success"",""started_at"":""2026-09-20T16:57:41Z"",""completed_at"":""2026-09-20T16:57:41Z"",""duration_ms"":0,""duration_state"":""observed""},{""number"":9,""name"":""Materialize Velnor CI selection"",""status"":""completed"",""conclusion"":""success"",""started_at"":""2026-09-20T16:57:41Z"",""completed_at"":""2026-09-20T16:57:41Z"",""duration_ms"":0,""duration_state"":""observed""},{""number"":10,""name"":""Mark selection transport end"",""status"":""completed"",""conclusion"":""success"",""started_at"":""2026-09-20T16:57:41Z"",""completed_at"":""2026-09-20T16:57:41Z"",""duration_ms"":0,""duration_state"":""observed""},{""number"":11,""name"":""Restore Rust toolchain"",""status"":""completed"",""conclusion"":""success"",""started_at"":""2026-09-20T16:57:41Z"",""completed_at"":""2026-09-20T16:57:50Z"",""duration_ms"":9000,""duration_state"":""observed""},{""number"":12,""name"":""Provision Rust toolchain"",""status"":""completed"",""conclusion"":""success"",""started_at"":""2026-09-20T16:57:50Z"",""completed_at"":""2026-09-20T16:57:50Z"",""duration_ms"":0,""duration_state"":""observed""},{""number"":13,""name"":""Save Rust toolchain"",""status"":""completed"",""conclusion"":""skipped"",""started_at"":""2026-09-20T16:57:50Z"",""completed_at"":""2026-09-20T16:57:50Z"",""duration_ms"":0,""duration_state"":""observed""},{""number"":14,""name"":""Set up Mise tools"",""status"":""completed"",""conclusion"":""skipped"",""started_at"":""2026-09-20T16:57:50Z"",""completed_at"":""2026-09-20T16:57:50Z"",""duration_ms"":0,""duration_state"":""observed""},{""number"":15,""name"":""Set up Mise"",""status"":""completed"",""conclusion"":""success"",""started_at"":""2026-09-20T16:57:50Z"",""completed_at"":""2026-09-20T16:57:52Z"",""duration_ms"":2000,""duration_state"":""observed""},{""number"":16,""name"":""Bound the Mr. Boxington store"",""status"":""completed"",""conclusion"":""success"",""started_at"":""2026-09-20T16:57:52Z"",""completed_at"":""2026-09-20T16:57:52Z"",""duration_ms"":0,""duration_state"":""observed""},{""number"":17,""name"":""Set up Mr. Boxington"",""status"":""completed"",""conclusion"":""success"",""started_at"":""2026-09-20T16:57:52Z"",""completed_at"":""2026-09-20T16:58:01Z"",""duration_ms"":9000,""duration_state"":""observed""},{""number"":18,""name"":""Restore cargo bin toolchain"",""status"":""completed"",""conclusion"":""skipped"",""started_at"":""2026-09-20T16:58:01Z"",""completed_at"":""2026-09-20T16:58:01Z"",""duration_ms"":0,""duration_state"":""observed""},{""number"":19,""name"":""Verify cargo bin tools"",""status"":""completed"",""conclusion"":""skipped"",""started_at"":""2026-09-20T16:58:01Z"",""completed_at"":""2026-09-20T16:58:01Z"",""duration_ms"":0,""duration_state"":""observed""},{""number"":20,""name"":""Set up cargo bin tools"",""status"":""completed"",""conclusion"":""skipped"",""started_at"":""2026-09-20T16:58:01Z"",""completed_at"":""2026-09-20T16:58:01Z"",""duration_ms"":0,""duration_state"":""observed""},{""number"":21,""name"":""Save cargo bin toolchain"",""status"":""completed"",""conclusion"":""skipped"",""started_at"":""2026-09-20T16:58:01Z"",""completed_at"":""2026-09-20T16:58:01Z"",""duration_ms"":0,""duration_state"":""observed""},{""number"":22,""name"":""Restore mold 2.42.0 cache"",""status"":""completed"",""conclusion"":""success"",""started_at"":""2026-09-20T16:58:01Z"",""completed_at"":""2026-09-20T16:58:03Z"",""duration_ms"":2000,""duration_state"":""observed""},{""number"":23,""name"":""Set up mold 2.42.0"",""status"":""completed"",""conclusion"":""success"",""started_at"":""2026-09-20T16:58:03Z"",""completed_at"":""2026-09-20T16:58:03Z"",""duration_ms"":0,""duration_state"":""observed""},{""number"":24,""name"":""Save mold 2.42.0 cache"",""status"":""completed"",""conclusion"":""skipped"",""started_at"":""2026-09-20T16:58:03Z"",""completed_at"":""2026-09-20T16:58:03Z"",""duration_ms"":0,""duration_state"":""observed""},{""number"":25,""name"":""Mark tool bootstrap end"",""status"":""completed"",""conclusion"":""success"",""started_at"":""2026-09-20T16:58:03Z"",""completed_at"":""2026-09-20T16:58:03Z"",""duration_ms"":0,""duration_state"":""observed""},{""number"":26,""name"":""Restore unit cache"",""status"":""completed"",""conclusion"":""success"",""started_at"":""2026-09-20T16:58:03Z"",""completed_at"":""2026-09-20T16:58:09Z"",""duration_ms"":6000,""duration_state"":""observed""},{""number"":27,""name"":""Mark cache prep end"",""status"":""completed"",""conclusion"":""success"",""started_at"":""2026-09-20T16:58:09Z"",""completed_at"":""2026-09-20T16:58:09Z"",""duration_ms"":0,""duration_state"":""observed""},{""number"":28,""name"":""Prepare Cargo sources"",""status"":""completed"",""conclusion"":""success"",""started_at"":""2026-09-20T16:58:09Z"",""completed_at"":""2026-09-20T16:58:09Z"",""duration_ms"":0,""duration_state"":""observed""},{""number"":29,""name"":""Mark cargo fetch end"",""status"":""completed"",""conclusion"":""success"",""started_at"":""2026-09-20T16:58:09Z"",""completed_at"":""2026-09-20T16:58:09Z"",""duration_ms"":0,""duration_state"":""observed""},{""number"":30,""name"":""Fetch D19 pin history"",""status"":""completed"",""conclusion"":""success"",""started_at"":""2026-09-20T16:58:09Z"",""completed_at"":""2026-09-20T16:58:09Z"",""duration_ms"":0,""duration_state"":""observed""},{""number"":31,""name"":""Run unit checks"",""status"":""completed"",""conclusion"":""success"",""started_at"":""2026-09-20T16:58:09Z"",""completed_at"":""2026-09-20T16:59:02Z"",""duration_ms"":53000,""duration_state"":""observed""},{""number"":32,""name"":""Mark candidate phase start"",""status"":""completed"",""conclusion"":""skipped"",""started_at"":""2026-09-20T16:59:02Z"",""completed_at"":""2026-09-20T16:59:02Z"",""duration_ms"":0,""duration_state"":""observed""},{""number"":33,""name"":""Mark candidate preparation start"",""status"":""completed"",""conclusion"":""skipped"",""started_at"":""2026-09-20T16:59:02Z"",""completed_at"":""2026-09-20T16:59:02Z"",""duration_ms"":0,""duration_state"":""observed""},{""number"":34,""name"":""Prepare candidate generator product"",""status"":""completed"",""conclusion"":""skipped"",""started_at"":""2026-09-20T16:59:02Z"",""completed_at"":""2026-09-20T16:59:02Z"",""duration_ms"":0,""duration_state"":""observed""},{""number"":35,""name"":""Mark candidate preparation end"",""status"":""completed"",""conclusion"":""skipped"",""started_at"":""2026-09-20T16:59:02Z"",""completed_at"":""2026-09-20T16:59:02Z"",""duration_ms"":0,""duration_state"":""observed""},{""number"":36,""name"":""Mark candidate publication start"",""status"":""completed"",""conclusion"":""skipped"",""started_at"":""2026-09-20T16:59:02Z"",""completed_at"":""2026-09-20T16:59:02Z"",""duration_ms"":0,""duration_state"":""observed""},{""number"":37,""name"":""Publish candidate generator product"",""status"":""completed"",""conclusion"":""skipped"",""started_at"":""2026-09-20T16:59:02Z"",""completed_at"":""2026-09-20T16:59:02Z"",""duration_ms"":0,""duration_state"":""observed""},{""number"":38,""name"":""Mark candidate publication end"",""status"":""completed"",""conclusion"":""skipped"",""started_at"":""2026-09-20T16:59:02Z"",""completed_at"":""2026-09-20T16:59:02Z"",""duration_ms"":0,""duration_state"":""observed""},{""number"":39,""name"":""Mark candidate phase end"",""status"":""completed"",""conclusion"":""skipped"",""started_at"":""2026-09-20T16:59:02Z"",""completed_at"":""2026-09-20T16:59:02Z"",""duration_ms"":0,""duration_state"":""observed""},{""number"":40,""name"":""Mark BUNDLE cache-save start"",""status"":""completed"",""conclusion"":""skipped"",""started_at"":""2026-09-20T16:59:02Z"",""completed_at"":""2026-09-20T16:59:02Z"",""duration_ms"":0,""duration_state"":""observed""},{""number"":41,""name"":""Save unit cache"",""status"":""completed"",""conclusion"":""skipped"",""started_at"":""2026-09-20T16:59:02Z"",""completed_at"":""2026-09-20T16:59:02Z"",""duration_ms"":0,""duration_state"":""observed""},{""number"":42,""name"":""Mark BUNDLE cache-save end"",""status"":""completed"",""conclusion"":""skipped"",""started_at"":""2026-09-20T16:59:02Z"",""completed_at"":""2026-09-20T16:59:02Z"",""duration_ms"":0,""duration_state"":""observed""},{""number"":43,""name"":""Report phase timings and cache outcomes"",""status"":""completed"",""conclusion"":""success"",""started_at"":""2026-09-20T16:59:02Z"",""completed_at"":""2026-09-20T16:59:03Z"",""duration_ms"":1000,""duration_state"":""observed""},{""number"":85,""name"":""Post Set up Mr. Boxington"",""status"":""completed"",""conclusion"":""success"",""started_at"":""2026-09-20T16:59:03Z"",""completed_at"":""2026-09-20T16:59:03Z"",""duration_ms"":0,""duration_state"":""observed""},{""number"":86,""name"":""Post Checkout"",""status"":""completed"",""conclusion"":""success"",""started_at"":""2026-09-20T16:59:03Z"",""completed_at"":""2026-09-20T16:59:04Z"",""duration_ms"":1000,""duration_state"":""observed""},{""number"":87,""name"":""Complete job"",""status"":""completed"",""conclusion"":""success"",""started_at"":""2026-09-20T16:59:04Z"",""completed_at"":""2026-09-20T16:59:04Z"",""duration_ms"":0,""duration_state"":""observed""}]"
"job","35524310993","1211","1","pull_request","CI / PR · pull_request · 978/merge","347892207",".github/workflows/ci-pr.yml","completed","success","true","codex/ci-performance-next","unknown","ce75f7c322cbb427d4aea2138abdb9fc5e0f5ed9","unknown","unknown.pull_request_source_not_proven","ce75f7c322cbb427d4aea2138abdb9fc5e0f5ed9","unknown","unknown","unknown","[{""path"":""tailrocks/velnor/.github/workflows/ci-unit-bun.yml@8955c765dd607b54a9f0f8fdfe440ca4b95b5a88"",""sha"":""8955c765dd607b54a9f0f8fdfe440ca4b95b5a88"",""ref"":""refs/pull/978/merge""},{""path"":""tailrocks/velnor/.github/workflows/ci-unit-docker.yml@8955c765dd607b54a9f0f8fdfe440ca4b95b5a88"",""sha"":""8955c765dd607b54a9f0f8fdfe440ca4b95b5a88"",""ref"":""refs/pull/978/merge""},{""path"":""tailrocks/velnor/.github/workflows/ci-unit-docs.yml@8955c765dd607b54a9f0f8fdfe440ca4b95b5a88"",""sha"":""8955c765dd607b54a9f0f8fdfe440ca4b95b5a88"",""ref"":""refs/pull/978/merge""},{""path"":""tailrocks/velnor/.github/workflows/ci-unit-opentofu.yml@8955c765dd607b54a9f0f8fdfe440ca4b95b5a88"",""sha"":""8955c765dd607b54a9f0f8fdfe440ca4b95b5a88"",""ref"":""refs/pull/978/merge""},{""path"":""tailrocks/velnor/.github/workflows/ci-unit-rust.yml@8955c765dd607b54a9f0f8fdfe440ca4b95b5a88"",""sha"":""8955c765dd607b54a9f0f8fdfe440ca4b95b5a88"",""ref"":""refs/pull/978/merge""}]","[]","2026-09-20T16:57:13Z","2026-09-20T16:57:13Z","2026-09-20T17:06:21Z","unknown","68","68","true","0","true","true","complete_fresh","verified","2026-09-20T17:06:20Z","547000","observed_initial_attempt","547000","547000","1558000","1558000","1558000","unknown","0","0","20","0","0","0","0","48","0","unclassified","517000","Rust · velnor-runner · github-hosted — rust-velnor-runner / GitHub · hosted","unknown","not_computed_without_dependency_graph","2026-09-20T17:06:15Z","observed","106113738754","1","Rust · unit-collector · velnor — rust-unit-collector","completed","skipped","unknown","unknown","unknown","2026-09-20T16:57:30Z","2026-09-20T16:57:30Z","0","skipped","not_applicable_skipped","0","0","[]"
"job","35524310993","1211","1","pull_request","CI / PR · pull_request · 978/merge","347892207",".github/workflows/ci-pr.yml","completed","success","true","codex/ci-performance-next","unknown","ce75f7c322cbb427d4aea2138abdb9fc5e0f5ed9","unknown","unknown.pull_request_source_not_proven","ce75f7c322cbb427d4aea2138abdb9fc5e0f5ed9","unknown","unknown","unknown","[{""path"":""tailrocks/velnor/.github/workflows/ci-unit-bun.yml@8955c765dd607b54a9f0f8fdfe440ca4b95b5a88"",""sha"":""8955c765dd607b54a9f0f8fdfe440ca4b95b5a88"",""ref"":""refs/pull/978/merge""},{""path"":""tailrocks/velnor/.github/workflows/ci-unit-docker.yml@8955c765dd607b54a9f0f8fdfe440ca4b95b5a88"",""sha"":""8955c765dd607b54a9f0f8fdfe440ca4b95b5a88"",""ref"":""refs/pull/978/merge""},{""path"":""tailrocks/velnor/.github/workflows/ci-unit-docs.yml@8955c765dd607b54a9f0f8fdfe440ca4b95b5a88"",""sha"":""8955c765dd607b54a9f0f8fdfe440ca4b95b5a88"",""ref"":""refs/pull/978/merge""},{""path"":""tailrocks/velnor/.github/workflows/ci-unit-opentofu.yml@8955c765dd607b54a9f0f8fdfe440ca4b95b5a88"",""sha"":""8955c765dd607b54a9f0f8fdfe440ca4b95b5a88"",""ref"":""refs/pull/978/merge""},{""path"":""tailrocks/velnor/.github/workflows/ci-unit-rust.yml@8955c765dd607b54a9f0f8fdfe440ca4b95b5a88"",""sha"":""8955c765dd607b54a9f0f8fdfe440ca4b95b5a88"",""ref"":""refs/pull/978/merge""}]","[]","2026-09-20T16:57:13Z","2026-09-20T16:57:13Z","2026-09-20T17:06:21Z","unknown","68","68","true","0","true","true","complete_fresh","verified","2026-09-20T17:06:20Z","547000","observed_initial_attempt","547000","547000","1558000","1558000","1558000","unknown","0","0","20","0","0","0","0","48","0","unclassified","517000","Rust · velnor-runner · github-hosted — rust-velnor-runner / GitHub · hosted","unknown","not_computed_without_dependency_graph","2026-09-20T17:06:15Z","observed","106113738868","1","Rust · velnor-model · velnor — rust-velnor-model","completed","skipped","unknown","unknown","unknown","2026-09-20T16:57:30Z","2026-09-20T16:57:30Z","0","skipped","not_applicable_skipped","0","0","[]"
"job","35524310993","1211","1","pull_request","CI / PR · pull_request · 978/merge","347892207",".github/workflows/ci-pr.yml","completed","success","true","codex/ci-performance-next","unknown","ce75f7c322cbb427d4aea2138abdb9fc5e0f5ed9","unknown","unknown.pull_request_source_not_proven","ce75f7c322cbb427d4aea2138abdb9fc5e0f5ed9","unknown","unknown","unknown","[{""path"":""tailrocks/velnor/.github/workflows/ci-unit-bun.yml@8955c765dd607b54a9f0f8fdfe440ca4b95b5a88"",""sha"":""8955c765dd607b54a9f0f8fdfe440ca4b95b5a88"",""ref"":""refs/pull/978/merge""},{""path"":""tailrocks/velnor/.github/workflows/ci-unit-docker.yml@8955c765dd607b54a9f0f8fdfe440ca4b95b5a88"",""sha"":""8955c765dd607b54a9f0f8fdfe440ca4b95b5a88"",""ref"":""refs/pull/978/merge""},{""path"":""tailrocks/velnor/.github/workflows/ci-unit-docs.yml@8955c765dd607b54a9f0f8fdfe440ca4b95b5a88"",""sha"":""8955c765dd607b54a9f0f8fdfe440ca4b95b5a88"",""ref"":""refs/pull/978/merge""},{""path"":""tailrocks/velnor/.github/workflows/ci-unit-opentofu.yml@8955c765dd607b54a9f0f8fdfe440ca4b95b5a88"",""sha"":""8955c765dd607b54a9f0f8fdfe440ca4b95b5a88"",""ref"":""refs/pull/978/merge""},{""path"":""tailrocks/velnor/.github/workflows/ci-unit-rust.yml@8955c765dd607b54a9f0f8fdfe440ca4b95b5a88"",""sha"":""8955c765dd607b54a9f0f8fdfe440ca4b95b5a88"",""ref"":""refs/pull/978/merge""}]","[]","2026-09-20T16:57:13Z","2026-09-20T16:57:13Z","2026-09-20T17:06:21Z","unknown","68","68","true","0","true","true","complete_fresh","verified","2026-09-20T17:06:20Z","547000","observed_initial_attempt","547000","547000","1558000","1558000","1558000","unknown","0","0","20","0","0","0","0","48","0","unclassified","517000","Rust · velnor-runner · github-hosted — rust-velnor-runner / GitHub · hosted","unknown","not_computed_without_dependency_graph","2026-09-20T17:06:15Z","observed","106113738912","1","Rust · Rust production topology · velnor — rust-production-topology","completed","skipped","unknown","unknown","unknown","2026-09-20T16:57:30Z","2026-09-20T16:57:30Z","0","skipped","not_applicable_skipped","0","0","[]"
"job","35524310993","1211","1","pull_request","CI / PR · pull_request · 978/merge","347892207",".github/workflows/ci-pr.yml","completed","success","true","codex/ci-performance-next","unknown","ce75f7c322cbb427d4aea2138abdb9fc5e0f5ed9","unknown","unknown.pull_request_source_not_proven","ce75f7c322cbb427d4aea2138abdb9fc5e0f5ed9","unknown","unknown","unknown","[{""path"":""tailrocks/velnor/.github/workflows/ci-unit-bun.yml@8955c765dd607b54a9f0f8fdfe440ca4b95b5a88"",""sha"":""8955c765dd607b54a9f0f8fdfe440ca4b95b5a88"",""ref"":""refs/pull/978/merge""},{""path"":""tailrocks/velnor/.github/workflows/ci-unit-docker.yml@8955c765dd607b54a9f0f8fdfe440ca4b95b5a88"",""sha"":""8955c765dd607b54a9f0f8fdfe440ca4b95b5a88"",""ref"":""refs/pull/978/merge""},{""path"":""tailrocks/velnor/.github/workflows/ci-unit-docs.yml@8955c765dd607b54a9f0f8fdfe440ca4b95b5a88"",""sha"":""8955c765dd607b54a9f0f8fdfe440ca4b95b5a88"",""ref"":""refs/pull/978/merge""},{""path"":""tailrocks/velnor/.github/workflows/ci-unit-opentofu.yml@8955c765dd607b54a9f0f8fdfe440ca4b95b5a88"",""sha"":""8955c765dd607b54a9f0f8fdfe440ca4b95b5a88"",""ref"":""refs/pull/978/merge""},{""path"":""tailrocks/velnor/.github/workflows/ci-unit-rust.yml@8955c765dd607b54a9f0f8fdfe440ca4b95b5a88"",""sha"":""8955c765dd607b54a9f0f8fdfe440ca4b95b5a88"",""ref"":""refs/pull/978/merge""}]","[]","2026-09-20T16:57:13Z","2026-09-20T16:57:13Z","2026-09-20T17:06:21Z","unknown","68","68","true","0","true","true","complete_fresh","verified","2026-09-20T17:06:20Z","547000","observed_initial_attempt","547000","547000","1558000","1558000","1558000","unknown","0","0","20","0","0","0","0","48","0","unclassified","517000","Rust · velnor-runner · github-hosted — rust-velnor-runner / GitHub · hosted","unknown","not_computed_without_dependency_graph","2026-09-20T17:06:15Z","observed","106113739027","1","Rust · velnor-workflow-contract · velnor — rust-velnor-workflow-contract","completed","skipped","unknown","unknown","unknown","2026-09-20T16:57:30Z","2026-09-20T16:57:30Z","0","skipped","not_applicable_skipped","0","0","[]"
"job","35524310993","1211","1","pull_request","CI / PR · pull_request · 978/merge","347892207",".github/workflows/ci-pr.yml","completed","success","true","codex/ci-performance-next","unknown","ce75f7c322cbb427d4aea2138abdb9fc5e0f5ed9","unknown","unknown.pull_request_source_not_proven","ce75f7c322cbb427d4aea2138abdb9fc5e0f5ed9","unknown","unknown","unknown","[{""path"":""tailrocks/velnor/.github/workflows/ci-unit-bun.yml@8955c765dd607b54a9f0f8fdfe440ca4b95b5a88"",""sha"":""8955c765dd607b54a9f0f8fdfe440ca4b95b5a88"",""ref"":""refs/pull/978/merge""},{""path"":""tailrocks/velnor/.github/workflows/ci-unit-docker.yml@8955c765dd607b54a9f0f8fdfe440ca4b95b5a88"",""sha"":""8955c765dd607b54a9f0f8fdfe440ca4b95b5a88"",""ref"":""refs/pull/978/merge""},{""path"":""tailrocks/velnor/.github/workflows/ci-unit-docs.yml@8955c765dd607b54a9f0f8fdfe440ca4b95b5a88"",""sha"":""8955c765dd607b54a9f0f8fdfe440ca4b95b5a88"",""ref"":""refs/pull/978/merge""},{""path"":""tailrocks/velnor/.github/workflows/ci-unit-opentofu.yml@8955c765dd607b54a9f0f8fdfe440ca4b95b5a88"",""sha"":""8955c765dd607b54a9f0f8fdfe440ca4b95b5a88"",""ref"":""refs/pull/978/merge""},{""path"":""tailrocks/velnor/.github/workflows/ci-unit-rust.yml@8955c765dd607b54a9f0f8fdfe440ca4b95b5a88"",""sha"":""8955c765dd607b54a9f0f8fdfe440ca4b95b5a88"",""ref"":""refs/pull/978/merge""}]","[]","2026-09-20T16:57:13Z","2026-09-20T16:57:13Z","2026-09-20T17:06:21Z","unknown","68","68","true","0","true","true","complete_fresh","verified","2026-09-20T17:06:20Z","547000","observed_initial_attempt","547000","547000","1558000","1558000","1558000","unknown","0","0","20","0","0","0","0","48","0","unclassified","517000","Rust · velnor-runner · github-hosted — rust-velnor-runner / GitHub · hosted","unknown","not_computed_without_dependency_graph","2026-09-20T17:06:15Z","observed","106113739091","1","Rust · Rust dependency policy · velnor — rust-policy","completed","skipped","unknown","unknown","unknown","2026-09-20T16:57:30Z","2026-09-20T16:57:30Z","0","skipped","not_applicable_skipped","0","0","[]"
"job","35524310993","1211","1","pull_request","CI / PR · pull_request · 978/merge","347892207",".github/workflows/ci-pr.yml","completed","success","true","codex/ci-performance-next","unknown","ce75f7c322cbb427d4aea2138abdb9fc5e0f5ed9","unknown","unknown.pull_request_source_not_proven","ce75f7c322cbb427d4aea2138abdb9fc5e0f5ed9","unknown","unknown","unknown","[{""path"":""tailrocks/velnor/.github/workflows/ci-unit-bun.yml@8955c765dd607b54a9f0f8fdfe440ca4b95b5a88"",""sha"":""8955c765dd607b54a9f0f8fdfe440ca4b95b5a88"",""ref"":""refs/pull/978/merge""},{""path"":""tailrocks/velnor/.github/workflows/ci-unit-docker.yml@8955c765dd607b54a9f0f8fdfe440ca4b95b5a88"",""sha"":""8955c765dd607b54a9f0f8fdfe440ca4b95b5a88"",""ref"":""refs/pull/978/merge""},{""path"":""tailrocks/velnor/.github/workflows/ci-unit-docs.yml@8955c765dd607b54a9f0f8fdfe440ca4b95b5a88"",""sha"":""8955c765dd607b54a9f0f8fdfe440ca4b95b5a88"",""ref"":""refs/pull/978/merge""},{""path"":""tailrocks/velnor/.github/workflows/ci-unit-opentofu.yml@8955c765dd607b54a9f0f8fdfe440ca4b95b5a88"",""sha"":""8955c765dd607b54a9f0f8fdfe440ca4b95b5a88"",""ref"":""refs/pull/978/merge""},{""path"":""tailrocks/velnor/.github/workflows/ci-unit-rust.yml@8955c765dd607b54a9f0f8fdfe440ca4b95b5a88"",""sha"":""8955c765dd607b54a9f0f8fdfe440ca4b95b5a88"",""ref"":""refs/pull/978/merge""}]","[]","2026-09-20T16:57:13Z","2026-09-20T16:57:13Z","2026-09-20T17:06:21Z","unknown","68","68","true","0","true","true","complete_fresh","verified","2026-09-20T17:06:20Z","547000","observed_initial_attempt","547000","547000","1558000","1558000","1558000","unknown","0","0","20","0","0","0","0","48","0","unclassified","517000","Rust · velnor-runner · github-hosted — rust-velnor-runner / GitHub · hosted","unknown","not_computed_without_dependency_graph","2026-09-20T17:06:15Z","observed","106113739361","1","Rust · velnor-render · velnor — rust-velnor-render","completed","skipped","unknown","unknown","unknown","2026-09-20T16:57:30Z","2026-09-20T16:57:30Z","0","skipped","not_applicable_skipped","0","0","[]"
"job","35524310993","1211","1","pull_request","CI / PR · pull_request · 978/merge","347892207",".github/workflows/ci-pr.yml","completed","success","true","codex/ci-performance-next","unknown","ce75f7c322cbb427d4aea2138abdb9fc5e0f5ed9","unknown","unknown.pull_request_source_not_proven","ce75f7c322cbb427d4aea2138abdb9fc5e0f5ed9","unknown","unknown","unknown","[{""path"":""tailrocks/velnor/.github/workflows/ci-unit-bun.yml@8955c765dd607b54a9f0f8fdfe440ca4b95b5a88"",""sha"":""8955c765dd607b54a9f0f8fdfe440ca4b95b5a88"",""ref"":""refs/pull/978/merge""},{""path"":""tailrocks/velnor/.github/workflows/ci-unit-docker.yml@8955c765dd607b54a9f0f8fdfe440ca4b95b5a88"",""sha"":""8955c765dd607b54a9f0f8fdfe440ca4b95b5a88"",""ref"":""refs/pull/978/merge""},{""path"":""tailrocks/velnor/.github/workflows/ci-unit-docs.yml@8955c765dd607b54a9f0f8fdfe440ca4b95b5a88"",""sha"":""8955c765dd607b54a9f0f8fdfe440ca4b95b5a88"",""ref"":""refs/pull/978/merge""},{""path"":""tailrocks/velnor/.github/workflows/ci-unit-opentofu.yml@8955c765dd607b54a9f0f8fdfe440ca4b95b5a88"",""sha"":""8955c765dd607b54a9f0f8fdfe440ca4b95b5a88"",""ref"":""refs/pull/978/merge""},{""path"":""tailrocks/velnor/.github/workflows/ci-unit-rust.yml@8955c765dd607b54a9f0f8fdfe440ca4b95b5a88"",""sha"":""8955c765dd607b54a9f0f8fdfe440ca4b95b5a88"",""ref"":""refs/pull/978/merge""}]","[]","2026-09-20T16:57:13Z","2026-09-20T16:57:13Z","2026-09-20T17:06:21Z","unknown","68","68","true","0","true","true","complete_fresh","verified","2026-09-20T17:06:20Z","547000","observed_initial_attempt","547000","547000","1558000","1558000","1558000","unknown","0","0","20","0","0","0","0","48","0","unclassified","517000","Rust · velnor-runner · github-hosted — rust-velnor-runner / GitHub · hosted","unknown","not_computed_without_dependency_graph","2026-09-20T17:06:15Z","observed","106113739633","1","Rust · velnor-client · velnor — rust-velnor-client","completed","skipped","unknown","unknown","unknown","2026-09-20T16:57:31Z","2026-09-20T16:57:30Z","unknown","skipped","not_applicable_skipped","0","0","[]"
"job","35524310993","1211","1","pull_request","CI / PR · pull_request · 978/merge","347892207",".github/workflows/ci-pr.yml","completed","success","true","codex/ci-performance-next","unknown","ce75f7c322cbb427d4aea2138abdb9fc5e0f5ed9","unknown","unknown.pull_request_source_not_proven","ce75f7c322cbb427d4aea2138abdb9fc5e0f5ed9","unknown","unknown","unknown","[{""path"":""tailrocks/velnor/.github/workflows/ci-unit-bun.yml@8955c765dd607b54a9f0f8fdfe440ca4b95b5a88"",""sha"":""8955c765dd607b54a9f0f8fdfe440ca4b95b5a88"",""ref"":""refs/pull/978/merge""},{""path"":""tailrocks/velnor/.github/workflows/ci-unit-docker.yml@8955c765dd607b54a9f0f8fdfe440ca4b95b5a88"",""sha"":""8955c765dd607b54a9f0f8fdfe440ca4b95b5a88"",""ref"":""refs/pull/978/merge""},{""path"":""tailrocks/velnor/.github/workflows/ci-unit-docs.yml@8955c765dd607b54a9f0f8fdfe440ca4b95b5a88"",""sha"":""8955c765dd607b54a9f0f8fdfe440ca4b95b5a88"",""ref"":""refs/pull/978/merge""},{""path"":""tailrocks/velnor/.github/workflows/ci-unit-opentofu.yml@8955c765dd607b54a9f0f8fdfe440ca4b95b5a88"",""sha"":""8955c765dd607b54a9f0f8fdfe440ca4b95b5a88"",""ref"":""refs/pull/978/merge""},{""path"":""tailrocks/velnor/.github/workflows/ci-unit-rust.yml@8955c765dd607b54a9f0f8fdfe440ca4b95b5a88"",""sha"":""8955c765dd607b54a9f0f8fdfe440ca4b95b5a88"",""ref"":""refs/pull/978/merge""}]","[]","2026-09-20T16:57:13Z","2026-09-20T16:57:13Z","2026-09-20T17:06:21Z","unknown","68","68","true","0","true","true","complete_fresh","verified","2026-09-20T17:06:20Z","547000","observed_initial_attempt","547000","547000","1558000","1558000","1558000","unknown","0","0","20","0","0","0","0","48","0","unclassified","517000","Rust · velnor-runner · github-hosted — rust-velnor-runner / GitHub · hosted","unknown","not_computed_without_dependency_graph","2026-09-20T17:06:15Z","observed","106113739725","1","Rust · velnor-control · velnor — rust-velnor-control","completed","skipped","unknown","unknown","unknown","2026-09-20T16:57:31Z","2026-09-20T16:57:30Z","unknown","skipped","not_applicable_skipped","0","0","[]"
"job","35524310993","1211","1","pull_request","CI / PR · pull_request · 978/merge","347892207",".github/workflows/ci-pr.yml","completed","success","true","codex/ci-performance-next","unknown","ce75f7c322cbb427d4aea2138abdb9fc5e0f5ed9","unknown","unknown.pull_request_source_not_proven","ce75f7c322cbb427d4aea2138abdb9fc5e0f5ed9","unknown","unknown","unknown","[{""path"":""tailrocks/velnor/.github/workflows/ci-unit-bun.yml@8955c765dd607b54a9f0f8fdfe440ca4b95b5a88"",""sha"":""8955c765dd607b54a9f0f8fdfe440ca4b95b5a88"",""ref"":""refs/pull/978/merge""},{""path"":""tailrocks/velnor/.github/workflows/ci-unit-docker.yml@8955c765dd607b54a9f0f8fdfe440ca4b95b5a88"",""sha"":""8955c765dd607b54a9f0f8fdfe440ca4b95b5a88"",""ref"":""refs/pull/978/merge""},{""path"":""tailrocks/velnor/.github/workflows/ci-unit-docs.yml@8955c765dd607b54a9f0f8fdfe440ca4b95b5a88"",""sha"":""8955c765dd607b54a9f0f8fdfe440ca4b95b5a88"",""ref"":""refs/pull/978/merge""},{""path"":""tailrocks/velnor/.github/workflows/ci-unit-opentofu.yml@8955c765dd607b54a9f0f8fdfe440ca4b95b5a88"",""sha"":""8955c765dd607b54a9f0f8fdfe440ca4b95b5a88"",""ref"":""refs/pull/978/merge""},{""path"":""tailrocks/velnor/.github/workflows/ci-unit-rust.yml@8955c765dd607b54a9f0f8fdfe440ca4b95b5a88"",""sha"":""8955c765dd607b54a9f0f8fdfe440ca4b95b5a88"",""ref"":""refs/pull/978/merge""}]","[]","2026-09-20T16:57:13Z","2026-09-20T16:57:13Z","2026-09-20T17:06:21Z","unknown","68","68","true","0","true","true","complete_fresh","verified","2026-09-20T17:06:20Z","547000","observed_initial_attempt","547000","547000","1558000","1558000","1558000","unknown","0","0","20","0","0","0","0","48","0","unclassified","517000","Rust · velnor-runner · github-hosted — rust-velnor-runner / GitHub · hosted","unknown","not_computed_without_dependency_graph","2026-09-20T17:06:15Z","observed","106113740240","1","Rust · velnor-tools · velnor — rust-velnor-tools","completed","skipped","unknown","unknown","unknown","2026-09-20T16:57:31Z","2026-09-20T16:57:30Z","unknown","skipped","not_applicable_skipped","0","0","[]"
"job","35524310993","1211","1","pull_request","CI / PR · pull_request · 978/merge","347892207",".github/workflows/ci-pr.yml","completed","success","true","codex/ci-performance-next","unknown","ce75f7c322cbb427d4aea2138abdb9fc5e0f5ed9","unknown","unknown.pull_request_source_not_proven","ce75f7c322cbb427d4aea2138abdb9fc5e0f5ed9","unknown","unknown","unknown","[{""path"":""tailrocks/velnor/.github/workflows/ci-unit-bun.yml@8955c765dd607b54a9f0f8fdfe440ca4b95b5a88"",""sha"":""8955c765dd607b54a9f0f8fdfe440ca4b95b5a88"",""ref"":""refs/pull/978/merge""},{""path"":""tailrocks/velnor/.github/workflows/ci-unit-docker.yml@8955c765dd607b54a9f0f8fdfe440ca4b95b5a88"",""sha"":""8955c765dd607b54a9f0f8fdfe440ca4b95b5a88"",""ref"":""refs/pull/978/merge""},{""path"":""tailrocks/velnor/.github/workflows/ci-unit-docs.yml@8955c765dd607b54a9f0f8fdfe440ca4b95b5a88"",""sha"":""8955c765dd607b54a9f0f8fdfe440ca4b95b5a88"",""ref"":""refs/pull/978/merge""},{""path"":""tailrocks/velnor/.github/workflows/ci-unit-opentofu.yml@8955c765dd607b54a9f0f8fdfe440ca4b95b5a88"",""sha"":""8955c765dd607b54a9f0f8fdfe440ca4b95b5a88"",""ref"":""refs/pull/978/merge""},{""path"":""tailrocks/velnor/.github/workflows/ci-unit-rust.yml@8955c765dd607b54a9f0f8fdfe440ca4b95b5a88"",""sha"":""8955c765dd607b54a9f0f8fdfe440ca4b95b5a88"",""ref"":""refs/pull/978/merge""}]","[]","2026-09-20T16:57:13Z","2026-09-20T16:57:13Z","2026-09-20T17:06:21Z","unknown","68","68","true","0","true","true","complete_fresh","verified","2026-09-20T17:06:20Z","547000","observed_initial_attempt","547000","547000","1558000","1558000","1558000","unknown","0","0","20","0","0","0","0","48","0","unclassified","517000","Rust · velnor-runner · github-hosted — rust-velnor-runner / GitHub · hosted","unknown","not_computed_without_dependency_graph","2026-09-20T17:06:15Z","observed","106113740310","1","Rust · velnor-runner · velnor — rust-velnor-runner","completed","skipped","unknown","unknown","unknown","2026-09-20T16:57:31Z","2026-09-20T16:57:30Z","unknown","skipped","not_applicable_skipped","0","0","[]"
"job","35524310993","1211","1","pull_request","CI / PR · pull_request · 978/merge","347892207",".github/workflows/ci-pr.yml","completed","success","true","codex/ci-performance-next","unknown","ce75f7c322cbb427d4aea2138abdb9fc5e0f5ed9","unknown","unknown.pull_request_source_not_proven","ce75f7c322cbb427d4aea2138abdb9fc5e0f5ed9","unknown","unknown","unknown","[{""path"":""tailrocks/velnor/.github/workflows/ci-unit-bun.yml@8955c765dd607b54a9f0f8fdfe440ca4b95b5a88"",""sha"":""8955c765dd607b54a9f0f8fdfe440ca4b95b5a88"",""ref"":""refs/pull/978/merge""},{""path"":""tailrocks/velnor/.github/workflows/ci-unit-docker.yml@8955c765dd607b54a9f0f8fdfe440ca4b95b5a88"",""sha"":""8955c765dd607b54a9f0f8fdfe440ca4b95b5a88"",""ref"":""refs/pull/978/merge""},{""path"":""tailrocks/velnor/.github/workflows/ci-unit-docs.yml@8955c765dd607b54a9f0f8fdfe440ca4b95b5a88"",""sha"":""8955c765dd607b54a9f0f8fdfe440ca4b95b5a88"",""ref"":""refs/pull/978/merge""},{""path"":""tailrocks/velnor/.github/workflows/ci-unit-opentofu.yml@8955c765dd607b54a9f0f8fdfe440ca4b95b5a88"",""sha"":""8955c765dd607b54a9f0f8fdfe440ca4b95b5a88"",""ref"":""refs/pull/978/merge""},{""path"":""tailrocks/velnor/.github/workflows/ci-unit-rust.yml@8955c765dd607b54a9f0f8fdfe440ca4b95b5a88"",""sha"":""8955c765dd607b54a9f0f8fdfe440ca4b95b5a88"",""ref"":""refs/pull/978/merge""}]","[]","2026-09-20T16:57:13Z","2026-09-20T16:57:13Z","2026-09-20T17:06:21Z","unknown","68","68","true","0","true","true","complete_fresh","verified","2026-09-20T17:06:20Z","547000","observed_initial_attempt","547000","547000","1558000","1558000","1558000","unknown","0","0","20","0","0","0","0","48","0","unclassified","517000","Rust · velnor-runner · github-hosted — rust-velnor-runner / GitHub · hosted","unknown","not_computed_without_dependency_graph","2026-09-20T17:06:15Z","observed","106113740436","1","Rust · velnor-bench · velnor — rust-velnor-bench","completed","skipped","unknown","unknown","unknown","2026-09-20T16:57:31Z","2026-09-20T16:57:31Z","0","skipped","not_applicable_skipped","0","0","[]"
"job","35524310993","1211","1","pull_request","CI / PR · pull_request · 978/merge","347892207",".github/workflows/ci-pr.yml","completed","success","true","codex/ci-performance-next","unknown","ce75f7c322cbb427d4aea2138abdb9fc5e0f5ed9","unknown","unknown.pull_request_source_not_proven","ce75f7c322cbb427d4aea2138abdb9fc5e0f5ed9","unknown","unknown","unknown","[{""path"":""tailrocks/velnor/.github/workflows/ci-unit-bun.yml@8955c765dd607b54a9f0f8fdfe440ca4b95b5a88"",""sha"":""8955c765dd607b54a9f0f8fdfe440ca4b95b5a88"",""ref"":""refs/pull/978/merge""},{""path"":""tailrocks/velnor/.github/workflows/ci-unit-docker.yml@8955c765dd607b54a9f0f8fdfe440ca4b95b5a88"",""sha"":""8955c765dd607b54a9f0f8fdfe440ca4b95b5a88"",""ref"":""refs/pull/978/merge""},{""path"":""tailrocks/velnor/.github/workflows/ci-unit-docs.yml@8955c765dd607b54a9f0f8fdfe440ca4b95b5a88"",""sha"":""8955c765dd607b54a9f0f8fdfe440ca4b95b5a88"",""ref"":""refs/pull/978/merge""},{""path"":""tailrocks/velnor/.github/workflows/ci-unit-opentofu.yml@8955c765dd607b54a9f0f8fdfe440ca4b95b5a88"",""sha"":""8955c765dd607b54a9f0f8fdfe440ca4b95b5a88"",""ref"":""refs/pull/978/merge""},{""path"":""tailrocks/velnor/.github/workflows/ci-unit-rust.yml@8955c765dd607b54a9f0f8fdfe440ca4b95b5a88"",""sha"":""8955c765dd607b54a9f0f8fdfe440ca4b95b5a88"",""ref"":""refs/pull/978/merge""}]","[]","2026-09-20T16:57:13Z","2026-09-20T16:57:13Z","2026-09-20T17:06:21Z","unknown","68","68","true","0","true","true","complete_fresh","verified","2026-09-20T17:06:20Z","547000","observed_initial_attempt","547000","547000","1558000","1558000","1558000","unknown","0","0","20","0","0","0","0","48","0","unclassified","517000","Rust · velnor-runner · github-hosted — rust-velnor-runner / GitHub · hosted","unknown","not_computed_without_dependency_graph","2026-09-20T17:06:15Z","observed","106113740504","1","Rust · velnorctl · velnor — rust-velnorctl","completed","skipped","unknown","unknown","unknown","2026-09-20T16:57:31Z","2026-09-20T16:57:31Z","0","skipped","not_applicable_skipped","0","0","[]"
"job","35524310993","1211","1","pull_request","CI / PR · pull_request · 978/merge","347892207",".github/workflows/ci-pr.yml","completed","success","true","codex/ci-performance-next","unknown","ce75f7c322cbb427d4aea2138abdb9fc5e0f5ed9","unknown","unknown.pull_request_source_not_proven","ce75f7c322cbb427d4aea2138abdb9fc5e0f5ed9","unknown","unknown","unknown","[{""path"":""tailrocks/velnor/.github/workflows/ci-unit-bun.yml@8955c765dd607b54a9f0f8fdfe440ca4b95b5a88"",""sha"":""8955c765dd607b54a9f0f8fdfe440ca4b95b5a88"",""ref"":""refs/pull/978/merge""},{""path"":""tailrocks/velnor/.github/workflows/ci-unit-docker.yml@8955c765dd607b54a9f0f8fdfe440ca4b95b5a88"",""sha"":""8955c765dd607b54a9f0f8fdfe440ca4b95b5a88"",""ref"":""refs/pull/978/merge""},{""path"":""tailrocks/velnor/.github/workflows/ci-unit-docs.yml@8955c765dd607b54a9f0f8fdfe440ca4b95b5a88"",""sha"":""8955c765dd607b54a9f0f8fdfe440ca4b95b5a88"",""ref"":""refs/pull/978/merge""},{""path"":""tailrocks/velnor/.github/workflows/ci-unit-opentofu.yml@8955c765dd607b54a9f0f8fdfe440ca4b95b5a88"",""sha"":""8955c765dd607b54a9f0f8fdfe440ca4b95b5a88"",""ref"":""refs/pull/978/merge""},{""path"":""tailrocks/velnor/.github/workflows/ci-unit-rust.yml@8955c765dd607b54a9f0f8fdfe440ca4b95b5a88"",""sha"":""8955c765dd607b54a9f0f8fdfe440ca4b95b5a88"",""ref"":""refs/pull/978/merge""}]","[]","2026-09-20T16:57:13Z","2026-09-20T16:57:13Z","2026-09-20T17:06:21Z","unknown","68","68","true","0","true","true","complete_fresh","verified","2026-09-20T17:06:20Z","547000","observed_initial_attempt","547000","547000","1558000","1558000","1558000","unknown","0","0","20","0","0","0","0","48","0","unclassified","517000","Rust · velnor-runner · github-hosted — rust-velnor-runner / GitHub · hosted","unknown","not_computed_without_dependency_graph","2026-09-20T17:06:15Z","observed","106113740682","1","Rust · velnor-workflow · velnor — rust-velnor-workflow","completed","skipped","unknown","unknown","unknown","2026-09-20T16:57:31Z","2026-09-20T16:57:31Z","0","skipped","not_applicable_skipped","0","0","[]"
"job","35524310993","1211","1","pull_request","CI / PR · pull_request · 978/merge","347892207",".github/workflows/ci-pr.yml","completed","success","true","codex/ci-performance-next","unknown","ce75f7c322cbb427d4aea2138abdb9fc5e0f5ed9","unknown","unknown.pull_request_source_not_proven","ce75f7c322cbb427d4aea2138abdb9fc5e0f5ed9","unknown","unknown","unknown","[{""path"":""tailrocks/velnor/.github/workflows/ci-unit-bun.yml@8955c765dd607b54a9f0f8fdfe440ca4b95b5a88"",""sha"":""8955c765dd607b54a9f0f8fdfe440ca4b95b5a88"",""ref"":""refs/pull/978/merge""},{""path"":""tailrocks/velnor/.github/workflows/ci-unit-docker.yml@8955c765dd607b54a9f0f8fdfe440ca4b95b5a88"",""sha"":""8955c765dd607b54a9f0f8fdfe440ca4b95b5a88"",""ref"":""refs/pull/978/merge""},{""path"":""tailrocks/velnor/.github/workflows/ci-unit-docs.yml@8955c765dd607b54a9f0f8fdfe440ca4b95b5a88"",""sha"":""8955c765dd607b54a9f0f8fdfe440ca4b95b5a88"",""ref"":""refs/pull/978/merge""},{""path"":""tailrocks/velnor/.github/workflows/ci-unit-opentofu.yml@8955c765dd607b54a9f0f8fdfe440ca4b95b5a88"",""sha"":""8955c765dd607b54a9f0f8fdfe440ca4b95b5a88"",""ref"":""refs/pull/978/merge""},{""path"":""tailrocks/velnor/.github/workflows/ci-unit-rust.yml@8955c765dd607b54a9f0f8fdfe440ca4b95b5a88"",""sha"":""8955c765dd607b54a9f0f8fdfe440ca4b95b5a88"",""ref"":""refs/pull/978/merge""}]","[]","2026-09-20T16:57:13Z","2026-09-20T16:57:13Z","2026-09-20T17:06:21Z","unknown","68","68","true","0","true","true","complete_fresh","verified","2026-09-20T17:06:20Z","547000","observed_initial_attempt","547000","547000","1558000","1558000","1558000","unknown","0","0","20","0","0","0","0","48","0","unclassified","517000","Rust · velnor-runner · github-hosted — rust-velnor-runner / GitHub · hosted","unknown","not_computed_without_dependency_graph","2026-09-20T17:06:15Z","observed","106114950899","1","ci-required","completed","success","GitHub Actions 1000087452","GitHub Actions","1000087452","2026-09-20T17:06:12Z","2026-09-20T17:06:15Z","3000","observed","fresh","3","3","[{""number"":1,""name"":""Set up job"",""status"":""completed"",""conclusion"":""success"",""started_at"":""2026-09-20T17:06:12Z"",""completed_at"":""2026-09-20T17:06:12Z"",""duration_ms"":0,""duration_state"":""observed""},{""number"":2,""name"":""Validate generated stack results"",""status"":""completed"",""conclusion"":""success"",""started_at"":""2026-09-20T17:06:12Z"",""completed_at"":""2026-09-20T17:06:13Z"",""duration_ms"":1000,""duration_state"":""observed""},{""number"":3,""name"":""Complete job"",""status"":""completed"",""conclusion"":""success"",""started_at"":""2026-09-20T17:06:13Z"",""completed_at"":""2026-09-20T17:06:13Z"",""duration_ms"":0,""duration_state"":""observed""}]"
"job","35524310993","1211","1","pull_request","CI / PR · pull_request · 978/merge","347892207",".github/workflows/ci-pr.yml","completed","success","true","codex/ci-performance-next","unknown","ce75f7c322cbb427d4aea2138abdb9fc5e0f5ed9","unknown","unknown.pull_request_source_not_proven","ce75f7c322cbb427d4aea2138abdb9fc5e0f5ed9","unknown","unknown","unknown","[{""path"":""tailrocks/velnor/.github/workflows/ci-unit-bun.yml@8955c765dd607b54a9f0f8fdfe440ca4b95b5a88"",""sha"":""8955c765dd607b54a9f0f8fdfe440ca4b95b5a88"",""ref"":""refs/pull/978/merge""},{""path"":""tailrocks/velnor/.github/workflows/ci-unit-docker.yml@8955c765dd607b54a9f0f8fdfe440ca4b95b5a88"",""sha"":""8955c765dd607b54a9f0f8fdfe440ca4b95b5a88"",""ref"":""refs/pull/978/merge""},{""path"":""tailrocks/velnor/.github/workflows/ci-unit-docs.yml@8955c765dd607b54a9f0f8fdfe440ca4b95b5a88"",""sha"":""8955c765dd607b54a9f0f8fdfe440ca4b95b5a88"",""ref"":""refs/pull/978/merge""},{""path"":""tailrocks/velnor/.github/workflows/ci-unit-opentofu.yml@8955c765dd607b54a9f0f8fdfe440ca4b95b5a88"",""sha"":""8955c765dd607b54a9f0f8fdfe440ca4b95b5a88"",""ref"":""refs/pull/978/merge""},{""path"":""tailrocks/velnor/.github/workflows/ci-unit-rust.yml@8955c765dd607b54a9f0f8fdfe440ca4b95b5a88"",""sha"":""8955c765dd607b54a9f0f8fdfe440ca4b95b5a88"",""ref"":""refs/pull/978/merge""}]","[]","2026-09-20T16:57:13Z","2026-09-20T16:57:13Z","2026-09-20T17:06:21Z","unknown","68","68","true","0","true","true","complete_fresh","verified","2026-09-20T17:06:20Z","547000","observed_initial_attempt","547000","547000","1558000","1558000","1558000","unknown","0","0","20","0","0","0","0","48","0","unclassified","517000","Rust · velnor-runner · github-hosted — rust-velnor-runner / GitHub · hosted","unknown","not_computed_without_dependency_graph","2026-09-20T17:06:15Z","observed","106114964108","1","Control / Required","completed","success","GitHub Actions 1000087454","GitHub Actions","1000087454","2026-09-20T17:06:17Z","2026-09-20T17:06:20Z","3000","observed","fresh","3","3","[{""number"":1,""name"":""Set up job"",""status"":""completed"",""conclusion"":""success"",""started_at"":""2026-09-20T17:06:18Z"",""completed_at"":""2026-09-20T17:06:18Z"",""duration_ms"":0,""duration_state"":""observed""},{""number"":2,""name"":""Mirror CI / Required"",""status"":""completed"",""conclusion"":""skipped"",""started_at"":""2026-09-20T17:06:18Z"",""completed_at"":""2026-09-20T17:06:18Z"",""duration_ms"":0,""duration_state"":""observed""},{""number"":3,""name"":""Complete job"",""status"":""completed"",""conclusion"":""success"",""started_at"":""2026-09-20T17:06:18Z"",""completed_at"":""2026-09-20T17:06:18Z"",""duration_ms"":0,""duration_state"":""observed""}]"
