destination	source	bytes	sha256
evidence/github-first-dual-lane/updates/20260919T211933Z/checkpoint.json	generated:checkpoint.json	3265	e8bb8e90885d0d123198864826c688c95965aaa4bd204ff9ff7da41dba1676f7
evidence/github-first-dual-lane/updates/20260919T211933Z/checkpoint.md	generated:checkpoint.md	2863	102c3f344f402bf53f96e4fcfbe8d0880a4e35cd392cdcac12d0ba3d21b1579f
evidence/github-first-dual-lane/updates/20260919T211933Z/reports/G0/action-review/d22a0c7009ea0db690879747bf7095198828ce01-review.md	dual-lane-evidence/G0/action-review/d22a0c7009ea0db690879747bf7095198828ce01-review.md	7719	c749286a1561fa32b05fba59bb79540bfb9586016633789601a96c7262b68023
evidence/github-first-dual-lane/updates/20260919T211933Z/reports/G0/checker-adversarial-fixtures/extension-report.md	dual-lane-evidence/G0/checker-adversarial-fixtures/extension-report.md	9304	e87120adc471fcd87cca49c77fa743487b5fe28a59e81cfd8499e859c1ab149c
evidence/github-first-dual-lane/updates/20260919T211933Z/reports/G0/checker-adversarial-fixtures/fixtures-b11-exact/canonical-release-placeholder.json	dual-lane-evidence/G0/checker-adversarial-fixtures/fixtures-b11-exact/canonical-release-placeholder.json	802	2a873717565332edf2e39687e60adc594234feec093d0ccdb884426e107e95fe
evidence/github-first-dual-lane/updates/20260919T211933Z/reports/G0/checker-adversarial-fixtures/fixtures-b11-exact/g0-blocker-next-action.json	dual-lane-evidence/G0/checker-adversarial-fixtures/fixtures-b11-exact/g0-blocker-next-action.json	79410	6555626a32201a72507af898362c15c91b4586423a43e656ef963f47200885af
evidence/github-first-dual-lane/updates/20260919T211933Z/reports/G0/checker-adversarial-fixtures/fixtures-b11-exact/g0-evidence.json	dual-lane-evidence/G0/checker-adversarial-fixtures/fixtures-b11-exact/g0-evidence.json	79401	5865030459972cd9d4aa02e3eda158b30cd1571d3aab2ae0c00bc45bce7b5441
evidence/github-first-dual-lane/updates/20260919T211933Z/reports/G0/checker-adversarial-fixtures/fixtures-b11-exact/g0-manifest.json	dual-lane-evidence/G0/checker-adversarial-fixtures/fixtures-b11-exact/g0-manifest.json	67524	8d7fea2844380d001a73e9cd68f7acf93402502b743073084c2c6e2385afea48
evidence/github-first-dual-lane/updates/20260919T211933Z/reports/G0/checker-adversarial-fixtures/fixtures-b11-exact/g0-old-flat-fleet.json	dual-lane-evidence/G0/checker-adversarial-fixtures/fixtures-b11-exact/g0-old-flat-fleet.json	1476	723f1e5431c33412c63de66af9565393f19abaea64e394b64e6f79156ce5959c
evidence/github-first-dual-lane/updates/20260919T211933Z/reports/G0/checker-adversarial-fixtures/fixtures-b11-exact/g0-positive-evidence.json	dual-lane-evidence/G0/checker-adversarial-fixtures/fixtures-b11-exact/g0-positive-evidence.json	79401	5865030459972cd9d4aa02e3eda158b30cd1571d3aab2ae0c00bc45bce7b5441
evidence/github-first-dual-lane/updates/20260919T211933Z/reports/G0/checker-adversarial-fixtures/fixtures-b11-exact/g0-positive-manifest.json	dual-lane-evidence/G0/checker-adversarial-fixtures/fixtures-b11-exact/g0-positive-manifest.json	67524	8d7fea2844380d001a73e9cd68f7acf93402502b743073084c2c6e2385afea48
evidence/github-first-dual-lane/updates/20260919T211933Z/reports/G0/checker-adversarial-fixtures/fixtures-b11-exact/g0-positive-snapshot.json	dual-lane-evidence/G0/checker-adversarial-fixtures/fixtures-b11-exact/g0-positive-snapshot.json	29614	c1ba1d15876acbd48c5e3cc1fb4ff420df2c641bc59a650489ea42069c369720
evidence/github-first-dual-lane/updates/20260919T211933Z/reports/G0/checker-adversarial-fixtures/fixtures-b11-exact/g0-snapshot.json	dual-lane-evidence/G0/checker-adversarial-fixtures/fixtures-b11-exact/g0-snapshot.json	29614	c1ba1d15876acbd48c5e3cc1fb4ff420df2c641bc59a650489ea42069c369720
evidence/github-first-dual-lane/updates/20260919T211933Z/reports/G0/checker-adversarial-fixtures/fixtures-b11-exact/g0-substituted-name.json	dual-lane-evidence/G0/checker-adversarial-fixtures/fixtures-b11-exact/g0-substituted-name.json	67536	ec949e427f75f3433c3e6cf40d215b95a45289d9f2c152810ecf36d93ae2d44e
evidence/github-first-dual-lane/updates/20260919T211933Z/reports/G0/checker-adversarial-fixtures/fixtures-b11-exact/g0-third-provider-manifest.json	dual-lane-evidence/G0/checker-adversarial-fixtures/fixtures-b11-exact/g0-third-provider-manifest.json	67564	611e57b8ac240b820bbfa73e1d157c0f74edae69c26dc321762a2e68fe177961
evidence/github-first-dual-lane/updates/20260919T211933Z/reports/G0/checker-adversarial-fixtures/fixtures-b11-exact/g0-third-provider-record.json	dual-lane-evidence/G0/checker-adversarial-fixtures/fixtures-b11-exact/g0-third-provider-record.json	79403	0991d870a99a56d683c76acfa3c4597107dc6b8aff2fa3f6feea5bc91d946de1
evidence/github-first-dual-lane/updates/20260919T211933Z/reports/G0/checker-adversarial-fixtures/fixtures-b11-exact/g0-unknown-evidence-field.json	dual-lane-evidence/G0/checker-adversarial-fixtures/fixtures-b11-exact/g0-unknown-evidence-field.json	79425	fc725817828ceb16293907384c0e822e7725afdcfc10551d251adee70a24c550
evidence/github-first-dual-lane/updates/20260919T211933Z/reports/G0/checker-adversarial-fixtures/fixtures-b11-exact/g0-unknown-manifest-field.json	dual-lane-evidence/G0/checker-adversarial-fixtures/fixtures-b11-exact/g0-unknown-manifest-field.json	67548	67c787bcd75003c0eaa451d3a66e32b8ebe5b1b43601381bc09e03ae5ea45c52
evidence/github-first-dual-lane/updates/20260919T211933Z/reports/G0/checker-adversarial-fixtures/fixtures-b11-exact/g0-unknown-snapshot-field.json	dual-lane-evidence/G0/checker-adversarial-fixtures/fixtures-b11-exact/g0-unknown-snapshot-field.json	29638	059a8b8f1ba2b1c5672f49c56ed9a1216f3652e67a9010ab13102deb17cc8fc7
evidence/github-first-dual-lane/updates/20260919T211933Z/reports/G0/checker-adversarial-fixtures/fixtures-b11-exact/g0-uppercase-applicability.json	dual-lane-evidence/G0/checker-adversarial-fixtures/fixtures-b11-exact/g0-uppercase-applicability.json	67512	4bc94010777a00fd259ec7bea068f48068f79824992d3ec57be60ef49d1ec032
evidence/github-first-dual-lane/updates/20260919T211933Z/reports/G0/checker-adversarial-fixtures/fixtures-b11-exact/g0-uppercase-eligibility.json	dual-lane-evidence/G0/checker-adversarial-fixtures/fixtures-b11-exact/g0-uppercase-eligibility.json	67522	a07afcda2edea4b79566c3af03f484675b5a8f6949499ef953b29d6d9ca347ee
evidence/github-first-dual-lane/updates/20260919T211933Z/reports/G0/checker-adversarial-fixtures/fixtures-b11-exact/g1-cancelled-run-evidence.json	dual-lane-evidence/G0/checker-adversarial-fixtures/fixtures-b11-exact/g1-cancelled-run-evidence.json	108131	62e645de21716ef7b8121e84c2f2fc16d87cff007f3fe3fb7c0784e1fd80d0ce
evidence/github-first-dual-lane/updates/20260919T211933Z/reports/G0/checker-adversarial-fixtures/fixtures-b11-exact/g1-cancelled-run-snapshot.json	dual-lane-evidence/G0/checker-adversarial-fixtures/fixtures-b11-exact/g1-cancelled-run-snapshot.json	89875	031071f8c33936fea09896f634f9a3961f50cf29c937b87880ee92d650ce68b3
evidence/github-first-dual-lane/updates/20260919T211933Z/reports/G0/checker-adversarial-fixtures/fixtures-b11-exact/g1-child-complete-evidence.json	dual-lane-evidence/G0/checker-adversarial-fixtures/fixtures-b11-exact/g1-child-complete-evidence.json	108714	d190faf3da0fab7ba0666cc0b650d0e3d773f4f83984d862688741c33d8aecf0
evidence/github-first-dual-lane/updates/20260919T211933Z/reports/G0/checker-adversarial-fixtures/fixtures-b11-exact/g1-child-complete-snapshot.json	dual-lane-evidence/G0/checker-adversarial-fixtures/fixtures-b11-exact/g1-child-complete-snapshot.json	90366	32c037616357d6af2cc189a3a0bdb94e3802373a223cafd83db0e441ed1e3757
evidence/github-first-dual-lane/updates/20260919T211933Z/reports/G0/checker-adversarial-fixtures/fixtures-b11-exact/g1-child-evilprovider-evidence.json	dual-lane-evidence/G0/checker-adversarial-fixtures/fixtures-b11-exact/g1-child-evilprovider-evidence.json	108552	d30414c2521d9632864e9a77d6087d36b33e4593852509fb3bd8250ffa7f465a
evidence/github-first-dual-lane/updates/20260919T211933Z/reports/G0/checker-adversarial-fixtures/fixtures-b11-exact/g1-child-evilprovider-snapshot.json	dual-lane-evidence/G0/checker-adversarial-fixtures/fixtures-b11-exact/g1-child-evilprovider-snapshot.json	90355	004326b54c84d6fb5b8548d57fe97a6f5970737f17a41d69aa8076f8f5f98d9b
evidence/github-first-dual-lane/updates/20260919T211933Z/reports/G0/checker-adversarial-fixtures/fixtures-b11-exact/g1-child-manifest.json	dual-lane-evidence/G0/checker-adversarial-fixtures/fixtures-b11-exact/g1-child-manifest.json	67675	376dc0c7c5823fc21731bf5f340959724f6a369518ff5f547d17797ee56cbd4f
evidence/github-first-dual-lane/updates/20260919T211933Z/reports/G0/checker-adversarial-fixtures/fixtures-b11-exact/g1-child-obligation-erased-evidence.json	dual-lane-evidence/G0/checker-adversarial-fixtures/fixtures-b11-exact/g1-child-obligation-erased-evidence.json	108563	963adee9200a96631f3d498155c7556745dbf5ac3d4d5576e751e2045ab4c4da
evidence/github-first-dual-lane/updates/20260919T211933Z/reports/G0/checker-adversarial-fixtures/fixtures-b11-exact/g1-child-wrongevent-evidence.json	dual-lane-evidence/G0/checker-adversarial-fixtures/fixtures-b11-exact/g1-child-wrongevent-evidence.json	108555	83cfe98b7a7d98c9f9550fdba586545b321279d5dfe57b068a64bc4b1fa6d6cd
evidence/github-first-dual-lane/updates/20260919T211933Z/reports/G0/checker-adversarial-fixtures/fixtures-b11-exact/g1-child-wrongevent-snapshot.json	dual-lane-evidence/G0/checker-adversarial-fixtures/fixtures-b11-exact/g1-child-wrongevent-snapshot.json	90358	d270c92ba6c7acf680c36eb27433743235ca9761036bf890ddff1fdedf6c16ac
evidence/github-first-dual-lane/updates/20260919T211933Z/reports/G0/checker-adversarial-fixtures/fixtures-b11-exact/g1-duplicate-job-id.json	dual-lane-evidence/G0/checker-adversarial-fixtures/fixtures-b11-exact/g1-duplicate-job-id.json	108084	8ec84bc9a04b9df0abc9f3e7653b2285d31bef814071d16fd098d5a5a08c2039
evidence/github-first-dual-lane/updates/20260919T211933Z/reports/G0/checker-adversarial-fixtures/fixtures-b11-exact/g1-empty-logs.json	dual-lane-evidence/G0/checker-adversarial-fixtures/fixtures-b11-exact/g1-empty-logs.json	107990	7404f1e068582e1366339857648ad6b90d24a78a5bbac8744ff73f458401d707
evidence/github-first-dual-lane/updates/20260919T211933Z/reports/G0/checker-adversarial-fixtures/fixtures-b11-exact/g1-evidence.json	dual-lane-evidence/G0/checker-adversarial-fixtures/fixtures-b11-exact/g1-evidence.json	108067	be5ffbc36b288fceebf534d8dc787c7895f7638c35a85c022a6f9315621b0bd9
evidence/github-first-dual-lane/updates/20260919T211933Z/reports/G0/checker-adversarial-fixtures/fixtures-b11-exact/g1-evil-check-evidence.json	dual-lane-evidence/G0/checker-adversarial-fixtures/fixtures-b11-exact/g1-evil-check-evidence.json	107293	a53860582a5a90d6b64d13e29637f9d2e3df364db33501d59d3708f781a11dd4
evidence/github-first-dual-lane/updates/20260919T211933Z/reports/G0/checker-adversarial-fixtures/fixtures-b11-exact/g1-evil-check-snapshot.json	dual-lane-evidence/G0/checker-adversarial-fixtures/fixtures-b11-exact/g1-evil-check-snapshot.json	89037	57a81a3265b370fd8a52666e998fee8203d7685ab6562523c5233463d0fc23ec
evidence/github-first-dual-lane/updates/20260919T211933Z/reports/G0/checker-adversarial-fixtures/fixtures-b11-exact/g1-evil-log-evidence.json	dual-lane-evidence/G0/checker-adversarial-fixtures/fixtures-b11-exact/g1-evil-log-evidence.json	106822	370711b3cd02c467fad8e59599203ef6d1f04864b93a39214fde07d8ea3f9d02
evidence/github-first-dual-lane/updates/20260919T211933Z/reports/G0/checker-adversarial-fixtures/fixtures-b11-exact/g1-evil-runurl-evidence.json	dual-lane-evidence/G0/checker-adversarial-fixtures/fixtures-b11-exact/g1-evil-runurl-evidence.json	107261	f70063bddf14fdde21114090b62a6080d7a949973ebe9f1ec6e7a0231322fad8
evidence/github-first-dual-lane/updates/20260919T211933Z/reports/G0/checker-adversarial-fixtures/fixtures-b11-exact/g1-evil-runurl-snapshot.json	dual-lane-evidence/G0/checker-adversarial-fixtures/fixtures-b11-exact/g1-evil-runurl-snapshot.json	89005	643c48b0d6a13fedcef538239ab5d7a3c14c115eb766753e4c52fa914c919722
evidence/github-first-dual-lane/updates/20260919T211933Z/reports/G0/checker-adversarial-fixtures/fixtures-b11-exact/g1-extra-job-id.json	dual-lane-evidence/G0/checker-adversarial-fixtures/fixtures-b11-exact/g1-extra-job-id.json	108088	b72e7f55a4ee72c7a50542d5c8a39ea0c8e0d73ac60e9dabd36ee8a1df8a235c
evidence/github-first-dual-lane/updates/20260919T211933Z/reports/G0/checker-adversarial-fixtures/fixtures-b11-exact/g1-flat-install-alias-different.json	dual-lane-evidence/G0/checker-adversarial-fixtures/fixtures-b11-exact/g1-flat-install-alias-different.json	108322	0e103e13d880bace6c0fc65b5644fedfa98bc0a23c84de22fc47af94c42200d0
evidence/github-first-dual-lane/updates/20260919T211933Z/reports/G0/checker-adversarial-fixtures/fixtures-b11-exact/g1-flat-install-alias.json	dual-lane-evidence/G0/checker-adversarial-fixtures/fixtures-b11-exact/g1-flat-install-alias.json	108322	74afabe5e763f76f8d0cd2b709e13f0cb8d3c6694102e4c09215b2792ffe7879
evidence/github-first-dual-lane/updates/20260919T211933Z/reports/G0/checker-adversarial-fixtures/fixtures-b11-exact/g1-flat-release-alias-different.json	dual-lane-evidence/G0/checker-adversarial-fixtures/fixtures-b11-exact/g1-flat-release-alias-different.json	108207	4e4d405df1daedd4825b3403eb76678ef6d6ba58b295f198a751b18bfcbb89ae
evidence/github-first-dual-lane/updates/20260919T211933Z/reports/G0/checker-adversarial-fixtures/fixtures-b11-exact/g1-flat-release-alias.json	dual-lane-evidence/G0/checker-adversarial-fixtures/fixtures-b11-exact/g1-flat-release-alias.json	108206	3d503d6116548d891b1c8449f837e9e438b930e1eae4547860387019216d4140
evidence/github-first-dual-lane/updates/20260919T211933Z/reports/G0/checker-adversarial-fixtures/fixtures-b11-exact/g1-github-fake-velnor-host-evidence.json	dual-lane-evidence/G0/checker-adversarial-fixtures/fixtures-b11-exact/g1-github-fake-velnor-host-evidence.json	107660	edeea8124a8dca8e69d27eea601373e220dd6e96386572e991884f1836ce7be6
evidence/github-first-dual-lane/updates/20260919T211933Z/reports/G0/checker-adversarial-fixtures/fixtures-b11-exact/g1-github-fake-velnor-host-snapshot.json	dual-lane-evidence/G0/checker-adversarial-fixtures/fixtures-b11-exact/g1-github-fake-velnor-host-snapshot.json	88997	5950694446b256e9e874c3fcdb6e23901ccb1867f1c23362ef4d7e79f3fa436f
evidence/github-first-dual-lane/updates/20260919T211933Z/reports/G0/checker-adversarial-fixtures/fixtures-b11-exact/g1-malformed-logs.json	dual-lane-evidence/G0/checker-adversarial-fixtures/fixtures-b11-exact/g1-malformed-logs.json	108017	2eadaad8794043ca1752de8e0bd81bab8eb88996df085e0e8bb8574e1be43976
evidence/github-first-dual-lane/updates/20260919T211933Z/reports/G0/checker-adversarial-fixtures/fixtures-b11-exact/g1-manifest.json	dual-lane-evidence/G0/checker-adversarial-fixtures/fixtures-b11-exact/g1-manifest.json	67524	8d7fea2844380d001a73e9cd68f7acf93402502b743073084c2c6e2385afea48
evidence/github-first-dual-lane/updates/20260919T211933Z/reports/G0/checker-adversarial-fixtures/fixtures-b11-exact/g1-manual-dispatch-evidence.json	dual-lane-evidence/G0/checker-adversarial-fixtures/fixtures-b11-exact/g1-manual-dispatch-evidence.json	108899	84895e12c50097b5ec1066cb6c6e40db862c37d1e98d255baca9b4a5131fc3e5
evidence/github-first-dual-lane/updates/20260919T211933Z/reports/G0/checker-adversarial-fixtures/fixtures-b11-exact/g1-manual-dispatch-snapshot.json	dual-lane-evidence/G0/checker-adversarial-fixtures/fixtures-b11-exact/g1-manual-dispatch-snapshot.json	91059	265bd2ced879ce0a07af5e4551ccfad15f2945f27abe5aa0a26935c520e68a12
evidence/github-first-dual-lane/updates/20260919T211933Z/reports/G0/checker-adversarial-fixtures/fixtures-b11-exact/g1-pin-mismatch-evidence.json	dual-lane-evidence/G0/checker-adversarial-fixtures/fixtures-b11-exact/g1-pin-mismatch-evidence.json	108074	e850ae34b178b65fcec26ade68087e4b3602f6dc23b82e785c1e32e741bea549
evidence/github-first-dual-lane/updates/20260919T211933Z/reports/G0/checker-adversarial-fixtures/fixtures-b11-exact/g1-pin-omission-evidence.json	dual-lane-evidence/G0/checker-adversarial-fixtures/fixtures-b11-exact/g1-pin-omission-evidence.json	107632	0c89e00c169addbf7e500f89f3581302aeb4a8b11a552fee550be312aecf1729
evidence/github-first-dual-lane/updates/20260919T211933Z/reports/G0/checker-adversarial-fixtures/fixtures-b11-exact/g1-pr-missing-postmerge-evidence.json	dual-lane-evidence/G0/checker-adversarial-fixtures/fixtures-b11-exact/g1-pr-missing-postmerge-evidence.json	111530	f4ac704eaac9fed2c808ae2027134ed248f3db1cedd6877b2339e49ff86c1bb2
evidence/github-first-dual-lane/updates/20260919T211933Z/reports/G0/checker-adversarial-fixtures/fixtures-b11-exact/g1-pr-missing-postmerge-snapshot.json	dual-lane-evidence/G0/checker-adversarial-fixtures/fixtures-b11-exact/g1-pr-missing-postmerge-snapshot.json	92433	64f480eddb66fa315583ac8d0965fcf35dbb10ab074a1033980e1214a7b6e248
evidence/github-first-dual-lane/updates/20260919T211933Z/reports/G0/checker-adversarial-fixtures/fixtures-b11-exact/g1-pr-positive-evidence.json	dual-lane-evidence/G0/checker-adversarial-fixtures/fixtures-b11-exact/g1-pr-positive-evidence.json	111530	f4ac704eaac9fed2c808ae2027134ed248f3db1cedd6877b2339e49ff86c1bb2
evidence/github-first-dual-lane/updates/20260919T211933Z/reports/G0/checker-adversarial-fixtures/fixtures-b11-exact/g1-pr-positive-snapshot.json	dual-lane-evidence/G0/checker-adversarial-fixtures/fixtures-b11-exact/g1-pr-positive-snapshot.json	92471	140fbf69aecb78a26f49d80b1dbf3c229a18deb17b85c7f9a2156a561ee79cd1
evidence/github-first-dual-lane/updates/20260919T211933Z/reports/G0/checker-adversarial-fixtures/fixtures-b11-exact/g1-pr-wrong-base-evidence.json	dual-lane-evidence/G0/checker-adversarial-fixtures/fixtures-b11-exact/g1-pr-wrong-base-evidence.json	111530	87297f8a774738356500ace6e055475b43a31e5bd132bd93428cd632261ee2a2
evidence/github-first-dual-lane/updates/20260919T211933Z/reports/G0/checker-adversarial-fixtures/fixtures-b11-exact/g1-pr-wrong-head-evidence.json	dual-lane-evidence/G0/checker-adversarial-fixtures/fixtures-b11-exact/g1-pr-wrong-head-evidence.json	111530	167db5fe7274e559e56bdff46de835ec4714de81d500347ba64ee55b77c2b1ec
evidence/github-first-dual-lane/updates/20260919T211933Z/reports/G0/checker-adversarial-fixtures/fixtures-b11-exact/g1-pr-wrong-merge-evidence.json	dual-lane-evidence/G0/checker-adversarial-fixtures/fixtures-b11-exact/g1-pr-wrong-merge-evidence.json	111530	3ea004bb16bba2c2c6b8e3ad85c4b9b387f2d1947eae1fd6e6f5f6670b2c7698
evidence/github-first-dual-lane/updates/20260919T211933Z/reports/G0/checker-adversarial-fixtures/fixtures-b11-exact/g1-queued-run-evidence.json	dual-lane-evidence/G0/checker-adversarial-fixtures/fixtures-b11-exact/g1-queued-run-evidence.json	107971	b813520f1669492f947340cdacce305e008b740e3cf42d91a02517cecb411741
evidence/github-first-dual-lane/updates/20260919T211933Z/reports/G0/checker-adversarial-fixtures/fixtures-b11-exact/g1-queued-run-snapshot.json	dual-lane-evidence/G0/checker-adversarial-fixtures/fixtures-b11-exact/g1-queued-run-snapshot.json	89715	44cbc6747ee02d4c85fc80315c55a056fd5c8ccb9bf1e7ecbeb37c9ffeacbea6
evidence/github-first-dual-lane/updates/20260919T211933Z/reports/G0/checker-adversarial-fixtures/fixtures-b11-exact/g1-renamed-job-snapshot.json	dual-lane-evidence/G0/checker-adversarial-fixtures/fixtures-b11-exact/g1-renamed-job-snapshot.json	89809	bceb95d44d752b022b1319efc3d18c048d484e9b648d602c0c0f4c216fb89bc6
evidence/github-first-dual-lane/updates/20260919T211933Z/reports/G0/checker-adversarial-fixtures/fixtures-b11-exact/g1-role-coverage-missing-pr-evidence.json	dual-lane-evidence/G0/checker-adversarial-fixtures/fixtures-b11-exact/g1-role-coverage-missing-pr-evidence.json	108067	be5ffbc36b288fceebf534d8dc787c7895f7638c35a85c022a6f9315621b0bd9
evidence/github-first-dual-lane/updates/20260919T211933Z/reports/G0/checker-adversarial-fixtures/fixtures-b11-exact/g1-role-coverage-missing-pr-snapshot.json	dual-lane-evidence/G0/checker-adversarial-fixtures/fixtures-b11-exact/g1-role-coverage-missing-pr-snapshot.json	106867	45cd7b720f194df2c90e48ac01027d3553e9580e85c6437ff91b67477e9889a4
evidence/github-first-dual-lane/updates/20260919T211933Z/reports/G0/checker-adversarial-fixtures/fixtures-b11-exact/g1-snapshot.json	dual-lane-evidence/G0/checker-adversarial-fixtures/fixtures-b11-exact/g1-snapshot.json	89811	ef633ecd47fe3674658831db8167a97e93f2af570930a964e39b4d0b6f06d00e
evidence/github-first-dual-lane/updates/20260919T211933Z/reports/G0/checker-adversarial-fixtures/fixtures-b11-exact/g1-stale-self-matching-evidence.json	dual-lane-evidence/G0/checker-adversarial-fixtures/fixtures-b11-exact/g1-stale-self-matching-evidence.json	108067	c031e97ba5b72c78b43410c10fdb4e82c51a71a47a32366aec2419aca4977e57
evidence/github-first-dual-lane/updates/20260919T211933Z/reports/G0/checker-adversarial-fixtures/fixtures-b11-exact/g1-stale-self-matching-snapshot.json	dual-lane-evidence/G0/checker-adversarial-fixtures/fixtures-b11-exact/g1-stale-self-matching-snapshot.json	89811	974177bf1a3e9e4ee3ec4d6c931cdb398f2a9bbdb724e7536310a5990d5efa8a
evidence/github-first-dual-lane/updates/20260919T211933Z/reports/G0/checker-adversarial-fixtures/fixtures-b11-exact/g1-substituted-name.json	dual-lane-evidence/G0/checker-adversarial-fixtures/fixtures-b11-exact/g1-substituted-name.json	67536	ec949e427f75f3433c3e6cf40d215b95a45289d9f2c152810ecf36d93ae2d44e
evidence/github-first-dual-lane/updates/20260919T211933Z/reports/G0/checker-adversarial-fixtures/fixtures-b11-exact/g1-third-provider-evidence.json	dual-lane-evidence/G0/checker-adversarial-fixtures/fixtures-b11-exact/g1-third-provider-evidence.json	109187	9aabdeee083de7669ef65c7ed6b1078b09d544e852dcf0aeb7d3d277ea88fd84
evidence/github-first-dual-lane/updates/20260919T211933Z/reports/G0/checker-adversarial-fixtures/fixtures-b11-exact/g1-third-provider-manifest.json	dual-lane-evidence/G0/checker-adversarial-fixtures/fixtures-b11-exact/g1-third-provider-manifest.json	68644	927219d84cdc4344293fb5456254b354257603974ddd24ff8c2cf8441a92c63d
evidence/github-first-dual-lane/updates/20260919T211933Z/reports/G0/checker-adversarial-fixtures/fixtures-b11-exact/g1-two-job-evidence.json	dual-lane-evidence/G0/checker-adversarial-fixtures/fixtures-b11-exact/g1-two-job-evidence.json	129998	ece6426941a8233c5c1deb6fcbb2cb0d3074302824133075db56da71e41d1725
evidence/github-first-dual-lane/updates/20260919T211933Z/reports/G0/checker-adversarial-fixtures/fixtures-b11-exact/g1-two-job-manifest.json	dual-lane-evidence/G0/checker-adversarial-fixtures/fixtures-b11-exact/g1-two-job-manifest.json	77828	4f84197cb96f73d2dab6feb5368ac54c354b0b4a1234f3b448af21d78e6a7921
evidence/github-first-dual-lane/updates/20260919T211933Z/reports/G0/checker-adversarial-fixtures/fixtures-b11-exact/g1-two-job-omitted-record.json	dual-lane-evidence/G0/checker-adversarial-fixtures/fixtures-b11-exact/g1-two-job-omitted-record.json	108067	be5ffbc36b288fceebf534d8dc787c7895f7638c35a85c022a6f9315621b0bd9
evidence/github-first-dual-lane/updates/20260919T211933Z/reports/G0/checker-adversarial-fixtures/fixtures-b11-exact/g1-two-job-snapshot.json	dual-lane-evidence/G0/checker-adversarial-fixtures/fixtures-b11-exact/g1-two-job-snapshot.json	125147	cfd21e137493ed5595ce72ed9fea2be2643cdfc929724b1988e335dd6e4764d3
evidence/github-first-dual-lane/updates/20260919T211933Z/reports/G0/checker-adversarial-fixtures/fixtures-b11-exact/g1-unassociated-manual-success-evidence.json	dual-lane-evidence/G0/checker-adversarial-fixtures/fixtures-b11-exact/g1-unassociated-manual-success-evidence.json	108483	cd235e3282d7753f0057b2fb67ee80a5cfd4ba9918632cfa1c13a372168ff3f8
evidence/github-first-dual-lane/updates/20260919T211933Z/reports/G0/checker-adversarial-fixtures/fixtures-b11-exact/g1-unassociated-manual-success-snapshot.json	dual-lane-evidence/G0/checker-adversarial-fixtures/fixtures-b11-exact/g1-unassociated-manual-success-snapshot.json	90227	1f9bdac833af7d02e0b66415eafd7fded6109f9f06996b5c04ae0f870163514e
evidence/github-first-dual-lane/updates/20260919T211933Z/reports/G0/checker-adversarial-fixtures/fixtures-b11-exact/g1-unknown-status-evidence.json	dual-lane-evidence/G0/checker-adversarial-fixtures/fixtures-b11-exact/g1-unknown-status-evidence.json	108003	8145d07cf0b3c46916f1eaf815d7bd6e3a8874c5ffeed5e72df4954ac2ff52ef
evidence/github-first-dual-lane/updates/20260919T211933Z/reports/G0/checker-adversarial-fixtures/fixtures-b11-exact/g1-unknown-status-snapshot.json	dual-lane-evidence/G0/checker-adversarial-fixtures/fixtures-b11-exact/g1-unknown-status-snapshot.json	89747	d9e15825a9f708ea6077896ccc0ad6dd7ee7a0be0b899d6c789062d239e3f5ac
evidence/github-first-dual-lane/updates/20260919T211933Z/reports/G0/checker-adversarial-fixtures/fixtures-b11-exact/g1-unknown-trust-evidence.json	dual-lane-evidence/G0/checker-adversarial-fixtures/fixtures-b11-exact/g1-unknown-trust-evidence.json	107875	734a4bb35c266fa856e782cf7267201df1169cdc1db5c5b39095a0044a0b3afe
evidence/github-first-dual-lane/updates/20260919T211933Z/reports/G0/checker-adversarial-fixtures/fixtures-b11-exact/g1-unknown-trust-snapshot.json	dual-lane-evidence/G0/checker-adversarial-fixtures/fixtures-b11-exact/g1-unknown-trust-snapshot.json	89619	ee3b63e9468f3a952059fb99983f67cc73717d40f249b4c02e5b86277083abb8
evidence/github-first-dual-lane/updates/20260919T211933Z/reports/G0/checker-adversarial-fixtures/fixtures-b11-exact/g1-workflow-run-producer-evidence.json	dual-lane-evidence/G0/checker-adversarial-fixtures/fixtures-b11-exact/g1-workflow-run-producer-evidence.json	108579	ce026476ed972b434378bcb9b550940261e6c70e869fce1a0c23b2531359cfe9
evidence/github-first-dual-lane/updates/20260919T211933Z/reports/G0/checker-adversarial-fixtures/fixtures-b11-exact/g1-workflow-run-producer-snapshot.json	dual-lane-evidence/G0/checker-adversarial-fixtures/fixtures-b11-exact/g1-workflow-run-producer-snapshot.json	90579	b7c284ac6aeb48df2cae1d964f614ab9235ff047483ab32c22c332e92c2cfe66
evidence/github-first-dual-lane/updates/20260919T211933Z/reports/G0/checker-adversarial-fixtures/fixtures-b11-exact/g2-waived-applicable-evidence.json	dual-lane-evidence/G0/checker-adversarial-fixtures/fixtures-b11-exact/g2-waived-applicable-evidence.json	119491	c60287593fd6b8dec5617823d5187106c65c815d49ad9250087d7c9e7f9d60ff
evidence/github-first-dual-lane/updates/20260919T211933Z/reports/G0/checker-adversarial-fixtures/fixtures-b11-exact/g2-waived-applicable-manifest.json	dual-lane-evidence/G0/checker-adversarial-fixtures/fixtures-b11-exact/g2-waived-applicable-manifest.json	67396	27ceb12579da84467f2c03185767ed2ca0f876f456dd0f4726ae6a8157085792
evidence/github-first-dual-lane/updates/20260919T211933Z/reports/G0/checker-adversarial-fixtures/fixtures-b11-exact/g3-role-coverage-missing-pr-evidence.json	dual-lane-evidence/G0/checker-adversarial-fixtures/fixtures-b11-exact/g3-role-coverage-missing-pr-evidence.json	119427	e869d327a77d192a230bd389d3dbd968bdb9a506c048bce45dad1033f63d3c27
evidence/github-first-dual-lane/updates/20260919T211933Z/reports/G0/checker-adversarial-fixtures/fixtures-b11-exact/g3-role-coverage-missing-pr-snapshot.json	dual-lane-evidence/G0/checker-adversarial-fixtures/fixtures-b11-exact/g3-role-coverage-missing-pr-snapshot.json	106867	45cd7b720f194df2c90e48ac01027d3553e9580e85c6437ff91b67477e9889a4
evidence/github-first-dual-lane/updates/20260919T211933Z/reports/G0/checker-adversarial-fixtures/fixtures-b11-exact/g4-empty-host-id.json	dual-lane-evidence/G0/checker-adversarial-fixtures/fixtures-b11-exact/g4-empty-host-id.json	120899	3fae728b1edc4cbf6f59a44a9bb75cab5f61abb970379dfdfe9b2d5a1972b6eb
evidence/github-first-dual-lane/updates/20260919T211933Z/reports/G0/checker-adversarial-fixtures/fixtures-b11-exact/g4-fakehost-evidence-release-shape.json	dual-lane-evidence/G0/checker-adversarial-fixtures/fixtures-b11-exact/g4-fakehost-evidence-release-shape.json	120912	e92a24a68543f248b382b2df922ebb21bc9b26976bf4c40bda0097b8546afb73
evidence/github-first-dual-lane/updates/20260919T211933Z/reports/G0/checker-adversarial-fixtures/fixtures-b11-exact/g4-fakehost-evidence.json	dual-lane-evidence/G0/checker-adversarial-fixtures/fixtures-b11-exact/g4-fakehost-evidence.json	108336	4e23818dc8de22228d97aa61da12c2c35b08a40c3a7fbb2b3adc0c1ee1053c3c
evidence/github-first-dual-lane/updates/20260919T211933Z/reports/G0/checker-adversarial-fixtures/fixtures-b11-exact/g4-fakehost-manifest.json	dual-lane-evidence/G0/checker-adversarial-fixtures/fixtures-b11-exact/g4-fakehost-manifest.json	68804	5d0794d97275fd78fe8ebb97c9dbce7632047272743de84e8f09400921ec0a87
evidence/github-first-dual-lane/updates/20260919T211933Z/reports/G0/checker-adversarial-fixtures/fixtures-b11-exact/g4-fakehost-snapshot.json	dual-lane-evidence/G0/checker-adversarial-fixtures/fixtures-b11-exact/g4-fakehost-snapshot.json	90144	19af7c546704bf775d17ab319c9a683e67b3bc21cdc7154b7fc8e953dde4dcdd
evidence/github-first-dual-lane/updates/20260919T211933Z/reports/G0/checker-adversarial-fixtures/fixtures-b11-exact/g4-host-contract-mismatch.json	dual-lane-evidence/G0/checker-adversarial-fixtures/fixtures-b11-exact/g4-host-contract-mismatch.json	68808	731ed9990c9d8709f546bb4d9bf15453ceac7ee4e4bdce341aefa57072f85aac
evidence/github-first-dual-lane/updates/20260919T211933Z/reports/G0/checker-adversarial-fixtures/fixtures-b11-exact/g4-no-hosted-counterpart-evidence.json	dual-lane-evidence/G0/checker-adversarial-fixtures/fixtures-b11-exact/g4-no-hosted-counterpart-evidence.json	120720	fbdb96fc9b9e21044c5f481826a2c95f6d7254f6d8b0804eb05a3668e3a677dc
evidence/github-first-dual-lane/updates/20260919T211933Z/reports/G0/checker-adversarial-fixtures/fixtures-b11-exact/g4-no-hosted-counterpart-manifest.json	dual-lane-evidence/G0/checker-adversarial-fixtures/fixtures-b11-exact/g4-no-hosted-counterpart-manifest.json	82116	344c26f7a944c7eb67307c55d09ed7a62f38fca3f466e8784cf51463910c72b9
evidence/github-first-dual-lane/updates/20260919T211933Z/reports/G0/checker-adversarial-fixtures/fixtures-b11-exact/g4-no-hosted-counterpart-snapshot.json	dual-lane-evidence/G0/checker-adversarial-fixtures/fixtures-b11-exact/g4-no-hosted-counterpart-snapshot.json	90144	19af7c546704bf775d17ab319c9a683e67b3bc21cdc7154b7fc8e953dde4dcdd
evidence/github-first-dual-lane/updates/20260919T211933Z/reports/G0/checker-adversarial-fixtures/fixtures-b11-exact/g5-fakehost-evidence.json	dual-lane-evidence/G0/checker-adversarial-fixtures/fixtures-b11-exact/g5-fakehost-evidence.json	120912	efa2a9b3f12b6b253484eea435d915fc3a01ca660142c1f7812c2b7443ef0dcb
evidence/github-first-dual-lane/updates/20260919T211933Z/reports/G0/checker-adversarial-fixtures/fixtures-b11-exact/g5-no-hosted-counterpart-evidence.json	dual-lane-evidence/G0/checker-adversarial-fixtures/fixtures-b11-exact/g5-no-hosted-counterpart-evidence.json	120720	fbdb96fc9b9e21044c5f481826a2c95f6d7254f6d8b0804eb05a3668e3a677dc
evidence/github-first-dual-lane/updates/20260919T211933Z/reports/G0/checker-adversarial-fixtures/fixtures-b11-exact/g6-dual-evidence.json	dual-lane-evidence/G0/checker-adversarial-fixtures/fixtures-b11-exact/g6-dual-evidence.json	257591	447eb966c7b5f605c7d193ce98de17a3289ac8451f9e2006723c26a6611265fe
evidence/github-first-dual-lane/updates/20260919T211933Z/reports/G0/checker-adversarial-fixtures/fixtures-b11-exact/g6-dual-manifest.json	dual-lane-evidence/G0/checker-adversarial-fixtures/fixtures-b11-exact/g6-dual-manifest.json	82116	d533f2fa9598ea3f0719319690d3bbfdb41e724b1bc215d8f5c350cfebb6aa24
evidence/github-first-dual-lane/updates/20260919T211933Z/reports/G0/checker-adversarial-fixtures/fixtures-b11-exact/g6-dual-snapshot.json	dual-lane-evidence/G0/checker-adversarial-fixtures/fixtures-b11-exact/g6-dual-snapshot.json	150666	96b665ec675e90f3a40802ff0a8ccc201ca580748a489afea850fb550a789eb8
evidence/github-first-dual-lane/updates/20260919T211933Z/reports/G0/checker-adversarial-fixtures/fixtures-b11-exact/g6-duplicate-publisher-evidence.json	dual-lane-evidence/G0/checker-adversarial-fixtures/fixtures-b11-exact/g6-duplicate-publisher-evidence.json	336375	00d18ff92717b09504750c8cafdf4db093ba5da08ea0c71e01537820823d5531
evidence/github-first-dual-lane/updates/20260919T211933Z/reports/G0/checker-adversarial-fixtures/fixtures-b11-exact/g6-duplicate-publisher-manifest.json	dual-lane-evidence/G0/checker-adversarial-fixtures/fixtures-b11-exact/g6-duplicate-publisher-manifest.json	81988	6b03d51b5b2a5f8f8354054980d19b280cd6397c378fe4eff5bbd14b71460daa
evidence/github-first-dual-lane/updates/20260919T211933Z/reports/G0/checker-adversarial-fixtures/fixtures-b11-exact/g6-lane-source-mismatch-evidence.json	dual-lane-evidence/G0/checker-adversarial-fixtures/fixtures-b11-exact/g6-lane-source-mismatch-evidence.json	257591	c951175d7f387c9723c1a9ac02b667e6e6d223ef257ba3ee225c6ae071db1c21
evidence/github-first-dual-lane/updates/20260919T211933Z/reports/G0/checker-adversarial-fixtures/fixtures-b11-exact/g6-lane-source-mismatch-snapshot.json	dual-lane-evidence/G0/checker-adversarial-fixtures/fixtures-b11-exact/g6-lane-source-mismatch-snapshot.json	150666	1de4111edec3032e88269039992c93206da962d49d41e1e5d572c7302766a189
evidence/github-first-dual-lane/updates/20260919T211933Z/reports/G0/checker-adversarial-fixtures/fixtures-b11-exact/g6-lane-workload-mismatch-evidence.json	dual-lane-evidence/G0/checker-adversarial-fixtures/fixtures-b11-exact/g6-lane-workload-mismatch-evidence.json	257655	95bad8268baf39cdff45297cec7c5c9ac788e29eb70a7bf62fbce3db4127cb7a
evidence/github-first-dual-lane/updates/20260919T211933Z/reports/G0/checker-adversarial-fixtures/fixtures-b11-exact/g6-lane-workload-mismatch-snapshot.json	dual-lane-evidence/G0/checker-adversarial-fixtures/fixtures-b11-exact/g6-lane-workload-mismatch-snapshot.json	150698	1eff4561b502ecf4718304fec09030f8187e09e7c909ba901c2a49117ed99f98
evidence/github-first-dual-lane/updates/20260919T211933Z/reports/G0/checker-adversarial-fixtures/fixtures-b11-exact/g6-role-coverage-missing-pr-evidence.json	dual-lane-evidence/G0/checker-adversarial-fixtures/fixtures-b11-exact/g6-role-coverage-missing-pr-evidence.json	257591	447eb966c7b5f605c7d193ce98de17a3289ac8451f9e2006723c26a6611265fe
evidence/github-first-dual-lane/updates/20260919T211933Z/reports/G0/checker-adversarial-fixtures/fixtures-b11-exact/g6-role-coverage-missing-pr-snapshot.json	dual-lane-evidence/G0/checker-adversarial-fixtures/fixtures-b11-exact/g6-role-coverage-missing-pr-snapshot.json	151237	53098288dab68ee07c3cc118c1f5e2e2ca7884e4166d223af3b7f7f66440a029
evidence/github-first-dual-lane/updates/20260919T211933Z/reports/G0/checker-adversarial-fixtures/fixtures-b11-exact/g7-self-review-evidence.json	dual-lane-evidence/G0/checker-adversarial-fixtures/fixtures-b11-exact/g7-self-review-evidence.json	258705	38f6c2824e649dd42832ef3e2ebb6e176a9d195e52c82f5e20b70ba9eb002d8a
evidence/github-first-dual-lane/updates/20260919T211933Z/reports/G0/checker-adversarial-fixtures/fixtures-b11/canonical-release-placeholder.json	dual-lane-evidence/G0/checker-adversarial-fixtures/fixtures-b11/canonical-release-placeholder.json	802	2a873717565332edf2e39687e60adc594234feec093d0ccdb884426e107e95fe
evidence/github-first-dual-lane/updates/20260919T211933Z/reports/G0/checker-adversarial-fixtures/fixtures-b11/g0-blocker-next-action.json	dual-lane-evidence/G0/checker-adversarial-fixtures/fixtures-b11/g0-blocker-next-action.json	80562	685526af5b732601f21284fccfa813ae291d4dd3e21a475fb6c12d1041f5fb0e
evidence/github-first-dual-lane/updates/20260919T211933Z/reports/G0/checker-adversarial-fixtures/fixtures-b11/g0-evidence.json	dual-lane-evidence/G0/checker-adversarial-fixtures/fixtures-b11/g0-evidence.json	80553	de685f343d601fbc6ffccca9a74804432d0cd87387ea9e0f7b4b8838904354d2
evidence/github-first-dual-lane/updates/20260919T211933Z/reports/G0/checker-adversarial-fixtures/fixtures-b11/g0-manifest.json	dual-lane-evidence/G0/checker-adversarial-fixtures/fixtures-b11/g0-manifest.json	67524	8d7fea2844380d001a73e9cd68f7acf93402502b743073084c2c6e2385afea48
evidence/github-first-dual-lane/updates/20260919T211933Z/reports/G0/checker-adversarial-fixtures/fixtures-b11/g0-old-flat-fleet.json	dual-lane-evidence/G0/checker-adversarial-fixtures/fixtures-b11/g0-old-flat-fleet.json	1476	723f1e5431c33412c63de66af9565393f19abaea64e394b64e6f79156ce5959c
evidence/github-first-dual-lane/updates/20260919T211933Z/reports/G0/checker-adversarial-fixtures/fixtures-b11/g0-positive-evidence.json	dual-lane-evidence/G0/checker-adversarial-fixtures/fixtures-b11/g0-positive-evidence.json	80553	de685f343d601fbc6ffccca9a74804432d0cd87387ea9e0f7b4b8838904354d2
evidence/github-first-dual-lane/updates/20260919T211933Z/reports/G0/checker-adversarial-fixtures/fixtures-b11/g0-positive-manifest.json	dual-lane-evidence/G0/checker-adversarial-fixtures/fixtures-b11/g0-positive-manifest.json	67524	8d7fea2844380d001a73e9cd68f7acf93402502b743073084c2c6e2385afea48
evidence/github-first-dual-lane/updates/20260919T211933Z/reports/G0/checker-adversarial-fixtures/fixtures-b11/g0-positive-snapshot.json	dual-lane-evidence/G0/checker-adversarial-fixtures/fixtures-b11/g0-positive-snapshot.json	29614	c1ba1d15876acbd48c5e3cc1fb4ff420df2c641bc59a650489ea42069c369720
evidence/github-first-dual-lane/updates/20260919T211933Z/reports/G0/checker-adversarial-fixtures/fixtures-b11/g0-snapshot.json	dual-lane-evidence/G0/checker-adversarial-fixtures/fixtures-b11/g0-snapshot.json	29614	c1ba1d15876acbd48c5e3cc1fb4ff420df2c641bc59a650489ea42069c369720
evidence/github-first-dual-lane/updates/20260919T211933Z/reports/G0/checker-adversarial-fixtures/fixtures-b11/g0-substituted-name.json	dual-lane-evidence/G0/checker-adversarial-fixtures/fixtures-b11/g0-substituted-name.json	67536	ec949e427f75f3433c3e6cf40d215b95a45289d9f2c152810ecf36d93ae2d44e
evidence/github-first-dual-lane/updates/20260919T211933Z/reports/G0/checker-adversarial-fixtures/fixtures-b11/g0-third-provider-manifest.json	dual-lane-evidence/G0/checker-adversarial-fixtures/fixtures-b11/g0-third-provider-manifest.json	67564	611e57b8ac240b820bbfa73e1d157c0f74edae69c26dc321762a2e68fe177961
evidence/github-first-dual-lane/updates/20260919T211933Z/reports/G0/checker-adversarial-fixtures/fixtures-b11/g0-third-provider-record.json	dual-lane-evidence/G0/checker-adversarial-fixtures/fixtures-b11/g0-third-provider-record.json	80555	1bc9e4c1eb81f253dabad787d534cae42752953c1b4400f43e7c927a3fd06789
evidence/github-first-dual-lane/updates/20260919T211933Z/reports/G0/checker-adversarial-fixtures/fixtures-b11/g0-unknown-evidence-field.json	dual-lane-evidence/G0/checker-adversarial-fixtures/fixtures-b11/g0-unknown-evidence-field.json	80577	9fb0d5758f39e35c8f4309033aaa408b03635db6d2382a61e07571a1950d834a
evidence/github-first-dual-lane/updates/20260919T211933Z/reports/G0/checker-adversarial-fixtures/fixtures-b11/g0-unknown-manifest-field.json	dual-lane-evidence/G0/checker-adversarial-fixtures/fixtures-b11/g0-unknown-manifest-field.json	67548	67c787bcd75003c0eaa451d3a66e32b8ebe5b1b43601381bc09e03ae5ea45c52
evidence/github-first-dual-lane/updates/20260919T211933Z/reports/G0/checker-adversarial-fixtures/fixtures-b11/g0-unknown-snapshot-field.json	dual-lane-evidence/G0/checker-adversarial-fixtures/fixtures-b11/g0-unknown-snapshot-field.json	29638	059a8b8f1ba2b1c5672f49c56ed9a1216f3652e67a9010ab13102deb17cc8fc7
evidence/github-first-dual-lane/updates/20260919T211933Z/reports/G0/checker-adversarial-fixtures/fixtures-b11/g0-uppercase-applicability.json	dual-lane-evidence/G0/checker-adversarial-fixtures/fixtures-b11/g0-uppercase-applicability.json	67512	4bc94010777a00fd259ec7bea068f48068f79824992d3ec57be60ef49d1ec032
evidence/github-first-dual-lane/updates/20260919T211933Z/reports/G0/checker-adversarial-fixtures/fixtures-b11/g0-uppercase-eligibility.json	dual-lane-evidence/G0/checker-adversarial-fixtures/fixtures-b11/g0-uppercase-eligibility.json	67522	a07afcda2edea4b79566c3af03f484675b5a8f6949499ef953b29d6d9ca347ee
evidence/github-first-dual-lane/updates/20260919T211933Z/reports/G0/checker-adversarial-fixtures/fixtures-b11/g1-cancelled-run-evidence.json	dual-lane-evidence/G0/checker-adversarial-fixtures/fixtures-b11/g1-cancelled-run-evidence.json	109443	9d3dd747604660dc221d4be6b01426f2b1b15b7c113eb476243b4174101fe835
evidence/github-first-dual-lane/updates/20260919T211933Z/reports/G0/checker-adversarial-fixtures/fixtures-b11/g1-cancelled-run-snapshot.json	dual-lane-evidence/G0/checker-adversarial-fixtures/fixtures-b11/g1-cancelled-run-snapshot.json	89875	031071f8c33936fea09896f634f9a3961f50cf29c937b87880ee92d650ce68b3
evidence/github-first-dual-lane/updates/20260919T211933Z/reports/G0/checker-adversarial-fixtures/fixtures-b11/g1-child-complete-evidence.json	dual-lane-evidence/G0/checker-adversarial-fixtures/fixtures-b11/g1-child-complete-evidence.json	110026	bd2e76898ae3e46a42c42a9f753907052605d6c9e415b3b5885517d722519e60
evidence/github-first-dual-lane/updates/20260919T211933Z/reports/G0/checker-adversarial-fixtures/fixtures-b11/g1-child-complete-snapshot.json	dual-lane-evidence/G0/checker-adversarial-fixtures/fixtures-b11/g1-child-complete-snapshot.json	90366	32c037616357d6af2cc189a3a0bdb94e3802373a223cafd83db0e441ed1e3757
evidence/github-first-dual-lane/updates/20260919T211933Z/reports/G0/checker-adversarial-fixtures/fixtures-b11/g1-child-evilprovider-evidence.json	dual-lane-evidence/G0/checker-adversarial-fixtures/fixtures-b11/g1-child-evilprovider-evidence.json	109864	671e03899d2679de86c7d05b09a684ae83844eb48cb4ec06f46047778cb2313b
evidence/github-first-dual-lane/updates/20260919T211933Z/reports/G0/checker-adversarial-fixtures/fixtures-b11/g1-child-evilprovider-snapshot.json	dual-lane-evidence/G0/checker-adversarial-fixtures/fixtures-b11/g1-child-evilprovider-snapshot.json	90355	004326b54c84d6fb5b8548d57fe97a6f5970737f17a41d69aa8076f8f5f98d9b
evidence/github-first-dual-lane/updates/20260919T211933Z/reports/G0/checker-adversarial-fixtures/fixtures-b11/g1-child-manifest.json	dual-lane-evidence/G0/checker-adversarial-fixtures/fixtures-b11/g1-child-manifest.json	67675	376dc0c7c5823fc21731bf5f340959724f6a369518ff5f547d17797ee56cbd4f
evidence/github-first-dual-lane/updates/20260919T211933Z/reports/G0/checker-adversarial-fixtures/fixtures-b11/g1-child-obligation-erased-evidence.json	dual-lane-evidence/G0/checker-adversarial-fixtures/fixtures-b11/g1-child-obligation-erased-evidence.json	109875	69c445c35bb21c19902998d441d99bdec2b36756b7601f4dc64a637a4bd20479
evidence/github-first-dual-lane/updates/20260919T211933Z/reports/G0/checker-adversarial-fixtures/fixtures-b11/g1-child-wrongevent-evidence.json	dual-lane-evidence/G0/checker-adversarial-fixtures/fixtures-b11/g1-child-wrongevent-evidence.json	109867	c7a27d787b94ef9be51842120de48e21bb104bb96fe810885db49fb31b6201fc
evidence/github-first-dual-lane/updates/20260919T211933Z/reports/G0/checker-adversarial-fixtures/fixtures-b11/g1-child-wrongevent-snapshot.json	dual-lane-evidence/G0/checker-adversarial-fixtures/fixtures-b11/g1-child-wrongevent-snapshot.json	90358	d270c92ba6c7acf680c36eb27433743235ca9761036bf890ddff1fdedf6c16ac
evidence/github-first-dual-lane/updates/20260919T211933Z/reports/G0/checker-adversarial-fixtures/fixtures-b11/g1-duplicate-job-id.json	dual-lane-evidence/G0/checker-adversarial-fixtures/fixtures-b11/g1-duplicate-job-id.json	109396	4b454256bbb36bc82bca714524ca19a826f8668c69bd0cc004bcd403f037a5dc
evidence/github-first-dual-lane/updates/20260919T211933Z/reports/G0/checker-adversarial-fixtures/fixtures-b11/g1-empty-logs.json	dual-lane-evidence/G0/checker-adversarial-fixtures/fixtures-b11/g1-empty-logs.json	109302	4e925ea0dcb320a3c255d16c760e12418f46a2ef106e92bd21377a141b49bb56
evidence/github-first-dual-lane/updates/20260919T211933Z/reports/G0/checker-adversarial-fixtures/fixtures-b11/g1-evidence.json	dual-lane-evidence/G0/checker-adversarial-fixtures/fixtures-b11/g1-evidence.json	109379	faa7a9a137734be0c2f913b81fad03bc8a538ce975ac430b9f57d6dfbda1976a
evidence/github-first-dual-lane/updates/20260919T211933Z/reports/G0/checker-adversarial-fixtures/fixtures-b11/g1-evil-check-evidence.json	dual-lane-evidence/G0/checker-adversarial-fixtures/fixtures-b11/g1-evil-check-evidence.json	108605	2fc6be75f8fe56580399eb854b1530c0c26d3cf858634e3fb9acaf8440c7a5d8
evidence/github-first-dual-lane/updates/20260919T211933Z/reports/G0/checker-adversarial-fixtures/fixtures-b11/g1-evil-check-snapshot.json	dual-lane-evidence/G0/checker-adversarial-fixtures/fixtures-b11/g1-evil-check-snapshot.json	89037	57a81a3265b370fd8a52666e998fee8203d7685ab6562523c5233463d0fc23ec
evidence/github-first-dual-lane/updates/20260919T211933Z/reports/G0/checker-adversarial-fixtures/fixtures-b11/g1-evil-log-evidence.json	dual-lane-evidence/G0/checker-adversarial-fixtures/fixtures-b11/g1-evil-log-evidence.json	108134	35d28c5869619370890a788ffe68e8fb975fc25b88f4e2c0a47f382a46a2627f
evidence/github-first-dual-lane/updates/20260919T211933Z/reports/G0/checker-adversarial-fixtures/fixtures-b11/g1-evil-runurl-evidence.json	dual-lane-evidence/G0/checker-adversarial-fixtures/fixtures-b11/g1-evil-runurl-evidence.json	108573	08cdb48f5f3644f4e09dd0795f72b1feb115626c5a6ceeaee049c50cf71e533c
evidence/github-first-dual-lane/updates/20260919T211933Z/reports/G0/checker-adversarial-fixtures/fixtures-b11/g1-evil-runurl-snapshot.json	dual-lane-evidence/G0/checker-adversarial-fixtures/fixtures-b11/g1-evil-runurl-snapshot.json	89005	643c48b0d6a13fedcef538239ab5d7a3c14c115eb766753e4c52fa914c919722
evidence/github-first-dual-lane/updates/20260919T211933Z/reports/G0/checker-adversarial-fixtures/fixtures-b11/g1-extra-job-id.json	dual-lane-evidence/G0/checker-adversarial-fixtures/fixtures-b11/g1-extra-job-id.json	109400	d2d0048638186b16f6d30a163f0c4db4a0c65464b660eec941cd6fbcd580c8ee
evidence/github-first-dual-lane/updates/20260919T211933Z/reports/G0/checker-adversarial-fixtures/fixtures-b11/g1-flat-install-alias-different.json	dual-lane-evidence/G0/checker-adversarial-fixtures/fixtures-b11/g1-flat-install-alias-different.json	109634	923f1b2696a1c83a8978390e8f71e7b5b7d8bbc7db27be0c8836960d209eb826
evidence/github-first-dual-lane/updates/20260919T211933Z/reports/G0/checker-adversarial-fixtures/fixtures-b11/g1-flat-install-alias.json	dual-lane-evidence/G0/checker-adversarial-fixtures/fixtures-b11/g1-flat-install-alias.json	109634	2acbd8da0a7eaeeeee21235d69956ef24b33f07ab34380b0c7196b491f3a8aa5
evidence/github-first-dual-lane/updates/20260919T211933Z/reports/G0/checker-adversarial-fixtures/fixtures-b11/g1-flat-release-alias-different.json	dual-lane-evidence/G0/checker-adversarial-fixtures/fixtures-b11/g1-flat-release-alias-different.json	109519	d3d828db9dad9c60b8a3da261f27ab336841e4ea7621cd85515d0edea647177a
evidence/github-first-dual-lane/updates/20260919T211933Z/reports/G0/checker-adversarial-fixtures/fixtures-b11/g1-flat-release-alias.json	dual-lane-evidence/G0/checker-adversarial-fixtures/fixtures-b11/g1-flat-release-alias.json	109518	c510b31f327504b4952c496fd86f95be3c333752012295b047c1e1fbeab95eae
evidence/github-first-dual-lane/updates/20260919T211933Z/reports/G0/checker-adversarial-fixtures/fixtures-b11/g1-github-fake-velnor-host-evidence.json	dual-lane-evidence/G0/checker-adversarial-fixtures/fixtures-b11/g1-github-fake-velnor-host-evidence.json	108972	19e80645bc82932bc055044f93c9ad32f8f24d6340d00e05f32b90830ba48530
evidence/github-first-dual-lane/updates/20260919T211933Z/reports/G0/checker-adversarial-fixtures/fixtures-b11/g1-github-fake-velnor-host-snapshot.json	dual-lane-evidence/G0/checker-adversarial-fixtures/fixtures-b11/g1-github-fake-velnor-host-snapshot.json	88997	5950694446b256e9e874c3fcdb6e23901ccb1867f1c23362ef4d7e79f3fa436f
evidence/github-first-dual-lane/updates/20260919T211933Z/reports/G0/checker-adversarial-fixtures/fixtures-b11/g1-malformed-logs.json	dual-lane-evidence/G0/checker-adversarial-fixtures/fixtures-b11/g1-malformed-logs.json	109329	2962715d261fef64c1b9de187a4b7db9f9c680392935373adffcbd759361c738
evidence/github-first-dual-lane/updates/20260919T211933Z/reports/G0/checker-adversarial-fixtures/fixtures-b11/g1-manifest.json	dual-lane-evidence/G0/checker-adversarial-fixtures/fixtures-b11/g1-manifest.json	67524	8d7fea2844380d001a73e9cd68f7acf93402502b743073084c2c6e2385afea48
evidence/github-first-dual-lane/updates/20260919T211933Z/reports/G0/checker-adversarial-fixtures/fixtures-b11/g1-manual-dispatch-evidence.json	dual-lane-evidence/G0/checker-adversarial-fixtures/fixtures-b11/g1-manual-dispatch-evidence.json	110211	e66600739c956cf66e7ebe3f3198e4425c72a288150d26a3ff7e493ea5d24355
evidence/github-first-dual-lane/updates/20260919T211933Z/reports/G0/checker-adversarial-fixtures/fixtures-b11/g1-manual-dispatch-snapshot.json	dual-lane-evidence/G0/checker-adversarial-fixtures/fixtures-b11/g1-manual-dispatch-snapshot.json	91059	265bd2ced879ce0a07af5e4551ccfad15f2945f27abe5aa0a26935c520e68a12
evidence/github-first-dual-lane/updates/20260919T211933Z/reports/G0/checker-adversarial-fixtures/fixtures-b11/g1-pin-mismatch-evidence.json	dual-lane-evidence/G0/checker-adversarial-fixtures/fixtures-b11/g1-pin-mismatch-evidence.json	109386	88f7fdd9b12490a61a7d4adc6e8f7ae3bf8548d3ff131d7286c907eb17039f85
evidence/github-first-dual-lane/updates/20260919T211933Z/reports/G0/checker-adversarial-fixtures/fixtures-b11/g1-pin-omission-evidence.json	dual-lane-evidence/G0/checker-adversarial-fixtures/fixtures-b11/g1-pin-omission-evidence.json	108944	8d953e1cfe099cf3211ad9bfdebe9c638feabea6799fc590bc51ec4728f59f1a
evidence/github-first-dual-lane/updates/20260919T211933Z/reports/G0/checker-adversarial-fixtures/fixtures-b11/g1-pr-missing-postmerge-evidence.json	dual-lane-evidence/G0/checker-adversarial-fixtures/fixtures-b11/g1-pr-missing-postmerge-evidence.json	112881	796a3a94a896f71b9a6caf26181b8cb591464fc720dc4a30cd66247facd57494
evidence/github-first-dual-lane/updates/20260919T211933Z/reports/G0/checker-adversarial-fixtures/fixtures-b11/g1-pr-missing-postmerge-snapshot.json	dual-lane-evidence/G0/checker-adversarial-fixtures/fixtures-b11/g1-pr-missing-postmerge-snapshot.json	92433	64f480eddb66fa315583ac8d0965fcf35dbb10ab074a1033980e1214a7b6e248
evidence/github-first-dual-lane/updates/20260919T211933Z/reports/G0/checker-adversarial-fixtures/fixtures-b11/g1-pr-positive-evidence.json	dual-lane-evidence/G0/checker-adversarial-fixtures/fixtures-b11/g1-pr-positive-evidence.json	112881	796a3a94a896f71b9a6caf26181b8cb591464fc720dc4a30cd66247facd57494
evidence/github-first-dual-lane/updates/20260919T211933Z/reports/G0/checker-adversarial-fixtures/fixtures-b11/g1-pr-positive-snapshot.json	dual-lane-evidence/G0/checker-adversarial-fixtures/fixtures-b11/g1-pr-positive-snapshot.json	92471	140fbf69aecb78a26f49d80b1dbf3c229a18deb17b85c7f9a2156a561ee79cd1
evidence/github-first-dual-lane/updates/20260919T211933Z/reports/G0/checker-adversarial-fixtures/fixtures-b11/g1-pr-wrong-base-evidence.json	dual-lane-evidence/G0/checker-adversarial-fixtures/fixtures-b11/g1-pr-wrong-base-evidence.json	112881	af24821027e251c051fc2069e57107d5d2e9d00d247926efe2d5a4c51917b343
evidence/github-first-dual-lane/updates/20260919T211933Z/reports/G0/checker-adversarial-fixtures/fixtures-b11/g1-pr-wrong-head-evidence.json	dual-lane-evidence/G0/checker-adversarial-fixtures/fixtures-b11/g1-pr-wrong-head-evidence.json	112881	d4ee54bd4ed3a004f7e114b3721180b495003118658d3651c80eb1567bec17ce
evidence/github-first-dual-lane/updates/20260919T211933Z/reports/G0/checker-adversarial-fixtures/fixtures-b11/g1-pr-wrong-merge-evidence.json	dual-lane-evidence/G0/checker-adversarial-fixtures/fixtures-b11/g1-pr-wrong-merge-evidence.json	112881	8cf950321cbfbdf4c9e6abfdd0e4c5b7e945688589329698dff983b6cb47f014
evidence/github-first-dual-lane/updates/20260919T211933Z/reports/G0/checker-adversarial-fixtures/fixtures-b11/g1-queued-run-evidence.json	dual-lane-evidence/G0/checker-adversarial-fixtures/fixtures-b11/g1-queued-run-evidence.json	109283	1f53ba2b925524519fc8c54cf60ed0257f88038ddacec276198682d7057512ab
evidence/github-first-dual-lane/updates/20260919T211933Z/reports/G0/checker-adversarial-fixtures/fixtures-b11/g1-queued-run-snapshot.json	dual-lane-evidence/G0/checker-adversarial-fixtures/fixtures-b11/g1-queued-run-snapshot.json	89715	44cbc6747ee02d4c85fc80315c55a056fd5c8ccb9bf1e7ecbeb37c9ffeacbea6
evidence/github-first-dual-lane/updates/20260919T211933Z/reports/G0/checker-adversarial-fixtures/fixtures-b11/g1-renamed-job-snapshot.json	dual-lane-evidence/G0/checker-adversarial-fixtures/fixtures-b11/g1-renamed-job-snapshot.json	89809	bceb95d44d752b022b1319efc3d18c048d484e9b648d602c0c0f4c216fb89bc6
evidence/github-first-dual-lane/updates/20260919T211933Z/reports/G0/checker-adversarial-fixtures/fixtures-b11/g1-role-coverage-missing-pr-evidence.json	dual-lane-evidence/G0/checker-adversarial-fixtures/fixtures-b11/g1-role-coverage-missing-pr-evidence.json	109379	faa7a9a137734be0c2f913b81fad03bc8a538ce975ac430b9f57d6dfbda1976a
evidence/github-first-dual-lane/updates/20260919T211933Z/reports/G0/checker-adversarial-fixtures/fixtures-b11/g1-role-coverage-missing-pr-snapshot.json	dual-lane-evidence/G0/checker-adversarial-fixtures/fixtures-b11/g1-role-coverage-missing-pr-snapshot.json	106867	45cd7b720f194df2c90e48ac01027d3553e9580e85c6437ff91b67477e9889a4
evidence/github-first-dual-lane/updates/20260919T211933Z/reports/G0/checker-adversarial-fixtures/fixtures-b11/g1-snapshot.json	dual-lane-evidence/G0/checker-adversarial-fixtures/fixtures-b11/g1-snapshot.json	89811	ef633ecd47fe3674658831db8167a97e93f2af570930a964e39b4d0b6f06d00e
evidence/github-first-dual-lane/updates/20260919T211933Z/reports/G0/checker-adversarial-fixtures/fixtures-b11/g1-stale-self-matching-evidence.json	dual-lane-evidence/G0/checker-adversarial-fixtures/fixtures-b11/g1-stale-self-matching-evidence.json	109379	e32f840371477e7f37e4f0afa36740b94621585c2e10f5ed9ea517ddde87937e
evidence/github-first-dual-lane/updates/20260919T211933Z/reports/G0/checker-adversarial-fixtures/fixtures-b11/g1-stale-self-matching-snapshot.json	dual-lane-evidence/G0/checker-adversarial-fixtures/fixtures-b11/g1-stale-self-matching-snapshot.json	89811	974177bf1a3e9e4ee3ec4d6c931cdb398f2a9bbdb724e7536310a5990d5efa8a
evidence/github-first-dual-lane/updates/20260919T211933Z/reports/G0/checker-adversarial-fixtures/fixtures-b11/g1-substituted-name.json	dual-lane-evidence/G0/checker-adversarial-fixtures/fixtures-b11/g1-substituted-name.json	67536	ec949e427f75f3433c3e6cf40d215b95a45289d9f2c152810ecf36d93ae2d44e
evidence/github-first-dual-lane/updates/20260919T211933Z/reports/G0/checker-adversarial-fixtures/fixtures-b11/g1-third-provider-evidence.json	dual-lane-evidence/G0/checker-adversarial-fixtures/fixtures-b11/g1-third-provider-evidence.json	110499	99b4ead959b509e0ec1164a190ded28cafbe084e10d2cb0619ffb68b8c0c954a
evidence/github-first-dual-lane/updates/20260919T211933Z/reports/G0/checker-adversarial-fixtures/fixtures-b11/g1-third-provider-manifest.json	dual-lane-evidence/G0/checker-adversarial-fixtures/fixtures-b11/g1-third-provider-manifest.json	68644	927219d84cdc4344293fb5456254b354257603974ddd24ff8c2cf8441a92c63d
evidence/github-first-dual-lane/updates/20260919T211933Z/reports/G0/checker-adversarial-fixtures/fixtures-b11/g1-two-job-evidence.json	dual-lane-evidence/G0/checker-adversarial-fixtures/fixtures-b11/g1-two-job-evidence.json	131310	70cc94e5f19842dd67ac14b5e79ea8967173ee269e50fca7965c9105df62eed3
evidence/github-first-dual-lane/updates/20260919T211933Z/reports/G0/checker-adversarial-fixtures/fixtures-b11/g1-two-job-manifest.json	dual-lane-evidence/G0/checker-adversarial-fixtures/fixtures-b11/g1-two-job-manifest.json	77828	4f84197cb96f73d2dab6feb5368ac54c354b0b4a1234f3b448af21d78e6a7921
evidence/github-first-dual-lane/updates/20260919T211933Z/reports/G0/checker-adversarial-fixtures/fixtures-b11/g1-two-job-omitted-record.json	dual-lane-evidence/G0/checker-adversarial-fixtures/fixtures-b11/g1-two-job-omitted-record.json	109379	faa7a9a137734be0c2f913b81fad03bc8a538ce975ac430b9f57d6dfbda1976a
evidence/github-first-dual-lane/updates/20260919T211933Z/reports/G0/checker-adversarial-fixtures/fixtures-b11/g1-two-job-snapshot.json	dual-lane-evidence/G0/checker-adversarial-fixtures/fixtures-b11/g1-two-job-snapshot.json	125147	cfd21e137493ed5595ce72ed9fea2be2643cdfc929724b1988e335dd6e4764d3
evidence/github-first-dual-lane/updates/20260919T211933Z/reports/G0/checker-adversarial-fixtures/fixtures-b11/g1-unassociated-manual-success-evidence.json	dual-lane-evidence/G0/checker-adversarial-fixtures/fixtures-b11/g1-unassociated-manual-success-evidence.json	109795	89da5dafcba863d50a5488e307f42976f33019aed1f214a8bed4bc86e499ced8
evidence/github-first-dual-lane/updates/20260919T211933Z/reports/G0/checker-adversarial-fixtures/fixtures-b11/g1-unassociated-manual-success-snapshot.json	dual-lane-evidence/G0/checker-adversarial-fixtures/fixtures-b11/g1-unassociated-manual-success-snapshot.json	90227	1f9bdac833af7d02e0b66415eafd7fded6109f9f06996b5c04ae0f870163514e
evidence/github-first-dual-lane/updates/20260919T211933Z/reports/G0/checker-adversarial-fixtures/fixtures-b11/g1-unknown-status-evidence.json	dual-lane-evidence/G0/checker-adversarial-fixtures/fixtures-b11/g1-unknown-status-evidence.json	109315	f6cbb12ee325400ed372f710a9efe5b7c7a6e7c96b7454e41b8f64ede5541ddd
evidence/github-first-dual-lane/updates/20260919T211933Z/reports/G0/checker-adversarial-fixtures/fixtures-b11/g1-unknown-status-snapshot.json	dual-lane-evidence/G0/checker-adversarial-fixtures/fixtures-b11/g1-unknown-status-snapshot.json	89747	d9e15825a9f708ea6077896ccc0ad6dd7ee7a0be0b899d6c789062d239e3f5ac
evidence/github-first-dual-lane/updates/20260919T211933Z/reports/G0/checker-adversarial-fixtures/fixtures-b11/g1-unknown-trust-evidence.json	dual-lane-evidence/G0/checker-adversarial-fixtures/fixtures-b11/g1-unknown-trust-evidence.json	109187	bfb84d8ef3cd489122898dd88bfcc426d7975692374de55601464b1206cba3cd
evidence/github-first-dual-lane/updates/20260919T211933Z/reports/G0/checker-adversarial-fixtures/fixtures-b11/g1-unknown-trust-snapshot.json	dual-lane-evidence/G0/checker-adversarial-fixtures/fixtures-b11/g1-unknown-trust-snapshot.json	89619	ee3b63e9468f3a952059fb99983f67cc73717d40f249b4c02e5b86277083abb8
evidence/github-first-dual-lane/updates/20260919T211933Z/reports/G0/checker-adversarial-fixtures/fixtures-b11/g1-workflow-run-producer-evidence.json	dual-lane-evidence/G0/checker-adversarial-fixtures/fixtures-b11/g1-workflow-run-producer-evidence.json	109891	255ad230a27e6ccc48ebde0fb838ab9aff09dc2f6672c6f3234d73ab412e2ffc
evidence/github-first-dual-lane/updates/20260919T211933Z/reports/G0/checker-adversarial-fixtures/fixtures-b11/g1-workflow-run-producer-snapshot.json	dual-lane-evidence/G0/checker-adversarial-fixtures/fixtures-b11/g1-workflow-run-producer-snapshot.json	90579	b7c284ac6aeb48df2cae1d964f614ab9235ff047483ab32c22c332e92c2cfe66
evidence/github-first-dual-lane/updates/20260919T211933Z/reports/G0/checker-adversarial-fixtures/fixtures-b11/g2-waived-applicable-evidence.json	dual-lane-evidence/G0/checker-adversarial-fixtures/fixtures-b11/g2-waived-applicable-evidence.json	120803	67b39a87830e0b647bd1fc0cbf2510fe515fe2bfbfb6c9d1802a35ba410be5cf
evidence/github-first-dual-lane/updates/20260919T211933Z/reports/G0/checker-adversarial-fixtures/fixtures-b11/g2-waived-applicable-manifest.json	dual-lane-evidence/G0/checker-adversarial-fixtures/fixtures-b11/g2-waived-applicable-manifest.json	67396	27ceb12579da84467f2c03185767ed2ca0f876f456dd0f4726ae6a8157085792
evidence/github-first-dual-lane/updates/20260919T211933Z/reports/G0/checker-adversarial-fixtures/fixtures-b11/g4-empty-host-id.json	dual-lane-evidence/G0/checker-adversarial-fixtures/fixtures-b11/g4-empty-host-id.json	122211	0f2243cd1699bbcc53793a806388e698c25f89ac0fcb2168de7281a1df67052c
evidence/github-first-dual-lane/updates/20260919T211933Z/reports/G0/checker-adversarial-fixtures/fixtures-b11/g4-fakehost-evidence-release-shape.json	dual-lane-evidence/G0/checker-adversarial-fixtures/fixtures-b11/g4-fakehost-evidence-release-shape.json	122224	37083ec86c5e7e7fac4ea6b1501fbff005f96eb2bb75a57df0853178bd099965
evidence/github-first-dual-lane/updates/20260919T211933Z/reports/G0/checker-adversarial-fixtures/fixtures-b11/g4-fakehost-evidence.json	dual-lane-evidence/G0/checker-adversarial-fixtures/fixtures-b11/g4-fakehost-evidence.json	109648	9acbae34bb2bfd2ce9a8cc095b9abe920e10f8ab6e9ecc79a35de0af30e76017
evidence/github-first-dual-lane/updates/20260919T211933Z/reports/G0/checker-adversarial-fixtures/fixtures-b11/g4-fakehost-manifest.json	dual-lane-evidence/G0/checker-adversarial-fixtures/fixtures-b11/g4-fakehost-manifest.json	68804	5d0794d97275fd78fe8ebb97c9dbce7632047272743de84e8f09400921ec0a87
evidence/github-first-dual-lane/updates/20260919T211933Z/reports/G0/checker-adversarial-fixtures/fixtures-b11/g4-fakehost-snapshot.json	dual-lane-evidence/G0/checker-adversarial-fixtures/fixtures-b11/g4-fakehost-snapshot.json	90144	19af7c546704bf775d17ab319c9a683e67b3bc21cdc7154b7fc8e953dde4dcdd
evidence/github-first-dual-lane/updates/20260919T211933Z/reports/G0/checker-adversarial-fixtures/fixtures-b11/g4-host-contract-mismatch.json	dual-lane-evidence/G0/checker-adversarial-fixtures/fixtures-b11/g4-host-contract-mismatch.json	68808	731ed9990c9d8709f546bb4d9bf15453ceac7ee4e4bdce341aefa57072f85aac
evidence/github-first-dual-lane/updates/20260919T211933Z/reports/G0/checker-adversarial-fixtures/fixtures-b11/g4-no-hosted-counterpart-evidence.json	dual-lane-evidence/G0/checker-adversarial-fixtures/fixtures-b11/g4-no-hosted-counterpart-evidence.json	122032	3acccf5efa15f264cee816c48737ef4b38785fc66c587d9d7b60f7d326b693d0
evidence/github-first-dual-lane/updates/20260919T211933Z/reports/G0/checker-adversarial-fixtures/fixtures-b11/g4-no-hosted-counterpart-manifest.json	dual-lane-evidence/G0/checker-adversarial-fixtures/fixtures-b11/g4-no-hosted-counterpart-manifest.json	82116	344c26f7a944c7eb67307c55d09ed7a62f38fca3f466e8784cf51463910c72b9
evidence/github-first-dual-lane/updates/20260919T211933Z/reports/G0/checker-adversarial-fixtures/fixtures-b11/g4-no-hosted-counterpart-snapshot.json	dual-lane-evidence/G0/checker-adversarial-fixtures/fixtures-b11/g4-no-hosted-counterpart-snapshot.json	90144	19af7c546704bf775d17ab319c9a683e67b3bc21cdc7154b7fc8e953dde4dcdd
evidence/github-first-dual-lane/updates/20260919T211933Z/reports/G0/checker-adversarial-fixtures/fixtures-b11/g5-fakehost-evidence.json	dual-lane-evidence/G0/checker-adversarial-fixtures/fixtures-b11/g5-fakehost-evidence.json	122224	f6184a7f73295e3c4fea0bbf5ba3899c8920d8fe708cd64c51e558ae356de894
evidence/github-first-dual-lane/updates/20260919T211933Z/reports/G0/checker-adversarial-fixtures/fixtures-b11/g5-no-hosted-counterpart-evidence.json	dual-lane-evidence/G0/checker-adversarial-fixtures/fixtures-b11/g5-no-hosted-counterpart-evidence.json	122032	3acccf5efa15f264cee816c48737ef4b38785fc66c587d9d7b60f7d326b693d0
evidence/github-first-dual-lane/updates/20260919T211933Z/reports/G0/checker-adversarial-fixtures/fixtures-b11/g6-dual-evidence.json	dual-lane-evidence/G0/checker-adversarial-fixtures/fixtures-b11/g6-dual-evidence.json	260215	6c8cfc3130dd883a3208669c448bf205755f86801a5a646aa4fbc5d9d50c9bdb
evidence/github-first-dual-lane/updates/20260919T211933Z/reports/G0/checker-adversarial-fixtures/fixtures-b11/g6-dual-manifest.json	dual-lane-evidence/G0/checker-adversarial-fixtures/fixtures-b11/g6-dual-manifest.json	82116	d533f2fa9598ea3f0719319690d3bbfdb41e724b1bc215d8f5c350cfebb6aa24
evidence/github-first-dual-lane/updates/20260919T211933Z/reports/G0/checker-adversarial-fixtures/fixtures-b11/g6-dual-snapshot.json	dual-lane-evidence/G0/checker-adversarial-fixtures/fixtures-b11/g6-dual-snapshot.json	150666	96b665ec675e90f3a40802ff0a8ccc201ca580748a489afea850fb550a789eb8
evidence/github-first-dual-lane/updates/20260919T211933Z/reports/G0/checker-adversarial-fixtures/fixtures-b11/g6-duplicate-publisher-evidence.json	dual-lane-evidence/G0/checker-adversarial-fixtures/fixtures-b11/g6-duplicate-publisher-evidence.json	338999	4026c1f48ca519d13eff2ce0602c7900e392018629ca3e092d437e5c82c46f4d
evidence/github-first-dual-lane/updates/20260919T211933Z/reports/G0/checker-adversarial-fixtures/fixtures-b11/g6-duplicate-publisher-manifest.json	dual-lane-evidence/G0/checker-adversarial-fixtures/fixtures-b11/g6-duplicate-publisher-manifest.json	81988	6b03d51b5b2a5f8f8354054980d19b280cd6397c378fe4eff5bbd14b71460daa
evidence/github-first-dual-lane/updates/20260919T211933Z/reports/G0/checker-adversarial-fixtures/fixtures-b11/g6-lane-source-mismatch-evidence.json	dual-lane-evidence/G0/checker-adversarial-fixtures/fixtures-b11/g6-lane-source-mismatch-evidence.json	260215	61a8d0464ae5a6b8952234fd82d83c7d366e9fb074100ed38648a8148155552f
evidence/github-first-dual-lane/updates/20260919T211933Z/reports/G0/checker-adversarial-fixtures/fixtures-b11/g6-lane-source-mismatch-snapshot.json	dual-lane-evidence/G0/checker-adversarial-fixtures/fixtures-b11/g6-lane-source-mismatch-snapshot.json	150666	1de4111edec3032e88269039992c93206da962d49d41e1e5d572c7302766a189
evidence/github-first-dual-lane/updates/20260919T211933Z/reports/G0/checker-adversarial-fixtures/fixtures-b11/g6-lane-workload-mismatch-evidence.json	dual-lane-evidence/G0/checker-adversarial-fixtures/fixtures-b11/g6-lane-workload-mismatch-evidence.json	260279	0597e07153e5cf7f84868c6c128cf605cdc44bab3f06c29abf02ae7d26e27881
evidence/github-first-dual-lane/updates/20260919T211933Z/reports/G0/checker-adversarial-fixtures/fixtures-b11/g6-lane-workload-mismatch-snapshot.json	dual-lane-evidence/G0/checker-adversarial-fixtures/fixtures-b11/g6-lane-workload-mismatch-snapshot.json	150698	1eff4561b502ecf4718304fec09030f8187e09e7c909ba901c2a49117ed99f98
evidence/github-first-dual-lane/updates/20260919T211933Z/reports/G0/checker-adversarial-fixtures/fixtures-b11/g7-self-review-evidence.json	dual-lane-evidence/G0/checker-adversarial-fixtures/fixtures-b11/g7-self-review-evidence.json	261845	e8a2cf36a3b721b998a91b6c72aae359f94b53d4c016a84e53cf59b9604062f2
evidence/github-first-dual-lane/updates/20260919T211933Z/reports/G0/checker-adversarial-fixtures/fixtures/g1-cancelled-run-evidence.json	dual-lane-evidence/G0/checker-adversarial-fixtures/fixtures/g1-cancelled-run-evidence.json	108131	62e645de21716ef7b8121e84c2f2fc16d87cff007f3fe3fb7c0784e1fd80d0ce
evidence/github-first-dual-lane/updates/20260919T211933Z/reports/G0/checker-adversarial-fixtures/fixtures/g1-cancelled-run-snapshot.json	dual-lane-evidence/G0/checker-adversarial-fixtures/fixtures/g1-cancelled-run-snapshot.json	89875	031071f8c33936fea09896f634f9a3961f50cf29c937b87880ee92d650ce68b3
evidence/github-first-dual-lane/updates/20260919T211933Z/reports/G0/checker-adversarial-fixtures/fixtures/g1-child-complete-evidence.json	dual-lane-evidence/G0/checker-adversarial-fixtures/fixtures/g1-child-complete-evidence.json	108714	d190faf3da0fab7ba0666cc0b650d0e3d773f4f83984d862688741c33d8aecf0
evidence/github-first-dual-lane/updates/20260919T211933Z/reports/G0/checker-adversarial-fixtures/fixtures/g1-child-complete-snapshot.json	dual-lane-evidence/G0/checker-adversarial-fixtures/fixtures/g1-child-complete-snapshot.json	90366	32c037616357d6af2cc189a3a0bdb94e3802373a223cafd83db0e441ed1e3757
evidence/github-first-dual-lane/updates/20260919T211933Z/reports/G0/checker-adversarial-fixtures/fixtures/g1-child-obligation-erased-evidence.json	dual-lane-evidence/G0/checker-adversarial-fixtures/fixtures/g1-child-obligation-erased-evidence.json	108563	963adee9200a96631f3d498155c7556745dbf5ac3d4d5576e751e2045ab4c4da
evidence/github-first-dual-lane/updates/20260919T211933Z/reports/G0/checker-adversarial-fixtures/fixtures/g1-pin-mismatch-evidence.json	dual-lane-evidence/G0/checker-adversarial-fixtures/fixtures/g1-pin-mismatch-evidence.json	108074	e850ae34b178b65fcec26ade68087e4b3602f6dc23b82e785c1e32e741bea549
evidence/github-first-dual-lane/updates/20260919T211933Z/reports/G0/checker-adversarial-fixtures/fixtures/g1-pin-omission-evidence.json	dual-lane-evidence/G0/checker-adversarial-fixtures/fixtures/g1-pin-omission-evidence.json	107632	0c89e00c169addbf7e500f89f3581302aeb4a8b11a552fee550be312aecf1729
evidence/github-first-dual-lane/updates/20260919T211933Z/reports/G0/checker-adversarial-fixtures/fixtures/g1-pr-missing-postmerge-evidence.json	dual-lane-evidence/G0/checker-adversarial-fixtures/fixtures/g1-pr-missing-postmerge-evidence.json	111530	f4ac704eaac9fed2c808ae2027134ed248f3db1cedd6877b2339e49ff86c1bb2
evidence/github-first-dual-lane/updates/20260919T211933Z/reports/G0/checker-adversarial-fixtures/fixtures/g1-pr-missing-postmerge-snapshot.json	dual-lane-evidence/G0/checker-adversarial-fixtures/fixtures/g1-pr-missing-postmerge-snapshot.json	92433	64f480eddb66fa315583ac8d0965fcf35dbb10ab074a1033980e1214a7b6e248
evidence/github-first-dual-lane/updates/20260919T211933Z/reports/G0/checker-adversarial-fixtures/fixtures/g1-pr-positive-evidence.json	dual-lane-evidence/G0/checker-adversarial-fixtures/fixtures/g1-pr-positive-evidence.json	111530	f4ac704eaac9fed2c808ae2027134ed248f3db1cedd6877b2339e49ff86c1bb2
evidence/github-first-dual-lane/updates/20260919T211933Z/reports/G0/checker-adversarial-fixtures/fixtures/g1-pr-positive-snapshot.json	dual-lane-evidence/G0/checker-adversarial-fixtures/fixtures/g1-pr-positive-snapshot.json	92471	140fbf69aecb78a26f49d80b1dbf3c229a18deb17b85c7f9a2156a561ee79cd1
evidence/github-first-dual-lane/updates/20260919T211933Z/reports/G0/checker-adversarial-fixtures/fixtures/g1-pr-wrong-base-evidence.json	dual-lane-evidence/G0/checker-adversarial-fixtures/fixtures/g1-pr-wrong-base-evidence.json	111530	87297f8a774738356500ace6e055475b43a31e5bd132bd93428cd632261ee2a2
evidence/github-first-dual-lane/updates/20260919T211933Z/reports/G0/checker-adversarial-fixtures/fixtures/g1-pr-wrong-head-evidence.json	dual-lane-evidence/G0/checker-adversarial-fixtures/fixtures/g1-pr-wrong-head-evidence.json	111530	167db5fe7274e559e56bdff46de835ec4714de81d500347ba64ee55b77c2b1ec
evidence/github-first-dual-lane/updates/20260919T211933Z/reports/G0/checker-adversarial-fixtures/fixtures/g1-pr-wrong-merge-evidence.json	dual-lane-evidence/G0/checker-adversarial-fixtures/fixtures/g1-pr-wrong-merge-evidence.json	111530	3ea004bb16bba2c2c6b8e3ad85c4b9b387f2d1947eae1fd6e6f5f6670b2c7698
evidence/github-first-dual-lane/updates/20260919T211933Z/reports/G0/checker-adversarial-fixtures/fixtures/g1-queued-run-evidence.json	dual-lane-evidence/G0/checker-adversarial-fixtures/fixtures/g1-queued-run-evidence.json	107971	b813520f1669492f947340cdacce305e008b740e3cf42d91a02517cecb411741
evidence/github-first-dual-lane/updates/20260919T211933Z/reports/G0/checker-adversarial-fixtures/fixtures/g1-queued-run-snapshot.json	dual-lane-evidence/G0/checker-adversarial-fixtures/fixtures/g1-queued-run-snapshot.json	89715	44cbc6747ee02d4c85fc80315c55a056fd5c8ccb9bf1e7ecbeb37c9ffeacbea6
evidence/github-first-dual-lane/updates/20260919T211933Z/reports/G0/checker-adversarial-fixtures/fixtures/g1-role-coverage-missing-pr-evidence.json	dual-lane-evidence/G0/checker-adversarial-fixtures/fixtures/g1-role-coverage-missing-pr-evidence.json	108067	be5ffbc36b288fceebf534d8dc787c7895f7638c35a85c022a6f9315621b0bd9
evidence/github-first-dual-lane/updates/20260919T211933Z/reports/G0/checker-adversarial-fixtures/fixtures/g1-role-coverage-missing-pr-snapshot.json	dual-lane-evidence/G0/checker-adversarial-fixtures/fixtures/g1-role-coverage-missing-pr-snapshot.json	106867	45cd7b720f194df2c90e48ac01027d3553e9580e85c6437ff91b67477e9889a4
evidence/github-first-dual-lane/updates/20260919T211933Z/reports/G0/checker-adversarial-fixtures/fixtures/g1-stale-self-matching-evidence.json	dual-lane-evidence/G0/checker-adversarial-fixtures/fixtures/g1-stale-self-matching-evidence.json	108067	c031e97ba5b72c78b43410c10fdb4e82c51a71a47a32366aec2419aca4977e57
evidence/github-first-dual-lane/updates/20260919T211933Z/reports/G0/checker-adversarial-fixtures/fixtures/g1-stale-self-matching-snapshot.json	dual-lane-evidence/G0/checker-adversarial-fixtures/fixtures/g1-stale-self-matching-snapshot.json	89811	974177bf1a3e9e4ee3ec4d6c931cdb398f2a9bbdb724e7536310a5990d5efa8a
evidence/github-first-dual-lane/updates/20260919T211933Z/reports/G0/checker-adversarial-fixtures/fixtures/g1-two-job-evidence.json	dual-lane-evidence/G0/checker-adversarial-fixtures/fixtures/g1-two-job-evidence.json	129998	ece6426941a8233c5c1deb6fcbb2cb0d3074302824133075db56da71e41d1725
evidence/github-first-dual-lane/updates/20260919T211933Z/reports/G0/checker-adversarial-fixtures/fixtures/g1-two-job-manifest.json	dual-lane-evidence/G0/checker-adversarial-fixtures/fixtures/g1-two-job-manifest.json	77828	4f84197cb96f73d2dab6feb5368ac54c354b0b4a1234f3b448af21d78e6a7921
evidence/github-first-dual-lane/updates/20260919T211933Z/reports/G0/checker-adversarial-fixtures/fixtures/g1-two-job-omitted-record.json	dual-lane-evidence/G0/checker-adversarial-fixtures/fixtures/g1-two-job-omitted-record.json	108067	be5ffbc36b288fceebf534d8dc787c7895f7638c35a85c022a6f9315621b0bd9
evidence/github-first-dual-lane/updates/20260919T211933Z/reports/G0/checker-adversarial-fixtures/fixtures/g1-two-job-snapshot.json	dual-lane-evidence/G0/checker-adversarial-fixtures/fixtures/g1-two-job-snapshot.json	125147	cfd21e137493ed5595ce72ed9fea2be2643cdfc929724b1988e335dd6e4764d3
evidence/github-first-dual-lane/updates/20260919T211933Z/reports/G0/checker-adversarial-fixtures/fixtures/g1-unassociated-manual-success-evidence.json	dual-lane-evidence/G0/checker-adversarial-fixtures/fixtures/g1-unassociated-manual-success-evidence.json	108483	cd235e3282d7753f0057b2fb67ee80a5cfd4ba9918632cfa1c13a372168ff3f8
evidence/github-first-dual-lane/updates/20260919T211933Z/reports/G0/checker-adversarial-fixtures/fixtures/g1-unassociated-manual-success-snapshot.json	dual-lane-evidence/G0/checker-adversarial-fixtures/fixtures/g1-unassociated-manual-success-snapshot.json	90227	1f9bdac833af7d02e0b66415eafd7fded6109f9f06996b5c04ae0f870163514e
evidence/github-first-dual-lane/updates/20260919T211933Z/reports/G0/checker-adversarial-fixtures/fixtures/g1-unknown-status-evidence.json	dual-lane-evidence/G0/checker-adversarial-fixtures/fixtures/g1-unknown-status-evidence.json	108003	8145d07cf0b3c46916f1eaf815d7bd6e3a8874c5ffeed5e72df4954ac2ff52ef
evidence/github-first-dual-lane/updates/20260919T211933Z/reports/G0/checker-adversarial-fixtures/fixtures/g1-unknown-status-snapshot.json	dual-lane-evidence/G0/checker-adversarial-fixtures/fixtures/g1-unknown-status-snapshot.json	89747	d9e15825a9f708ea6077896ccc0ad6dd7ee7a0be0b899d6c789062d239e3f5ac
evidence/github-first-dual-lane/updates/20260919T211933Z/reports/G0/checker-adversarial-fixtures/fixtures/g1-unknown-trust-evidence.json	dual-lane-evidence/G0/checker-adversarial-fixtures/fixtures/g1-unknown-trust-evidence.json	107875	734a4bb35c266fa856e782cf7267201df1169cdc1db5c5b39095a0044a0b3afe
evidence/github-first-dual-lane/updates/20260919T211933Z/reports/G0/checker-adversarial-fixtures/fixtures/g1-unknown-trust-snapshot.json	dual-lane-evidence/G0/checker-adversarial-fixtures/fixtures/g1-unknown-trust-snapshot.json	89619	ee3b63e9468f3a952059fb99983f67cc73717d40f249b4c02e5b86277083abb8
evidence/github-first-dual-lane/updates/20260919T211933Z/reports/G0/checker-adversarial-fixtures/fixtures/g1-workflow-run-producer-evidence.json	dual-lane-evidence/G0/checker-adversarial-fixtures/fixtures/g1-workflow-run-producer-evidence.json	108579	ce026476ed972b434378bcb9b550940261e6c70e869fce1a0c23b2531359cfe9
evidence/github-first-dual-lane/updates/20260919T211933Z/reports/G0/checker-adversarial-fixtures/fixtures/g1-workflow-run-producer-snapshot.json	dual-lane-evidence/G0/checker-adversarial-fixtures/fixtures/g1-workflow-run-producer-snapshot.json	90579	b7c284ac6aeb48df2cae1d964f614ab9235ff047483ab32c22c332e92c2cfe66
evidence/github-first-dual-lane/updates/20260919T211933Z/reports/G0/checker-adversarial-fixtures/fixtures/g2-waived-applicable-evidence.json	dual-lane-evidence/G0/checker-adversarial-fixtures/fixtures/g2-waived-applicable-evidence.json	119491	c60287593fd6b8dec5617823d5187106c65c815d49ad9250087d7c9e7f9d60ff
evidence/github-first-dual-lane/updates/20260919T211933Z/reports/G0/checker-adversarial-fixtures/fixtures/g2-waived-applicable-manifest.json	dual-lane-evidence/G0/checker-adversarial-fixtures/fixtures/g2-waived-applicable-manifest.json	67396	27ceb12579da84467f2c03185767ed2ca0f876f456dd0f4726ae6a8157085792
evidence/github-first-dual-lane/updates/20260919T211933Z/reports/G0/checker-adversarial-fixtures/fixtures/g3-role-coverage-missing-pr-evidence.json	dual-lane-evidence/G0/checker-adversarial-fixtures/fixtures/g3-role-coverage-missing-pr-evidence.json	119427	e869d327a77d192a230bd389d3dbd968bdb9a506c048bce45dad1033f63d3c27
evidence/github-first-dual-lane/updates/20260919T211933Z/reports/G0/checker-adversarial-fixtures/fixtures/g3-role-coverage-missing-pr-snapshot.json	dual-lane-evidence/G0/checker-adversarial-fixtures/fixtures/g3-role-coverage-missing-pr-snapshot.json	106867	45cd7b720f194df2c90e48ac01027d3553e9580e85c6437ff91b67477e9889a4
evidence/github-first-dual-lane/updates/20260919T211933Z/reports/G0/checker-adversarial-fixtures/fixtures/g4-no-hosted-counterpart-evidence.json	dual-lane-evidence/G0/checker-adversarial-fixtures/fixtures/g4-no-hosted-counterpart-evidence.json	120720	fbdb96fc9b9e21044c5f481826a2c95f6d7254f6d8b0804eb05a3668e3a677dc
evidence/github-first-dual-lane/updates/20260919T211933Z/reports/G0/checker-adversarial-fixtures/fixtures/g4-no-hosted-counterpart-manifest.json	dual-lane-evidence/G0/checker-adversarial-fixtures/fixtures/g4-no-hosted-counterpart-manifest.json	82116	344c26f7a944c7eb67307c55d09ed7a62f38fca3f466e8784cf51463910c72b9
evidence/github-first-dual-lane/updates/20260919T211933Z/reports/G0/checker-adversarial-fixtures/fixtures/g4-no-hosted-counterpart-snapshot.json	dual-lane-evidence/G0/checker-adversarial-fixtures/fixtures/g4-no-hosted-counterpart-snapshot.json	90144	19af7c546704bf775d17ab319c9a683e67b3bc21cdc7154b7fc8e953dde4dcdd
evidence/github-first-dual-lane/updates/20260919T211933Z/reports/G0/checker-adversarial-fixtures/fixtures/g5-no-hosted-counterpart-evidence.json	dual-lane-evidence/G0/checker-adversarial-fixtures/fixtures/g5-no-hosted-counterpart-evidence.json	120720	fbdb96fc9b9e21044c5f481826a2c95f6d7254f6d8b0804eb05a3668e3a677dc
evidence/github-first-dual-lane/updates/20260919T211933Z/reports/G0/checker-adversarial-fixtures/fixtures/g6-dual-evidence.json	dual-lane-evidence/G0/checker-adversarial-fixtures/fixtures/g6-dual-evidence.json	257591	447eb966c7b5f605c7d193ce98de17a3289ac8451f9e2006723c26a6611265fe
evidence/github-first-dual-lane/updates/20260919T211933Z/reports/G0/checker-adversarial-fixtures/fixtures/g6-dual-manifest.json	dual-lane-evidence/G0/checker-adversarial-fixtures/fixtures/g6-dual-manifest.json	82116	d533f2fa9598ea3f0719319690d3bbfdb41e724b1bc215d8f5c350cfebb6aa24
evidence/github-first-dual-lane/updates/20260919T211933Z/reports/G0/checker-adversarial-fixtures/fixtures/g6-dual-snapshot.json	dual-lane-evidence/G0/checker-adversarial-fixtures/fixtures/g6-dual-snapshot.json	150666	96b665ec675e90f3a40802ff0a8ccc201ca580748a489afea850fb550a789eb8
evidence/github-first-dual-lane/updates/20260919T211933Z/reports/G0/checker-adversarial-fixtures/fixtures/g6-duplicate-publisher-evidence.json	dual-lane-evidence/G0/checker-adversarial-fixtures/fixtures/g6-duplicate-publisher-evidence.json	336375	00d18ff92717b09504750c8cafdf4db093ba5da08ea0c71e01537820823d5531
evidence/github-first-dual-lane/updates/20260919T211933Z/reports/G0/checker-adversarial-fixtures/fixtures/g6-duplicate-publisher-manifest.json	dual-lane-evidence/G0/checker-adversarial-fixtures/fixtures/g6-duplicate-publisher-manifest.json	81988	6b03d51b5b2a5f8f8354054980d19b280cd6397c378fe4eff5bbd14b71460daa
evidence/github-first-dual-lane/updates/20260919T211933Z/reports/G0/checker-adversarial-fixtures/fixtures/g6-lane-source-mismatch-evidence.json	dual-lane-evidence/G0/checker-adversarial-fixtures/fixtures/g6-lane-source-mismatch-evidence.json	257591	c951175d7f387c9723c1a9ac02b667e6e6d223ef257ba3ee225c6ae071db1c21
evidence/github-first-dual-lane/updates/20260919T211933Z/reports/G0/checker-adversarial-fixtures/fixtures/g6-lane-source-mismatch-snapshot.json	dual-lane-evidence/G0/checker-adversarial-fixtures/fixtures/g6-lane-source-mismatch-snapshot.json	150666	1de4111edec3032e88269039992c93206da962d49d41e1e5d572c7302766a189
evidence/github-first-dual-lane/updates/20260919T211933Z/reports/G0/checker-adversarial-fixtures/fixtures/g6-lane-workload-mismatch-evidence.json	dual-lane-evidence/G0/checker-adversarial-fixtures/fixtures/g6-lane-workload-mismatch-evidence.json	257655	95bad8268baf39cdff45297cec7c5c9ac788e29eb70a7bf62fbce3db4127cb7a
evidence/github-first-dual-lane/updates/20260919T211933Z/reports/G0/checker-adversarial-fixtures/fixtures/g6-lane-workload-mismatch-snapshot.json	dual-lane-evidence/G0/checker-adversarial-fixtures/fixtures/g6-lane-workload-mismatch-snapshot.json	150698	1eff4561b502ecf4718304fec09030f8187e09e7c909ba901c2a49117ed99f98
evidence/github-first-dual-lane/updates/20260919T211933Z/reports/G0/checker-adversarial-fixtures/fixtures/g6-role-coverage-missing-pr-evidence.json	dual-lane-evidence/G0/checker-adversarial-fixtures/fixtures/g6-role-coverage-missing-pr-evidence.json	257591	447eb966c7b5f605c7d193ce98de17a3289ac8451f9e2006723c26a6611265fe
evidence/github-first-dual-lane/updates/20260919T211933Z/reports/G0/checker-adversarial-fixtures/fixtures/g6-role-coverage-missing-pr-snapshot.json	dual-lane-evidence/G0/checker-adversarial-fixtures/fixtures/g6-role-coverage-missing-pr-snapshot.json	151237	53098288dab68ee07c3cc118c1f5e2e2ca7884e4166d223af3b7f7f66440a029
evidence/github-first-dual-lane/updates/20260919T211933Z/reports/G0/checker-adversarial-fixtures/fixtures/g7-self-review-evidence.json	dual-lane-evidence/G0/checker-adversarial-fixtures/fixtures/g7-self-review-evidence.json	258705	38f6c2824e649dd42832ef3e2ebb6e176a9d195e52c82f5e20b70ba9eb002d8a
evidence/github-first-dual-lane/updates/20260919T211933Z/reports/G0/checker-adversarial-fixtures/generate_extension.sh	dual-lane-evidence/G0/checker-adversarial-fixtures/generate_extension.sh	17112	c7272221a6b694f54a0f986775b49e0c93f35c60e31f764da9a00e00b05aefe0
evidence/github-first-dual-lane/updates/20260919T211933Z/reports/G0/checker-adversarial-fixtures/generate_g6_cases.sh	dual-lane-evidence/G0/checker-adversarial-fixtures/generate_g6_cases.sh	9298	4cdc1ae29077afe7ae663ec5f73e234e67ee01093f60cea95319a9ba4abbe9a4
evidence/github-first-dual-lane/updates/20260919T211933Z/reports/G0/checker-adversarial-fixtures/out/extension-2ba-final3/results.ndjson	dual-lane-evidence/G0/checker-adversarial-fixtures/out/extension-2ba-final3/results.ndjson	3388	0d9095c6177ef89aade9ff3f0b92e943d396d1beac3d4fa4540ce923fd26a111
evidence/github-first-dual-lane/updates/20260919T211933Z/reports/G0/checker-adversarial-fixtures/out/extension-b11-exact-final3/results.ndjson	dual-lane-evidence/G0/checker-adversarial-fixtures/out/extension-b11-exact-final3/results.ndjson	3388	0d9095c6177ef89aade9ff3f0b92e943d396d1beac3d4fa4540ce923fd26a111
evidence/github-first-dual-lane/updates/20260919T211933Z/reports/G0/checker-adversarial-fixtures/prepare_b11_fixtures.sh	dual-lane-evidence/G0/checker-adversarial-fixtures/prepare_b11_fixtures.sh	1680	1bf330acf244f5badec17459fa0012699a33794b22b5b65b817cc2b0da1dedff
evidence/github-first-dual-lane/updates/20260919T211933Z/reports/G0/checker-adversarial-fixtures/run_extension_cases.sh	dual-lane-evidence/G0/checker-adversarial-fixtures/run_extension_cases.sh	6575	c5e147a56ebd5e26fe3a81e46f1392ecb620861b6c5638a19057701585a991da
evidence/github-first-dual-lane/updates/20260919T211933Z/reports/G0/checker-g2-applicability-cli-d9.md	dual-lane-evidence/G0/checker-g2-applicability-cli-d9.md	7481	b122ee45c1702e0be98ee5d2edb15c925238edb7f36b9dbb26ae2eb4b94a702b
evidence/github-first-dual-lane/updates/20260919T211933Z/reports/G0/checker-g2-applicability-cli-d9/fixtures/canonical-manifest.json	dual-lane-evidence/G0/checker-g2-applicability-cli-d9/fixtures/canonical-manifest.json	2143	cc01726ddd2680e499144261046e439d1f67a2f52e12cf9bfa0c56550e54cab5
evidence/github-first-dual-lane/updates/20260919T211933Z/reports/G0/checker-g2-applicability-cli-d9/fixtures/cases/applicable-install-na/evidence.json	dual-lane-evidence/G0/checker-g2-applicability-cli-d9/fixtures/cases/applicable-install-na/evidence.json	124170	ec2f2e710ac7d8a215b0da63250057e17ee30265568696645a9bbdd508cf947b
evidence/github-first-dual-lane/updates/20260919T211933Z/reports/G0/checker-g2-applicability-cli-d9/fixtures/cases/applicable-install-na/manifest.json	dual-lane-evidence/G0/checker-g2-applicability-cli-d9/fixtures/cases/applicable-install-na/manifest.json	71290	a44a6cf2e61933d83b47fc1841a66e65e94c973291133f78b80b3680a404dcda
evidence/github-first-dual-lane/updates/20260919T211933Z/reports/G0/checker-g2-applicability-cli-d9/fixtures/cases/applicable-install-na/release.json	dual-lane-evidence/G0/checker-g2-applicability-cli-d9/fixtures/cases/applicable-install-na/release.json	2438	07ef160f177a03ffba806de62115298aad840259f3b1ca9e1fdd29671513aa1b
evidence/github-first-dual-lane/updates/20260919T211933Z/reports/G0/checker-g2-applicability-cli-d9/fixtures/cases/applicable-install-na/report.json	dual-lane-evidence/G0/checker-g2-applicability-cli-d9/fixtures/cases/applicable-install-na/report.json	102	b6fbe1f855c6b3172165f5319995d9fcff0a04f9c52828d7e5a726f0bbf19bbf
evidence/github-first-dual-lane/updates/20260919T211933Z/reports/G0/checker-g2-applicability-cli-d9/fixtures/cases/applicable-install-na/snapshot.json	dual-lane-evidence/G0/checker-g2-applicability-cli-d9/fixtures/cases/applicable-install-na/snapshot.json	89106	483230ddb9a0f8993be3e15ff3e8cbd333a8b1efcad837bcfee025a234c09266
evidence/github-first-dual-lane/updates/20260919T211933Z/reports/G0/checker-g2-applicability-cli-d9/fixtures/cases/applicable-release-install-na/evidence.json	dual-lane-evidence/G0/checker-g2-applicability-cli-d9/fixtures/cases/applicable-release-install-na/evidence.json	122586	be44a663d9ec6dd47a39bf67f97b8b5dc8d4379b7b6d36d43b22a25cd89e7f9b
evidence/github-first-dual-lane/updates/20260919T211933Z/reports/G0/checker-g2-applicability-cli-d9/fixtures/cases/applicable-release-install-na/manifest.json	dual-lane-evidence/G0/checker-g2-applicability-cli-d9/fixtures/cases/applicable-release-install-na/manifest.json	71290	a44a6cf2e61933d83b47fc1841a66e65e94c973291133f78b80b3680a404dcda
evidence/github-first-dual-lane/updates/20260919T211933Z/reports/G0/checker-g2-applicability-cli-d9/fixtures/cases/applicable-release-install-na/release.json	dual-lane-evidence/G0/checker-g2-applicability-cli-d9/fixtures/cases/applicable-release-install-na/release.json	2438	07ef160f177a03ffba806de62115298aad840259f3b1ca9e1fdd29671513aa1b
evidence/github-first-dual-lane/updates/20260919T211933Z/reports/G0/checker-g2-applicability-cli-d9/fixtures/cases/applicable-release-install-na/report.json	dual-lane-evidence/G0/checker-g2-applicability-cli-d9/fixtures/cases/applicable-release-install-na/report.json	102	b6fbe1f855c6b3172165f5319995d9fcff0a04f9c52828d7e5a726f0bbf19bbf
evidence/github-first-dual-lane/updates/20260919T211933Z/reports/G0/checker-g2-applicability-cli-d9/fixtures/cases/applicable-release-install-na/snapshot.json	dual-lane-evidence/G0/checker-g2-applicability-cli-d9/fixtures/cases/applicable-release-install-na/snapshot.json	89106	483230ddb9a0f8993be3e15ff3e8cbd333a8b1efcad837bcfee025a234c09266
evidence/github-first-dual-lane/updates/20260919T211933Z/reports/G0/checker-g2-applicability-cli-d9/fixtures/cases/baseline/evidence.json	dual-lane-evidence/G0/checker-g2-applicability-cli-d9/fixtures/cases/baseline/evidence.json	127394	69d63904fd032455957bf006c83665e13373af2bc373f166224e4081ac5f2df9
evidence/github-first-dual-lane/updates/20260919T211933Z/reports/G0/checker-g2-applicability-cli-d9/fixtures/cases/baseline/manifest.json	dual-lane-evidence/G0/checker-g2-applicability-cli-d9/fixtures/cases/baseline/manifest.json	71288	2b0cf33216228df156c1f2a631b30099cb53823ae0f54acb32f4867881890a08
evidence/github-first-dual-lane/updates/20260919T211933Z/reports/G0/checker-g2-applicability-cli-d9/fixtures/cases/baseline/release.json	dual-lane-evidence/G0/checker-g2-applicability-cli-d9/fixtures/cases/baseline/release.json	2438	07ef160f177a03ffba806de62115298aad840259f3b1ca9e1fdd29671513aa1b
evidence/github-first-dual-lane/updates/20260919T211933Z/reports/G0/checker-g2-applicability-cli-d9/fixtures/cases/baseline/report.json	dual-lane-evidence/G0/checker-g2-applicability-cli-d9/fixtures/cases/baseline/report.json	102	b6fbe1f855c6b3172165f5319995d9fcff0a04f9c52828d7e5a726f0bbf19bbf
evidence/github-first-dual-lane/updates/20260919T211933Z/reports/G0/checker-g2-applicability-cli-d9/fixtures/cases/baseline/snapshot.json	dual-lane-evidence/G0/checker-g2-applicability-cli-d9/fixtures/cases/baseline/snapshot.json	89106	483230ddb9a0f8993be3e15ff3e8cbd333a8b1efcad837bcfee025a234c09266
evidence/github-first-dual-lane/updates/20260919T211933Z/reports/G0/checker-g2-applicability-cli-d9/fixtures/cases/required-install-applicable/evidence.json	dual-lane-evidence/G0/checker-g2-applicability-cli-d9/fixtures/cases/required-install-applicable/evidence.json	127410	ba20e4b27ef41022ee8115ea108f7e13443c48353688c0089bd399f978a4487c
evidence/github-first-dual-lane/updates/20260919T211933Z/reports/G0/checker-g2-applicability-cli-d9/fixtures/cases/required-install-applicable/manifest.json	dual-lane-evidence/G0/checker-g2-applicability-cli-d9/fixtures/cases/required-install-applicable/manifest.json	71288	2b0cf33216228df156c1f2a631b30099cb53823ae0f54acb32f4867881890a08
evidence/github-first-dual-lane/updates/20260919T211933Z/reports/G0/checker-g2-applicability-cli-d9/fixtures/cases/required-install-applicable/release.json	dual-lane-evidence/G0/checker-g2-applicability-cli-d9/fixtures/cases/required-install-applicable/release.json	2438	07ef160f177a03ffba806de62115298aad840259f3b1ca9e1fdd29671513aa1b
evidence/github-first-dual-lane/updates/20260919T211933Z/reports/G0/checker-g2-applicability-cli-d9/fixtures/cases/required-install-applicable/report.json	dual-lane-evidence/G0/checker-g2-applicability-cli-d9/fixtures/cases/required-install-applicable/report.json	316	76e14ea4a0342b2501519b7c42aded5c43beb099ea8518cab1aec304a184ac56
evidence/github-first-dual-lane/updates/20260919T211933Z/reports/G0/checker-g2-applicability-cli-d9/fixtures/cases/required-install-applicable/snapshot.json	dual-lane-evidence/G0/checker-g2-applicability-cli-d9/fixtures/cases/required-install-applicable/snapshot.json	89106	483230ddb9a0f8993be3e15ff3e8cbd333a8b1efcad837bcfee025a234c09266
evidence/github-first-dual-lane/updates/20260919T211933Z/reports/G0/checker-g2-applicability-cli-d9/fixtures/cases/required-install-excluded/evidence.json	dual-lane-evidence/G0/checker-g2-applicability-cli-d9/fixtures/cases/required-install-excluded/evidence.json	124166	6944fb7205971ef7faab240d2f8ddd9eb22cf82b13af26a72740e3e50a045537
evidence/github-first-dual-lane/updates/20260919T211933Z/reports/G0/checker-g2-applicability-cli-d9/fixtures/cases/required-install-excluded/manifest.json	dual-lane-evidence/G0/checker-g2-applicability-cli-d9/fixtures/cases/required-install-excluded/manifest.json	71288	2b0cf33216228df156c1f2a631b30099cb53823ae0f54acb32f4867881890a08
evidence/github-first-dual-lane/updates/20260919T211933Z/reports/G0/checker-g2-applicability-cli-d9/fixtures/cases/required-install-excluded/release.json	dual-lane-evidence/G0/checker-g2-applicability-cli-d9/fixtures/cases/required-install-excluded/release.json	2438	07ef160f177a03ffba806de62115298aad840259f3b1ca9e1fdd29671513aa1b
evidence/github-first-dual-lane/updates/20260919T211933Z/reports/G0/checker-g2-applicability-cli-d9/fixtures/cases/required-install-excluded/report.json	dual-lane-evidence/G0/checker-g2-applicability-cli-d9/fixtures/cases/required-install-excluded/report.json	316	76e14ea4a0342b2501519b7c42aded5c43beb099ea8518cab1aec304a184ac56
evidence/github-first-dual-lane/updates/20260919T211933Z/reports/G0/checker-g2-applicability-cli-d9/fixtures/cases/required-install-excluded/snapshot.json	dual-lane-evidence/G0/checker-g2-applicability-cli-d9/fixtures/cases/required-install-excluded/snapshot.json	89106	483230ddb9a0f8993be3e15ff3e8cbd333a8b1efcad837bcfee025a234c09266
evidence/github-first-dual-lane/updates/20260919T211933Z/reports/G0/checker-g2-applicability-cli-d9/fixtures/cases/required-install-na/evidence.json	dual-lane-evidence/G0/checker-g2-applicability-cli-d9/fixtures/cases/required-install-na/evidence.json	124169	2ca523e59a248ae2a861201c25b284d5af048745ad1e117486be2130f07edce1
evidence/github-first-dual-lane/updates/20260919T211933Z/reports/G0/checker-g2-applicability-cli-d9/fixtures/cases/required-install-na/manifest.json	dual-lane-evidence/G0/checker-g2-applicability-cli-d9/fixtures/cases/required-install-na/manifest.json	71288	2b0cf33216228df156c1f2a631b30099cb53823ae0f54acb32f4867881890a08
evidence/github-first-dual-lane/updates/20260919T211933Z/reports/G0/checker-g2-applicability-cli-d9/fixtures/cases/required-install-na/release.json	dual-lane-evidence/G0/checker-g2-applicability-cli-d9/fixtures/cases/required-install-na/release.json	2438	07ef160f177a03ffba806de62115298aad840259f3b1ca9e1fdd29671513aa1b
evidence/github-first-dual-lane/updates/20260919T211933Z/reports/G0/checker-g2-applicability-cli-d9/fixtures/cases/required-install-na/report.json	dual-lane-evidence/G0/checker-g2-applicability-cli-d9/fixtures/cases/required-install-na/report.json	316	76e14ea4a0342b2501519b7c42aded5c43beb099ea8518cab1aec304a184ac56
evidence/github-first-dual-lane/updates/20260919T211933Z/reports/G0/checker-g2-applicability-cli-d9/fixtures/cases/required-install-na/snapshot.json	dual-lane-evidence/G0/checker-g2-applicability-cli-d9/fixtures/cases/required-install-na/snapshot.json	89106	483230ddb9a0f8993be3e15ff3e8cbd333a8b1efcad837bcfee025a234c09266
evidence/github-first-dual-lane/updates/20260919T211933Z/reports/G0/checker-g2-applicability-cli-d9/fixtures/cases/required-missing-upgrade/evidence.json	dual-lane-evidence/G0/checker-g2-applicability-cli-d9/fixtures/cases/required-missing-upgrade/evidence.json	126673	b443447edabfef291fff869a0a40bc5e0aa13922b426fc788a12836c8a227945
evidence/github-first-dual-lane/updates/20260919T211933Z/reports/G0/checker-g2-applicability-cli-d9/fixtures/cases/required-missing-upgrade/manifest.json	dual-lane-evidence/G0/checker-g2-applicability-cli-d9/fixtures/cases/required-missing-upgrade/manifest.json	71288	2b0cf33216228df156c1f2a631b30099cb53823ae0f54acb32f4867881890a08
evidence/github-first-dual-lane/updates/20260919T211933Z/reports/G0/checker-g2-applicability-cli-d9/fixtures/cases/required-missing-upgrade/release.json	dual-lane-evidence/G0/checker-g2-applicability-cli-d9/fixtures/cases/required-missing-upgrade/release.json	2438	07ef160f177a03ffba806de62115298aad840259f3b1ca9e1fdd29671513aa1b
evidence/github-first-dual-lane/updates/20260919T211933Z/reports/G0/checker-g2-applicability-cli-d9/fixtures/cases/required-missing-upgrade/report.json	dual-lane-evidence/G0/checker-g2-applicability-cli-d9/fixtures/cases/required-missing-upgrade/report.json	536	4cc6b826dfbcab1dcd783004af37dd426e1bc867a930b38d1bf2bf7b8cc15814
evidence/github-first-dual-lane/updates/20260919T211933Z/reports/G0/checker-g2-applicability-cli-d9/fixtures/cases/required-missing-upgrade/snapshot.json	dual-lane-evidence/G0/checker-g2-applicability-cli-d9/fixtures/cases/required-missing-upgrade/snapshot.json	89106	483230ddb9a0f8993be3e15ff3e8cbd333a8b1efcad837bcfee025a234c09266
evidence/github-first-dual-lane/updates/20260919T211933Z/reports/G0/checker-g2-applicability-cli-d9/fixtures/cases/required-platform-mismatch/evidence.json	dual-lane-evidence/G0/checker-g2-applicability-cli-d9/fixtures/cases/required-platform-mismatch/evidence.json	127396	e009993968f88be061a50cf41d3d4dbdc6e34c599a72f5abbb13ba318e870556
evidence/github-first-dual-lane/updates/20260919T211933Z/reports/G0/checker-g2-applicability-cli-d9/fixtures/cases/required-platform-mismatch/manifest.json	dual-lane-evidence/G0/checker-g2-applicability-cli-d9/fixtures/cases/required-platform-mismatch/manifest.json	71288	2b0cf33216228df156c1f2a631b30099cb53823ae0f54acb32f4867881890a08
evidence/github-first-dual-lane/updates/20260919T211933Z/reports/G0/checker-g2-applicability-cli-d9/fixtures/cases/required-platform-mismatch/release.json	dual-lane-evidence/G0/checker-g2-applicability-cli-d9/fixtures/cases/required-platform-mismatch/release.json	2438	07ef160f177a03ffba806de62115298aad840259f3b1ca9e1fdd29671513aa1b
evidence/github-first-dual-lane/updates/20260919T211933Z/reports/G0/checker-g2-applicability-cli-d9/fixtures/cases/required-platform-mismatch/report.json	dual-lane-evidence/G0/checker-g2-applicability-cli-d9/fixtures/cases/required-platform-mismatch/report.json	331	eb2ce79407914bc4e78379d1eca0b04cd82896d13be285833e3ce3165f333306
evidence/github-first-dual-lane/updates/20260919T211933Z/reports/G0/checker-g2-applicability-cli-d9/fixtures/cases/required-platform-mismatch/snapshot.json	dual-lane-evidence/G0/checker-g2-applicability-cli-d9/fixtures/cases/required-platform-mismatch/snapshot.json	89106	483230ddb9a0f8993be3e15ff3e8cbd333a8b1efcad837bcfee025a234c09266
evidence/github-first-dual-lane/updates/20260919T211933Z/reports/G0/checker-g2-applicability-cli-d9/fixtures/cases/required-release-applicable/evidence.json	dual-lane-evidence/G0/checker-g2-applicability-cli-d9/fixtures/cases/required-release-applicable/evidence.json	127410	d80f9f11d524d53489f347d08b6159f5efd995af2742108fd27b540eb1be9a66
evidence/github-first-dual-lane/updates/20260919T211933Z/reports/G0/checker-g2-applicability-cli-d9/fixtures/cases/required-release-applicable/manifest.json	dual-lane-evidence/G0/checker-g2-applicability-cli-d9/fixtures/cases/required-release-applicable/manifest.json	71288	2b0cf33216228df156c1f2a631b30099cb53823ae0f54acb32f4867881890a08
evidence/github-first-dual-lane/updates/20260919T211933Z/reports/G0/checker-g2-applicability-cli-d9/fixtures/cases/required-release-applicable/release.json	dual-lane-evidence/G0/checker-g2-applicability-cli-d9/fixtures/cases/required-release-applicable/release.json	2438	07ef160f177a03ffba806de62115298aad840259f3b1ca9e1fdd29671513aa1b
evidence/github-first-dual-lane/updates/20260919T211933Z/reports/G0/checker-g2-applicability-cli-d9/fixtures/cases/required-release-applicable/report.json	dual-lane-evidence/G0/checker-g2-applicability-cli-d9/fixtures/cases/required-release-applicable/report.json	316	a6a0c96e1a0a576238903d217f4f62059210f69a8a714db60f49fcba461adcc2
evidence/github-first-dual-lane/updates/20260919T211933Z/reports/G0/checker-g2-applicability-cli-d9/fixtures/cases/required-release-applicable/snapshot.json	dual-lane-evidence/G0/checker-g2-applicability-cli-d9/fixtures/cases/required-release-applicable/snapshot.json	89106	483230ddb9a0f8993be3e15ff3e8cbd333a8b1efcad837bcfee025a234c09266
evidence/github-first-dual-lane/updates/20260919T211933Z/reports/G0/checker-g2-applicability-cli-d9/fixtures/cases/results.ndjson	dual-lane-evidence/G0/checker-g2-applicability-cli-d9/fixtures/cases/results.ndjson	940	3adae8544dd0b427ee412249641a44fcbb144b71acdab0702ba62b0a3f00cdab
evidence/github-first-dual-lane/updates/20260919T211933Z/reports/G0/checker-g2-applicability-cli-d9/fixtures/evidence.json	dual-lane-evidence/G0/checker-g2-applicability-cli-d9/fixtures/evidence.json	127394	69d63904fd032455957bf006c83665e13373af2bc373f166224e4081ac5f2df9
evidence/github-first-dual-lane/updates/20260919T211933Z/reports/G0/checker-g2-applicability-cli-d9/fixtures/manifest-digest.txt	dual-lane-evidence/G0/checker-g2-applicability-cli-d9/fixtures/manifest-digest.txt	72	75b66388234113024751bf60325656ed7eaebce80d07dbcc11542097d90f11c2
evidence/github-first-dual-lane/updates/20260919T211933Z/reports/G0/checker-g2-applicability-cli-d9/fixtures/manifest.json	dual-lane-evidence/G0/checker-g2-applicability-cli-d9/fixtures/manifest.json	71288	2b0cf33216228df156c1f2a631b30099cb53823ae0f54acb32f4867881890a08
evidence/github-first-dual-lane/updates/20260919T211933Z/reports/G0/checker-g2-applicability-cli-d9/fixtures/release.json	dual-lane-evidence/G0/checker-g2-applicability-cli-d9/fixtures/release.json	2438	07ef160f177a03ffba806de62115298aad840259f3b1ca9e1fdd29671513aa1b
evidence/github-first-dual-lane/updates/20260919T211933Z/reports/G0/checker-g2-applicability-cli-d9/fixtures/snapshot.json	dual-lane-evidence/G0/checker-g2-applicability-cli-d9/fixtures/snapshot.json	89106	483230ddb9a0f8993be3e15ff3e8cbd333a8b1efcad837bcfee025a234c09266
evidence/github-first-dual-lane/updates/20260919T211933Z/reports/G0/checker-g2-applicability-cli-d9/harness.sh	dual-lane-evidence/G0/checker-g2-applicability-cli-d9/harness.sh	4459	713fd1bbba63a329c53153f6c346052e1f9cec696158412b6e4eb8a7c384c467
evidence/github-first-dual-lane/updates/20260919T211933Z/reports/G0/checker-g2-applicability-cli-d9/results/applicable-install-na/evidence.json	dual-lane-evidence/G0/checker-g2-applicability-cli-d9/results/applicable-install-na/evidence.json	124170	ec2f2e710ac7d8a215b0da63250057e17ee30265568696645a9bbdd508cf947b
evidence/github-first-dual-lane/updates/20260919T211933Z/reports/G0/checker-g2-applicability-cli-d9/results/applicable-install-na/manifest.json	dual-lane-evidence/G0/checker-g2-applicability-cli-d9/results/applicable-install-na/manifest.json	71290	a44a6cf2e61933d83b47fc1841a66e65e94c973291133f78b80b3680a404dcda
evidence/github-first-dual-lane/updates/20260919T211933Z/reports/G0/checker-g2-applicability-cli-d9/results/applicable-install-na/release.json	dual-lane-evidence/G0/checker-g2-applicability-cli-d9/results/applicable-install-na/release.json	2438	07ef160f177a03ffba806de62115298aad840259f3b1ca9e1fdd29671513aa1b
evidence/github-first-dual-lane/updates/20260919T211933Z/reports/G0/checker-g2-applicability-cli-d9/results/applicable-install-na/report.json	dual-lane-evidence/G0/checker-g2-applicability-cli-d9/results/applicable-install-na/report.json	102	b6fbe1f855c6b3172165f5319995d9fcff0a04f9c52828d7e5a726f0bbf19bbf
evidence/github-first-dual-lane/updates/20260919T211933Z/reports/G0/checker-g2-applicability-cli-d9/results/applicable-install-na/snapshot.json	dual-lane-evidence/G0/checker-g2-applicability-cli-d9/results/applicable-install-na/snapshot.json	89106	483230ddb9a0f8993be3e15ff3e8cbd333a8b1efcad837bcfee025a234c09266
evidence/github-first-dual-lane/updates/20260919T211933Z/reports/G0/checker-g2-applicability-cli-d9/results/applicable-release-install-na/evidence.json	dual-lane-evidence/G0/checker-g2-applicability-cli-d9/results/applicable-release-install-na/evidence.json	122586	be44a663d9ec6dd47a39bf67f97b8b5dc8d4379b7b6d36d43b22a25cd89e7f9b
evidence/github-first-dual-lane/updates/20260919T211933Z/reports/G0/checker-g2-applicability-cli-d9/results/applicable-release-install-na/manifest.json	dual-lane-evidence/G0/checker-g2-applicability-cli-d9/results/applicable-release-install-na/manifest.json	71290	a44a6cf2e61933d83b47fc1841a66e65e94c973291133f78b80b3680a404dcda
evidence/github-first-dual-lane/updates/20260919T211933Z/reports/G0/checker-g2-applicability-cli-d9/results/applicable-release-install-na/release.json	dual-lane-evidence/G0/checker-g2-applicability-cli-d9/results/applicable-release-install-na/release.json	2438	07ef160f177a03ffba806de62115298aad840259f3b1ca9e1fdd29671513aa1b
evidence/github-first-dual-lane/updates/20260919T211933Z/reports/G0/checker-g2-applicability-cli-d9/results/applicable-release-install-na/report.json	dual-lane-evidence/G0/checker-g2-applicability-cli-d9/results/applicable-release-install-na/report.json	102	b6fbe1f855c6b3172165f5319995d9fcff0a04f9c52828d7e5a726f0bbf19bbf
evidence/github-first-dual-lane/updates/20260919T211933Z/reports/G0/checker-g2-applicability-cli-d9/results/applicable-release-install-na/snapshot.json	dual-lane-evidence/G0/checker-g2-applicability-cli-d9/results/applicable-release-install-na/snapshot.json	89106	483230ddb9a0f8993be3e15ff3e8cbd333a8b1efcad837bcfee025a234c09266
evidence/github-first-dual-lane/updates/20260919T211933Z/reports/G0/checker-g2-applicability-cli-d9/results/baseline/evidence.json	dual-lane-evidence/G0/checker-g2-applicability-cli-d9/results/baseline/evidence.json	127394	69d63904fd032455957bf006c83665e13373af2bc373f166224e4081ac5f2df9
evidence/github-first-dual-lane/updates/20260919T211933Z/reports/G0/checker-g2-applicability-cli-d9/results/baseline/manifest.json	dual-lane-evidence/G0/checker-g2-applicability-cli-d9/results/baseline/manifest.json	71288	2b0cf33216228df156c1f2a631b30099cb53823ae0f54acb32f4867881890a08
evidence/github-first-dual-lane/updates/20260919T211933Z/reports/G0/checker-g2-applicability-cli-d9/results/baseline/release.json	dual-lane-evidence/G0/checker-g2-applicability-cli-d9/results/baseline/release.json	2438	07ef160f177a03ffba806de62115298aad840259f3b1ca9e1fdd29671513aa1b
evidence/github-first-dual-lane/updates/20260919T211933Z/reports/G0/checker-g2-applicability-cli-d9/results/baseline/report.json	dual-lane-evidence/G0/checker-g2-applicability-cli-d9/results/baseline/report.json	102	b6fbe1f855c6b3172165f5319995d9fcff0a04f9c52828d7e5a726f0bbf19bbf
evidence/github-first-dual-lane/updates/20260919T211933Z/reports/G0/checker-g2-applicability-cli-d9/results/baseline/snapshot.json	dual-lane-evidence/G0/checker-g2-applicability-cli-d9/results/baseline/snapshot.json	89106	483230ddb9a0f8993be3e15ff3e8cbd333a8b1efcad837bcfee025a234c09266
evidence/github-first-dual-lane/updates/20260919T211933Z/reports/G0/checker-g2-applicability-cli-d9/results/required-install-applicable/evidence.json	dual-lane-evidence/G0/checker-g2-applicability-cli-d9/results/required-install-applicable/evidence.json	127410	ba20e4b27ef41022ee8115ea108f7e13443c48353688c0089bd399f978a4487c
evidence/github-first-dual-lane/updates/20260919T211933Z/reports/G0/checker-g2-applicability-cli-d9/results/required-install-applicable/manifest.json	dual-lane-evidence/G0/checker-g2-applicability-cli-d9/results/required-install-applicable/manifest.json	71288	2b0cf33216228df156c1f2a631b30099cb53823ae0f54acb32f4867881890a08
evidence/github-first-dual-lane/updates/20260919T211933Z/reports/G0/checker-g2-applicability-cli-d9/results/required-install-applicable/release.json	dual-lane-evidence/G0/checker-g2-applicability-cli-d9/results/required-install-applicable/release.json	2438	07ef160f177a03ffba806de62115298aad840259f3b1ca9e1fdd29671513aa1b
evidence/github-first-dual-lane/updates/20260919T211933Z/reports/G0/checker-g2-applicability-cli-d9/results/required-install-applicable/report.json	dual-lane-evidence/G0/checker-g2-applicability-cli-d9/results/required-install-applicable/report.json	316	76e14ea4a0342b2501519b7c42aded5c43beb099ea8518cab1aec304a184ac56
evidence/github-first-dual-lane/updates/20260919T211933Z/reports/G0/checker-g2-applicability-cli-d9/results/required-install-applicable/snapshot.json	dual-lane-evidence/G0/checker-g2-applicability-cli-d9/results/required-install-applicable/snapshot.json	89106	483230ddb9a0f8993be3e15ff3e8cbd333a8b1efcad837bcfee025a234c09266
evidence/github-first-dual-lane/updates/20260919T211933Z/reports/G0/checker-g2-applicability-cli-d9/results/required-install-excluded/evidence.json	dual-lane-evidence/G0/checker-g2-applicability-cli-d9/results/required-install-excluded/evidence.json	124166	6944fb7205971ef7faab240d2f8ddd9eb22cf82b13af26a72740e3e50a045537
evidence/github-first-dual-lane/updates/20260919T211933Z/reports/G0/checker-g2-applicability-cli-d9/results/required-install-excluded/manifest.json	dual-lane-evidence/G0/checker-g2-applicability-cli-d9/results/required-install-excluded/manifest.json	71288	2b0cf33216228df156c1f2a631b30099cb53823ae0f54acb32f4867881890a08
evidence/github-first-dual-lane/updates/20260919T211933Z/reports/G0/checker-g2-applicability-cli-d9/results/required-install-excluded/release.json	dual-lane-evidence/G0/checker-g2-applicability-cli-d9/results/required-install-excluded/release.json	2438	07ef160f177a03ffba806de62115298aad840259f3b1ca9e1fdd29671513aa1b
evidence/github-first-dual-lane/updates/20260919T211933Z/reports/G0/checker-g2-applicability-cli-d9/results/required-install-excluded/report.json	dual-lane-evidence/G0/checker-g2-applicability-cli-d9/results/required-install-excluded/report.json	316	76e14ea4a0342b2501519b7c42aded5c43beb099ea8518cab1aec304a184ac56
evidence/github-first-dual-lane/updates/20260919T211933Z/reports/G0/checker-g2-applicability-cli-d9/results/required-install-excluded/snapshot.json	dual-lane-evidence/G0/checker-g2-applicability-cli-d9/results/required-install-excluded/snapshot.json	89106	483230ddb9a0f8993be3e15ff3e8cbd333a8b1efcad837bcfee025a234c09266
evidence/github-first-dual-lane/updates/20260919T211933Z/reports/G0/checker-g2-applicability-cli-d9/results/required-install-na/evidence.json	dual-lane-evidence/G0/checker-g2-applicability-cli-d9/results/required-install-na/evidence.json	124169	2ca523e59a248ae2a861201c25b284d5af048745ad1e117486be2130f07edce1
evidence/github-first-dual-lane/updates/20260919T211933Z/reports/G0/checker-g2-applicability-cli-d9/results/required-install-na/manifest.json	dual-lane-evidence/G0/checker-g2-applicability-cli-d9/results/required-install-na/manifest.json	71288	2b0cf33216228df156c1f2a631b30099cb53823ae0f54acb32f4867881890a08
evidence/github-first-dual-lane/updates/20260919T211933Z/reports/G0/checker-g2-applicability-cli-d9/results/required-install-na/release.json	dual-lane-evidence/G0/checker-g2-applicability-cli-d9/results/required-install-na/release.json	2438	07ef160f177a03ffba806de62115298aad840259f3b1ca9e1fdd29671513aa1b
evidence/github-first-dual-lane/updates/20260919T211933Z/reports/G0/checker-g2-applicability-cli-d9/results/required-install-na/report.json	dual-lane-evidence/G0/checker-g2-applicability-cli-d9/results/required-install-na/report.json	316	76e14ea4a0342b2501519b7c42aded5c43beb099ea8518cab1aec304a184ac56
evidence/github-first-dual-lane/updates/20260919T211933Z/reports/G0/checker-g2-applicability-cli-d9/results/required-install-na/snapshot.json	dual-lane-evidence/G0/checker-g2-applicability-cli-d9/results/required-install-na/snapshot.json	89106	483230ddb9a0f8993be3e15ff3e8cbd333a8b1efcad837bcfee025a234c09266
evidence/github-first-dual-lane/updates/20260919T211933Z/reports/G0/checker-g2-applicability-cli-d9/results/required-missing-upgrade/evidence.json	dual-lane-evidence/G0/checker-g2-applicability-cli-d9/results/required-missing-upgrade/evidence.json	126673	b443447edabfef291fff869a0a40bc5e0aa13922b426fc788a12836c8a227945
evidence/github-first-dual-lane/updates/20260919T211933Z/reports/G0/checker-g2-applicability-cli-d9/results/required-missing-upgrade/manifest.json	dual-lane-evidence/G0/checker-g2-applicability-cli-d9/results/required-missing-upgrade/manifest.json	71288	2b0cf33216228df156c1f2a631b30099cb53823ae0f54acb32f4867881890a08
evidence/github-first-dual-lane/updates/20260919T211933Z/reports/G0/checker-g2-applicability-cli-d9/results/required-missing-upgrade/release.json	dual-lane-evidence/G0/checker-g2-applicability-cli-d9/results/required-missing-upgrade/release.json	2438	07ef160f177a03ffba806de62115298aad840259f3b1ca9e1fdd29671513aa1b
evidence/github-first-dual-lane/updates/20260919T211933Z/reports/G0/checker-g2-applicability-cli-d9/results/required-missing-upgrade/report.json	dual-lane-evidence/G0/checker-g2-applicability-cli-d9/results/required-missing-upgrade/report.json	536	4cc6b826dfbcab1dcd783004af37dd426e1bc867a930b38d1bf2bf7b8cc15814
evidence/github-first-dual-lane/updates/20260919T211933Z/reports/G0/checker-g2-applicability-cli-d9/results/required-missing-upgrade/snapshot.json	dual-lane-evidence/G0/checker-g2-applicability-cli-d9/results/required-missing-upgrade/snapshot.json	89106	483230ddb9a0f8993be3e15ff3e8cbd333a8b1efcad837bcfee025a234c09266
evidence/github-first-dual-lane/updates/20260919T211933Z/reports/G0/checker-g2-applicability-cli-d9/results/required-platform-mismatch/evidence.json	dual-lane-evidence/G0/checker-g2-applicability-cli-d9/results/required-platform-mismatch/evidence.json	127396	e009993968f88be061a50cf41d3d4dbdc6e34c599a72f5abbb13ba318e870556
evidence/github-first-dual-lane/updates/20260919T211933Z/reports/G0/checker-g2-applicability-cli-d9/results/required-platform-mismatch/manifest.json	dual-lane-evidence/G0/checker-g2-applicability-cli-d9/results/required-platform-mismatch/manifest.json	71288	2b0cf33216228df156c1f2a631b30099cb53823ae0f54acb32f4867881890a08
evidence/github-first-dual-lane/updates/20260919T211933Z/reports/G0/checker-g2-applicability-cli-d9/results/required-platform-mismatch/release.json	dual-lane-evidence/G0/checker-g2-applicability-cli-d9/results/required-platform-mismatch/release.json	2438	07ef160f177a03ffba806de62115298aad840259f3b1ca9e1fdd29671513aa1b
evidence/github-first-dual-lane/updates/20260919T211933Z/reports/G0/checker-g2-applicability-cli-d9/results/required-platform-mismatch/report.json	dual-lane-evidence/G0/checker-g2-applicability-cli-d9/results/required-platform-mismatch/report.json	331	eb2ce79407914bc4e78379d1eca0b04cd82896d13be285833e3ce3165f333306
evidence/github-first-dual-lane/updates/20260919T211933Z/reports/G0/checker-g2-applicability-cli-d9/results/required-platform-mismatch/snapshot.json	dual-lane-evidence/G0/checker-g2-applicability-cli-d9/results/required-platform-mismatch/snapshot.json	89106	483230ddb9a0f8993be3e15ff3e8cbd333a8b1efcad837bcfee025a234c09266
evidence/github-first-dual-lane/updates/20260919T211933Z/reports/G0/checker-g2-applicability-cli-d9/results/required-release-applicable/evidence.json	dual-lane-evidence/G0/checker-g2-applicability-cli-d9/results/required-release-applicable/evidence.json	127410	d80f9f11d524d53489f347d08b6159f5efd995af2742108fd27b540eb1be9a66
evidence/github-first-dual-lane/updates/20260919T211933Z/reports/G0/checker-g2-applicability-cli-d9/results/required-release-applicable/manifest.json	dual-lane-evidence/G0/checker-g2-applicability-cli-d9/results/required-release-applicable/manifest.json	71288	2b0cf33216228df156c1f2a631b30099cb53823ae0f54acb32f4867881890a08
evidence/github-first-dual-lane/updates/20260919T211933Z/reports/G0/checker-g2-applicability-cli-d9/results/required-release-applicable/release.json	dual-lane-evidence/G0/checker-g2-applicability-cli-d9/results/required-release-applicable/release.json	2438	07ef160f177a03ffba806de62115298aad840259f3b1ca9e1fdd29671513aa1b
evidence/github-first-dual-lane/updates/20260919T211933Z/reports/G0/checker-g2-applicability-cli-d9/results/required-release-applicable/report.json	dual-lane-evidence/G0/checker-g2-applicability-cli-d9/results/required-release-applicable/report.json	316	a6a0c96e1a0a576238903d217f4f62059210f69a8a714db60f49fcba461adcc2
evidence/github-first-dual-lane/updates/20260919T211933Z/reports/G0/checker-g2-applicability-cli-d9/results/required-release-applicable/snapshot.json	dual-lane-evidence/G0/checker-g2-applicability-cli-d9/results/required-release-applicable/snapshot.json	89106	483230ddb9a0f8993be3e15ff3e8cbd333a8b1efcad837bcfee025a234c09266
evidence/github-first-dual-lane/updates/20260919T211933Z/reports/G0/checker-g2-applicability-cli-d9/results/results.ndjson	dual-lane-evidence/G0/checker-g2-applicability-cli-d9/results/results.ndjson	940	3adae8544dd0b427ee412249641a44fcbb144b71acdab0702ba62b0a3f00cdab
evidence/github-first-dual-lane/updates/20260919T211933Z/reports/G0/checker-host-release-adversarial-cli-d9/g3-g4-fakehost-report.json	dual-lane-evidence/G0/checker-host-release-adversarial-cli-d9/g3-g4-fakehost-report.json	102	f7f733c34588c0a1620d1658c6ab237c286d6c08f03a1389bb4ebd5f63c46ece
evidence/github-first-dual-lane/updates/20260919T211933Z/reports/G0/checker-host-release-adversarial-cli-d9/g3-g5-fakehost-report.json	dual-lane-evidence/G0/checker-host-release-adversarial-cli-d9/g3-g5-fakehost-report.json	102	2d055a9b9428c2e6fe89a4f7b2f75d9514351128810e756fd3db53ae978a0539
evidence/github-first-dual-lane/updates/20260919T211933Z/reports/G0/checker-host-release-adversarial.md	dual-lane-evidence/G0/checker-host-release-adversarial.md	23479	70e4bac1aaea9c1c3299c118dcd2074179bc0ccac3be044f4daf9dff69a7e120
evidence/github-first-dual-lane/updates/20260919T211933Z/reports/G0/checker-v2-review/a613e041-g0-contract-review.md	dual-lane-evidence/G0/checker-v2-review/a613e041-g0-contract-review.md	15728	0d8d11855d7e9a33b53e7920733a14e0f50a18bda7b4422e8045539b064e4868
evidence/github-first-dual-lane/updates/20260919T211933Z/reports/G0/distribution-review/report.md	dual-lane-evidence/G0/distribution-review/report.md	50526	5d8bd6fafefbf6f52370a3800c263dd9015c80ee349517d33edbebcb609fe5a8
evidence/github-first-dual-lane/updates/20260919T211933Z/reports/G0/distribution/apt-discovery-review-exact-93efe18.md	dual-lane-evidence/G0/distribution/apt-discovery-review-exact-93efe18.md	11635	fbe168b16fc0d3b24b9118fa8f7d83709339770f7d03e6a66a9061499d6e6c43
evidence/github-first-dual-lane/updates/20260919T211933Z/reports/G0/distribution/apt-schema2-followup-4c4b7a7.md	dual-lane-evidence/G0/distribution/apt-schema2-followup-4c4b7a7.md	1686	5bdf88e0bedcd97a0b7b55d6d185d730381980b08d7a70edc0fc59af2243bafc
evidence/github-first-dual-lane/updates/20260919T211933Z/reports/G0/distribution/README.md	dual-lane-evidence/G0/distribution/README.md	1102	33a55238719ede557c960acd3dae7bcb2cd79bc4341b873e8a961df615e5027e
evidence/github-first-dual-lane/updates/20260919T211933Z/reports/G0/estate-scope-review/review-58bd26f.md	dual-lane-evidence/G0/estate-scope-review/review-58bd26f.md	6569	e787fd8f3d3125056001e6a64b5ae19a136893b3c2943f1f16c521e48b3e1b81
evidence/github-first-dual-lane/updates/20260919T211933Z/reports/G0/estate-scope-review/review-b09d5a76.md	dual-lane-evidence/G0/estate-scope-review/review-b09d5a76.md	3881	82b632ed16c29860feff5e801e5c881426e1971337dd460cc235c70efe7989cb
evidence/github-first-dual-lane/updates/20260919T211933Z/reports/G0/estate-scope-review/review-e5b475b8.md	dual-lane-evidence/G0/estate-scope-review/review-e5b475b8.md	5671	3178b995c5ce3d1e09693aa7999fc578e0f3a84c07bdbd5642250c5f992e2f5b
evidence/github-first-dual-lane/updates/20260919T211933Z/reports/G0/fleet-policy-lock-candidate-627.md	dual-lane-evidence/G0/fleet-policy-lock-candidate-627.md	3576	7b15a2bc3465077b69cbb4db700c52dc1d631cfd1b4910fdcd26427aafbfec03
evidence/github-first-dual-lane/updates/20260919T211933Z/reports/G0/fleet/check-contexts-full.json	dual-lane-evidence/G0/fleet/check-contexts-full.json	5778314	1a51f8a276c912c6f03f3bcb749d1f5845b52c0551cdff6254c8e90c0c78901e
evidence/github-first-dual-lane/updates/20260919T211933Z/reports/G0/fleet/check-contexts-review.json	dual-lane-evidence/G0/fleet/check-contexts-review.json	9515	6b6001aa3d6e3f35b7ce22de53d6624dc6e061d0d6c87646d137ba661fa595ef
evidence/github-first-dual-lane/updates/20260919T211933Z/reports/G0/fleet/check-contexts-review.md	dual-lane-evidence/G0/fleet/check-contexts-review.md	3837	3fe814c04273949ff54563046993d776b2118a36b090e35a7a2a4650d3fde725
evidence/github-first-dual-lane/updates/20260919T211933Z/reports/G0/fleet/collector-contract-gap.md	dual-lane-evidence/G0/fleet/collector-contract-gap.md	15169	186e6a1ed70bea2588df77f9566e4e56ad9a14b65e3654960aeebb738f45c071
evidence/github-first-dual-lane/updates/20260919T211933Z/reports/G0/fleet/dependencies-and-access.json	dual-lane-evidence/G0/fleet/dependencies-and-access.json	64340	f58da9d4ea2bc32ba8867cbb4897997bc48c6e4228a14ed4ec0710c056f67f60
evidence/github-first-dual-lane/updates/20260919T211933Z/reports/G0/fleet/scan-ownership-design-review.md	dual-lane-evidence/G0/fleet/scan-ownership-design-review.md	9124	25940dcce1e2d7dc9680c2f3417cea937de0b733286523f66c3b57e27ad662ca
evidence/github-first-dual-lane/updates/20260919T211933Z/reports/G0/lane-compare-review/review-3ad452acd.md	dual-lane-evidence/G0/lane-compare-review/review-3ad452acd.md	6952	b4e1abe4dc9062b25ea1c6e17011d70cac2cc1facbacb944f716e56a6f92bf91
evidence/github-first-dual-lane/updates/20260919T211933Z/reports/G0/lane-compare-review/review-627c36f5.md	dual-lane-evidence/G0/lane-compare-review/review-627c36f5.md	2992	2039325d5eec9180e16c60b2813333e28f601d42fc113212d5144074865c881a
evidence/github-first-dual-lane/updates/20260919T211933Z/reports/G0/native-review/review-pr957-25d87b20.md	dual-lane-evidence/G0/native-review/review-pr957-25d87b20.md	5083	28c63a27c2920b9bb80925e8daa7e75785cc2d703b5673093330d65b6cf3fd02
evidence/github-first-dual-lane/updates/20260919T211933Z/reports/G0/native-routing/report-d83b7e20.md	dual-lane-evidence/G0/native-routing/report-d83b7e20.md	10715	700ca3f717db2edad2c22f029db64b5d7c07db19e392d076a863eff422eed85f
evidence/github-first-dual-lane/updates/20260919T211933Z/reports/G0/records-contract-review/REPORT.md	dual-lane-evidence/G0/records-contract-review/REPORT.md	3467	121a95eab92ca579321a10d5dd63fe01ef363fa34f6a8320d7f703929093af23
evidence/github-first-dual-lane/updates/20260919T211933Z/reports/G0/records-contract-review/review.json	dual-lane-evidence/G0/records-contract-review/review.json	7122	3b0778397b8edb7cb1a8c9f9d55b569d156de26f925f457115e73e080fd20b70
evidence/github-first-dual-lane/updates/20260919T211933Z/reports/G0/rust-scan-review/d2395-review.md	dual-lane-evidence/G0/rust-scan-review/d2395-review.md	4707	6c52e5abbe4163ac34096b5280bc1fe4c37b3ef5d7685dec2022085e50254cfb
evidence/github-first-dual-lane/updates/20260919T211933Z/reports/G0/rust-scan-review/eca2460-review.md	dual-lane-evidence/G0/rust-scan-review/eca2460-review.md	4131	8b60d3c5935c1a971514008509c2e8fdc8ff97a7e0c44796e95f78fde0149c39
evidence/github-first-dual-lane/updates/20260919T211933Z/reports/G0/skills-adapter/implementation.md	dual-lane-evidence/G0/skills-adapter/implementation.md	4018	32ec9332749381f4e2b7bf03258d5b9008093bc16674cbd685e87b05c1c52723
evidence/github-first-dual-lane/updates/20260919T211933Z/reports/G0/skills-adapter/integration-map.md	dual-lane-evidence/G0/skills-adapter/integration-map.md	8594	43e76df86e48062235b85b9f366d8d19ea09caa31d9ace6981b64e9f404fd4f6
evidence/github-first-dual-lane/updates/20260919T211933Z/reports/G0/skills-review/review-2ec3502026a2461aa520f6da6ac0a3cef3f1a93d.md	dual-lane-evidence/G0/skills-review/review-2ec3502026a2461aa520f6da6ac0a3cef3f1a93d.md	5735	690d197c452034eece9e052e8cbad56479f4bfed8f36b4ecbdd68463ebcc7689
evidence/github-first-dual-lane/updates/20260919T211933Z/reports/G1/artifact-producer-binding-research-2026-09-20.md	dual-lane-evidence/G1/artifact-producer-binding-research-2026-09-20.md	10242	e30587f4e1acb8b47b006361af8a982b3c89da265bc698c018dda0696ea47c16
evidence/github-first-dual-lane/updates/20260919T211933Z/reports/G1/bootstrap-artifact-feasibility-2026-09-20.md	dual-lane-evidence/G1/bootstrap-artifact-feasibility-2026-09-20.md	6319	3316446c8ca5715c1d75b198a6884a26f8fdd769fbcd0a036db9a8a55685070e
evidence/github-first-dual-lane/updates/20260919T211933Z/reports/G1/bootstrap/isolation-design.md	dual-lane-evidence/G1/bootstrap/isolation-design.md	13259	d56b187098710e9609d91dd45632b622cc1991ebd063b9ba531a22fc74403963
evidence/github-first-dual-lane/updates/20260919T211933Z/reports/G1/bootstrap/sandbox-feasibility.md	dual-lane-evidence/G1/bootstrap/sandbox-feasibility.md	25606	dc672620cfd7eef7fbfc89c97591254e2f40e991d2927a40ded57db4c863c423
evidence/github-first-dual-lane/updates/20260919T211933Z/reports/G1/generated-recovery/MAIN-RECONCILIATION-2026-09-19.md	dual-lane-evidence/G1/generated-recovery/MAIN-RECONCILIATION-2026-09-19.md	3583	c8597b10b2979da831bf3a117096cab3760e448dfc8db8ac4c3a7ae17da29e2c
evidence/github-first-dual-lane/updates/20260919T211933Z/reports/G1/generated-recovery/PREGENERATION.md	dual-lane-evidence/G1/generated-recovery/PREGENERATION.md	1665	6c4c58e319277ff40acfbdb5bd8d1ebab1dcba2f4341f044145d0f06398ab7e8
evidence/github-first-dual-lane/updates/20260919T211933Z/reports/G1/generated-recovery/REPORT.md	dual-lane-evidence/G1/generated-recovery/REPORT.md	4805	616cb1f8e07ec5eb66f706bb8be8ee1daf7053d5b2d54e97ed585318f75daeb7
evidence/github-first-dual-lane/updates/20260919T211933Z/reports/G1/generated-recovery/review-955-15c8110.md	dual-lane-evidence/G1/generated-recovery/review-955-15c8110.md	6697	bf8988247c39892dae9fd39c970bada6ccf1fbbbd75e8f3e6fdf0f601f672606
evidence/github-first-dual-lane/updates/20260919T211933Z/reports/G1/generated-recovery/review-955.md	dual-lane-evidence/G1/generated-recovery/review-955.md	8055	9e496ba3e13f61fab7f136f17d221d6cc5cd0cbaa995a9e3fd2814544599b2c9
evidence/github-first-dual-lane/updates/20260919T211933Z/reports/G1/reviews/hosted-provider-9ae363b3.md	dual-lane-evidence/G1/reviews/hosted-provider-9ae363b3.md	4968	59bb142601d8013c11d1f01e3aa488cdc169b96e216cc291e3d6af77a4817b4e
evidence/github-first-dual-lane/updates/20260919T211933Z/reports/G1/reviews/hosted-provider-next-admission-fixture.md	dual-lane-evidence/G1/reviews/hosted-provider-next-admission-fixture.md	2848	2f5461c20d338538e8794f7a6dac1c5ff5a379a67c24dfbef64d182b55980e23
evidence/github-first-dual-lane/updates/20260919T211933Z/reports/G1/reviews/pr954-clippy-repair-09520d01.md	dual-lane-evidence/G1/reviews/pr954-clippy-repair-09520d01.md	4671	839141a4efe597c12a4464c051598713b3eb43365ddbdacbc5187e0e79e8eb26
evidence/github-first-dual-lane/updates/20260919T211933Z/reports/G1/scan-integrity/review2.md	dual-lane-evidence/G1/scan-integrity/review2.md	7403	f1d32be2d95063476a5402bc95abca2f3c6cc1c93e8a655d5b5ffae1d1d7a1fb
evidence/github-first-dual-lane/updates/20260919T211933Z/reports/G1/scan-integrity/structural-design-review-amended.md	dual-lane-evidence/G1/scan-integrity/structural-design-review-amended.md	10246	81e798fa791fc525bbdc955eca2236cc39f6f5e8fe05424773c2116171bd1289
evidence/github-first-dual-lane/updates/20260919T211933Z/reports/G1/scan-integrity/structural-design-review-bound.md	dual-lane-evidence/G1/scan-integrity/structural-design-review-bound.md	6572	f8c8c0ee27d23ac1dbd4c616b33907d1e8d0c14c90e9f4012f3f5476a61042bd
evidence/github-first-dual-lane/updates/20260919T211933Z/reports/G1/scan-integrity/structural-design-review-final.md	dual-lane-evidence/G1/scan-integrity/structural-design-review-final.md	4687	a56b209601b5a44c73587543446f310b4d7162255d803c0f841ef1baa092533d
evidence/github-first-dual-lane/updates/20260919T211933Z/reports/G1/scan-integrity/structural-design-review.md	dual-lane-evidence/G1/scan-integrity/structural-design-review.md	8052	2c148b245fe71489b71e51f53d40036048f7af2dc4f94ae4179376f69a9cb067
evidence/github-first-dual-lane/updates/20260919T211933Z/reports/G1/scan-integrity/structural-design.md	dual-lane-evidence/G1/scan-integrity/structural-design.md	32247	82b3d94b9de4d3b6b18953e5972e7aecd6aa315a3f78cfccedb40fe15c75109a
